ISO-10303-21;
HEADER;
FILE_DESCRIPTION (( 'STEP AP214' ),
    '1' );
FILE_NAME ('LidarCameraMountSlottedPlateV2.STEP',
    '2026-05-14T23:00:15',
    ( '' ),
    ( '' ),
    'SwSTEP 2.0',
    'SolidWorks 2025',
    '' );
FILE_SCHEMA (( 'AUTOMOTIVE_DESIGN' ));
ENDSEC;

DATA;
#1 = CARTESIAN_POINT ( 'NONE',  ( 54.94233088002695808, 6.000000000000000000, 73.66034450716033177 ) ) ;
#2 = FACE_OUTER_BOUND ( 'NONE', #1770, .T. ) ;
#3 = AXIS2_PLACEMENT_3D ( 'NONE', #1067, #214, #397 ) ;
#4 = CIRCLE ( 'NONE', #1080, 3.100000000000005418 ) ;
#5 = ORIENTED_EDGE ( 'NONE', *, *, #1495, .T. ) ;
#6 = ADVANCED_FACE ( 'NONE', ( #1252 ), #554, .F. ) ;
#7 = EDGE_LOOP ( 'NONE', ( #1560, #1794, #282, #958 ) ) ;
#8 = VECTOR ( 'NONE', #1593, 1000.000000000000000 ) ;
#9 = VECTOR ( 'NONE', #671, 1000.000000000000000 ) ;
#10 = ORIENTED_EDGE ( 'NONE', *, *, #1406, .T. ) ;
#11 = LINE ( 'NONE', #137, #1344 ) ;
#12 = EDGE_LOOP ( 'NONE', ( #877, #1221 ) ) ;
#13 = DIRECTION ( 'NONE',  ( -1.000000000000000000, 0.000000000000000000, 0.000000000000000000 ) ) ;
#14 = DIRECTION ( 'NONE',  ( -0.000000000000000000, -1.000000000000000000, -0.000000000000000000 ) ) ;
#15 = DIRECTION ( 'NONE',  ( -0.5000000000000002220, 0.000000000000000000, 0.8660254037844384856 ) ) ;
#16 = ORIENTED_EDGE ( 'NONE', *, *, #1273, .F. ) ;
#17 = ORIENTED_EDGE ( 'NONE', *, *, #426, .F. ) ;
#18 = EDGE_CURVE ( 'NONE', #651, #1069, #439, .T. ) ;
#19 = CARTESIAN_POINT ( 'NONE',  ( -44.74999999999995737, 0.000000000000000000, 73.66034450716033177 ) ) ;
#20 = LINE ( 'NONE', #286, #1340 ) ;
#21 = DIRECTION ( 'NONE',  ( 0.000000000000000000, 1.000000000000000000, 0.000000000000000000 ) ) ;
#22 = DIRECTION ( 'NONE',  ( 0.000000000000000000, 1.000000000000000000, 0.000000000000000000 ) ) ;
#23 = PLANE ( 'NONE',  #380 ) ;
#24 = FACE_OUTER_BOUND ( 'NONE', #1068, .T. ) ;
#25 = ORIENTED_EDGE ( 'NONE', *, *, #117, .F. ) ;
#26 = CARTESIAN_POINT ( 'NONE',  ( -51.99784450715485207, 6.000000000000000000, -2.835344507154378579 ) ) ;
#27 = ORIENTED_EDGE ( 'NONE', *, *, #360, .T. ) ;
#28 = CARTESIAN_POINT ( 'NONE',  ( -54.94233088002537357, -1.200000000000000030E-05, 73.66034450715801540 ) ) ;
#29 = ADVANCED_FACE ( 'NONE', ( #24 ), #1550, .T. ) ;
#30 = CARTESIAN_POINT ( 'NONE',  ( -54.94233088002537357, 0.000000000000000000, 73.66034450715801540 ) ) ;
#31 = LINE ( 'NONE', #571, #435 ) ;
#32 = CARTESIAN_POINT ( 'NONE',  ( 2.650000000000046985, 10.72187499999997762, -15.23749999999238192 ) ) ;
#33 = VECTOR ( 'NONE', #36, 1000.000000000000000 ) ;
#34 = ORIENTED_EDGE ( 'NONE', *, *, #848, .T. ) ;
#35 = AXIS2_PLACEMENT_3D ( 'NONE', #1070, #637, #1763 ) ;
#36 = DIRECTION ( 'NONE',  ( 0.4999999999999997224, 0.000000000000000000, 0.8660254037844388186 ) ) ;
#37 = VECTOR ( 'NONE', #944, 1000.000000000000000 ) ;
#38 = ORIENTED_EDGE ( 'NONE', *, *, #342, .T. ) ;
#39 = CARTESIAN_POINT ( 'NONE',  ( -44.74999999999995737, 16.00000000000000000, 7.512500000000018829 ) ) ;
#40 = EDGE_CURVE ( 'NONE', #1208, #1127, #421, .T. ) ;
#41 = LINE ( 'NONE', #279, #1166 ) ;
#42 = ADVANCED_FACE ( 'NONE', ( #583 ), #987, .T. ) ;
#43 = EDGE_CURVE ( 'NONE', #673, #1000, #1776, .T. ) ;
#44 = DIRECTION ( 'NONE',  ( 0.000000000000000000, 0.000000000000000000, -1.000000000000000000 ) ) ;
#45 = EDGE_LOOP ( 'NONE', ( #283, #628, #838, #114 ) ) ;
#46 = LINE ( 'NONE', #708, #1750 ) ;
#47 = ORIENTED_EDGE ( 'NONE', *, *, #926, .T. ) ;
#48 = CARTESIAN_POINT ( 'NONE',  ( 0.000000000000000000, 6.000000000000000000, 0.000000000000000000 ) ) ;
#49 = ORIENTED_EDGE ( 'NONE', *, *, #333, .T. ) ;
#50 = CARTESIAN_POINT ( 'NONE',  ( -51.99784450715829109, 16.00000000000000000, 78.76034450715800972 ) ) ;
#51 = PLANE ( 'NONE',  #1688 ) ;
#52 = ADVANCED_FACE ( 'NONE', ( #1565 ), #281, .T. ) ;
#53 = ORIENTED_EDGE ( 'NONE', *, *, #1190, .F. ) ;
#54 = LINE ( 'NONE', #1182, #88 ) ;
#55 = CARTESIAN_POINT ( 'NONE',  ( -62.49999999998915712, 0.000000000000000000, 7.512500000000020606 ) ) ;
#56 = DIRECTION ( 'NONE',  ( -0.000000000000000000, -1.000000000000000000, -0.000000000000000000 ) ) ;
#57 = DIRECTION ( 'NONE',  ( 0.000000000000000000, 0.000000000000000000, -1.000000000000000000 ) ) ;
#58 = EDGE_CURVE ( 'NONE', #847, #1060, #895, .T. ) ;
#59 = EDGE_CURVE ( 'NONE', #1228, #1347, #631, .T. ) ;
#60 = EDGE_LOOP ( 'NONE', ( #891, #541 ) ) ;
#61 = VECTOR ( 'NONE', #748, 1000.000000000000000 ) ;
#62 = CARTESIAN_POINT ( 'NONE',  ( 62.49999999999366906, 16.00000000000000000, 7.512500000000019718 ) ) ;
#63 = AXIS2_PLACEMENT_3D ( 'NONE', #1245, #1204, #1338 ) ;
#64 = AXIS2_PLACEMENT_3D ( 'NONE', #1556, #1129, #1547 ) ;
#65 = DIRECTION ( 'NONE',  ( -2.310380316608217503E-14, 0.000000000000000000, -1.000000000000000000 ) ) ;
#66 = VECTOR ( 'NONE', #1283, 1000.000000000000114 ) ;
#67 = CARTESIAN_POINT ( 'NONE',  ( -51.99784450715485207, 6.000000000000000000, 3.364655492845611828 ) ) ;
#68 = CARTESIAN_POINT ( 'NONE',  ( 44.75000000000004263, 16.00000000000000000, 7.512500000000018829 ) ) ;
#69 = ORIENTED_EDGE ( 'NONE', *, *, #1673, .T. ) ;
#70 = CARTESIAN_POINT ( 'NONE',  ( 44.75000000000004263, 16.00000000000000000, 7.512500000000018829 ) ) ;
#71 = EDGE_CURVE ( 'NONE', #1032, #573, #1023, .T. ) ;
#72 = CYLINDRICAL_SURFACE ( 'NONE', #607, 3.099999999999995204 ) ;
#73 = ADVANCED_BREP_SHAPE_REPRESENTATION ( 'LidarCameraMountSlottedPlateV2', ( #1223, #606 ), #1397 ) ;
#74 = CYLINDRICAL_SURFACE ( 'NONE', #894, 2.949999999989322941 ) ;
#75 = ORIENTED_EDGE ( 'NONE', *, *, #1706, .T. ) ;
#76 = ORIENTED_EDGE ( 'NONE', *, *, #566, .T. ) ;
#77 = PLANE ( 'NONE',  #1083 ) ;
#78 = CARTESIAN_POINT ( 'NONE',  ( -46.10887176142067290, 6.000000000000000000, 0.2646554928456140154 ) ) ;
#79 = EDGE_CURVE ( 'NONE', #1060, #1795, #1300, .T. ) ;
#80 = ORIENTED_EDGE ( 'NONE', *, *, #1194, .F. ) ;
#81 = DIRECTION ( 'NONE',  ( -1.550409106654271656E-14, 0.000000000000000000, -1.000000000000000000 ) ) ;
#82 = CYLINDRICAL_SURFACE ( 'NONE', #1740, 3.100000000000005418 ) ;
#83 = PLANE ( 'NONE',  #730 ) ;
#84 = ORIENTED_EDGE ( 'NONE', *, *, #1772, .F. ) ;
#85 = ORIENTED_EDGE ( 'NONE', *, *, #1363, .F. ) ;
#86 = CARTESIAN_POINT ( 'NONE',  ( 49.05335813429275760, 6.000000000000000000, 83.86034450716040567 ) ) ;
#87 =( LENGTH_UNIT ( ) NAMED_UNIT ( * ) SI_UNIT ( .MILLI., .METRE. ) );
#88 = VECTOR ( 'NONE', #163, 1000.000000000000000 ) ;
#89 = AXIS2_PLACEMENT_3D ( 'NONE', #863, #165, #298 ) ;
#90 = ORIENTED_EDGE ( 'NONE', *, *, #369, .F. ) ;
#91 = FACE_OUTER_BOUND ( 'NONE', #45, .T. ) ;
#92 = CIRCLE ( 'NONE', #702, 3.099999999999991651 ) ;
#93 = LINE ( 'NONE', #1066, #1778 ) ;
#94 = EDGE_CURVE ( 'NONE', #1147, #1032, #749, .T. ) ;
#95 = DIRECTION ( 'NONE',  ( 1.550409106654271656E-14, 0.000000000000000000, 1.000000000000000000 ) ) ;
#96 = ORIENTED_EDGE ( 'NONE', *, *, #1571, .T. ) ;
#97 = VERTEX_POINT ( 'NONE', #743 ) ;
#98 = DIRECTION ( 'NONE',  ( 5.814715561933432710E-17, -0.000000000000000000, 1.000000000000000000 ) ) ;
#99 = DIRECTION ( 'NONE',  ( 0.000000000000000000, -1.000000000000000000, 0.000000000000000000 ) ) ;
#100 = EDGE_LOOP ( 'NONE', ( #786, #946, #406, #1198 ) ) ;
#101 = DIRECTION ( 'NONE',  ( 0.000000000000000000, -0.000000000000000000, -1.000000000000000000 ) ) ;
#102 = CARTESIAN_POINT ( 'NONE',  ( 51.99784450715556261, 16.00000000000000000, 0.2646554928444908583 ) ) ;
#103 = DIRECTION ( 'NONE',  ( -0.000000000000000000, -1.000000000000000000, -0.000000000000000000 ) ) ;
#104 = ORIENTED_EDGE ( 'NONE', *, *, #278, .F. ) ;
#105 = EDGE_CURVE ( 'NONE', #1738, #389, #1575, .T. ) ;
#106 = ORIENTED_EDGE ( 'NONE', *, *, #1071, .T. ) ;
#107 = LINE ( 'NONE', #1230, #964 ) ;
#108 = LINE ( 'NONE', #659, #1601 ) ;
#109 = ORIENTED_EDGE ( 'NONE', *, *, #1458, .T. ) ;
#110 = CARTESIAN_POINT ( 'NONE',  ( 47.69999999997602913, 16.00000000000000000, 71.51250000000000284 ) ) ;
#111 = CARTESIAN_POINT ( 'NONE',  ( -54.94233088002194165, 6.000000000000000000, -4.835344507154399452 ) ) ;
#112 = CARTESIAN_POINT ( 'NONE',  ( -44.74999999999995737, 0.000000000000000000, 5.364655492845621154 ) ) ;
#113 = ORIENTED_EDGE ( 'NONE', *, *, #475, .F. ) ;
#114 = ORIENTED_EDGE ( 'NONE', *, *, #1288, .F. ) ;
#115 = ADVANCED_FACE ( 'NONE', ( #1729 ), #74, .F. ) ;
#116 = CARTESIAN_POINT ( 'NONE',  ( 47.69999999997602913, 0.000000000000000000, 71.51250000000000284 ) ) ;
#117 = EDGE_CURVE ( 'NONE', #651, #1653, #318, .T. ) ;
#118 = DIRECTION ( 'NONE',  ( 0.000000000000000000, 1.000000000000000000, 0.000000000000000000 ) ) ;
#119 = ORIENTED_EDGE ( 'NONE', *, *, #591, .T. ) ;
#120 = CARTESIAN_POINT ( 'NONE',  ( 0.000000000000000000, 6.000000000000000000, 0.000000000000000000 ) ) ;
#121 = VECTOR ( 'NONE', #203, 1000.000000000000114 ) ;
#122 = DIRECTION ( 'NONE',  ( -1.000000000000000000, 0.000000000000000000, 0.000000000000000000 ) ) ;
#123 = AXIS2_PLACEMENT_3D ( 'NONE', #1093, #490, #511 ) ;
#124 = AXIS2_PLACEMENT_3D ( 'NONE', #217, #98, #649 ) ;
#125 = FACE_OUTER_BOUND ( 'NONE', #1039, .T. ) ;
#126 = ORIENTED_EDGE ( 'NONE', *, *, #869, .F. ) ;
#127 = ORIENTED_EDGE ( 'NONE', *, *, #1207, .T. ) ;
#128 = VECTOR ( 'NONE', #1460, 1000.000000000000000 ) ;
#129 = FACE_BOUND ( 'NONE', #1042, .T. ) ;
#130 = VERTEX_POINT ( 'NONE', #1037 ) ;
#131 = DIRECTION ( 'NONE',  ( -0.8660254037844385966, 0.000000000000000000, -0.5000000000000003331 ) ) ;
#132 = ADVANCED_FACE ( 'NONE', ( #1312 ), #82, .F. ) ;
#133 = CARTESIAN_POINT ( 'NONE',  ( 49.05335813428845881, 6.000000000000000000, -4.835344507155531879 ) ) ;
#134 = CARTESIAN_POINT ( 'NONE',  ( 49.05335813428845881, -1.200000000000000030E-05, -4.835344507155531879 ) ) ;
#135 = ORIENTED_EDGE ( 'NONE', *, *, #1790, .T. ) ;
#136 = VERTEX_POINT ( 'NONE', #67 ) ;
#137 = CARTESIAN_POINT ( 'NONE',  ( -49.05335813429119440, -1.200000000000000030E-05, 83.86034450715800403 ) ) ;
#138 = DIRECTION ( 'NONE',  ( -1.000000000000000000, 0.000000000000000000, -0.000000000000000000 ) ) ;
#139 = EDGE_CURVE ( 'NONE', #1265, #1294, #1168, .T. ) ;
#140 = CARTESIAN_POINT ( 'NONE',  ( 51.99784450715556261, 16.00000000000000000, 3.364655492844486062 ) ) ;
#141 = ADVANCED_FACE ( 'NONE', ( #1747 ), #1721, .T. ) ;
#142 = ORIENTED_EDGE ( 'NONE', *, *, #939, .F. ) ;
#143 = ORIENTED_EDGE ( 'NONE', *, *, #1454, .T. ) ;
#144 = LINE ( 'NONE', #691, #179 ) ;
#145 = ORIENTED_EDGE ( 'NONE', *, *, #1315, .F. ) ;
#146 = CARTESIAN_POINT ( 'NONE',  ( 57.88681725288974889, -1.200000000000000030E-05, 0.2646554928444847521 ) ) ;
#147 = CARTESIAN_POINT ( 'NONE',  ( -62.49999999999514699, 0.000000000000000000, 71.51250000000000284 ) ) ;
#148 = AXIS2_PLACEMENT_3D ( 'NONE', #1117, #448, #1412 ) ;
#149 = DIRECTION ( 'NONE',  ( 0.000000000000000000, 1.000000000000000000, 0.000000000000000000 ) ) ;
#150 = AXIS2_PLACEMENT_3D ( 'NONE', #998, #1658, #265 ) ;
#151 = VECTOR ( 'NONE', #1733, 1000.000000000000000 ) ;
#152 = ORIENTED_EDGE ( 'NONE', *, *, #1456, .T. ) ;
#153 = EDGE_CURVE ( 'NONE', #1208, #430, #633, .T. ) ;
#154 = VECTOR ( 'NONE', #803, 1000.000000000000114 ) ;
#155 = CIRCLE ( 'NONE', #524, 17.74999999998849631 ) ;
#156 = DIRECTION ( 'NONE',  ( -0.4999999999999994449, 0.000000000000000000, 0.8660254037844389297 ) ) ;
#157 = ORIENTED_EDGE ( 'NONE', *, *, #1506, .F. ) ;
#158 = CARTESIAN_POINT ( 'NONE',  ( 46.10887176142135502, -3.308722450212110699E-21, 0.2646554928444917465 ) ) ;
#159 = DIRECTION ( 'NONE',  ( 1.402957611196242990E-13, 0.000000000000000000, -1.000000000000000000 ) ) ;
#160 = ORIENTED_EDGE ( 'NONE', *, *, #1048, .T. ) ;
#161 = ADVANCED_FACE ( 'NONE', ( #335 ), #470, .F. ) ;
#162 = EDGE_LOOP ( 'NONE', ( #852, #536, #769, #1152, #1184, #975, #1650, #80 ) ) ;
#163 = DIRECTION ( 'NONE',  ( 0.000000000000000000, -1.000000000000000000, 0.000000000000000000 ) ) ;
#164 = CARTESIAN_POINT ( 'NONE',  ( -44.74999999999995737, 16.00000000000000000, 74.46249999999623981 ) ) ;
#165 = DIRECTION ( 'NONE',  ( 0.000000000000000000, -1.000000000000000000, 0.000000000000000000 ) ) ;
#166 = EDGE_LOOP ( 'NONE', ( #152, #357, #1342, #930, #1010, #206 ) ) ;
#167 = ORIENTED_EDGE ( 'NONE', *, *, #1363, .T. ) ;
#168 = ADVANCED_FACE ( 'NONE', ( #738, #186 ), #51, .T. ) ;
#169 = DIRECTION ( 'NONE',  ( -0.4999999999999990563, 0.000000000000000000, -0.8660254037844391517 ) ) ;
#170 = ORIENTED_EDGE ( 'NONE', *, *, #888, .T. ) ;
#171 = LINE ( 'NONE', #55, #292 ) ;
#172 = EDGE_CURVE ( 'NONE', #176, #635, #1161, .T. ) ;
#173 = PLANE ( 'NONE',  #1448 ) ;
#174 = ORIENTED_EDGE ( 'NONE', *, *, #600, .T. ) ;
#175 = VECTOR ( 'NONE', #1573, 1000.000000000000114 ) ;
#176 = VERTEX_POINT ( 'NONE', #354 ) ;
#177 = VECTOR ( 'NONE', #1775, 1000.000000000000000 ) ;
#178 = PLANE ( 'NONE',  #698 ) ;
#179 = VECTOR ( 'NONE', #392, 1000.000000000000000 ) ;
#180 = EDGE_LOOP ( 'NONE', ( #1327, #268, #719, #1487 ) ) ;
#181 = CARTESIAN_POINT ( 'NONE',  ( -62.49999999998915712, 16.00000000000000000, 7.512500000000020606 ) ) ;
#182 = VECTOR ( 'NONE', #15, 1000.000000000000114 ) ;
#183 = EDGE_CURVE ( 'NONE', #1202, #924, #438, .T. ) ;
#184 = ORIENTED_EDGE ( 'NONE', *, *, #288, .F. ) ;
#185 = DIRECTION ( 'NONE',  ( 0.000000000000000000, 0.000000000000000000, -1.000000000000000000 ) ) ;
#186 = FACE_BOUND ( 'NONE', #1492, .T. ) ;
#187 = ORIENTED_EDGE ( 'NONE', *, *, #857, .F. ) ;
#188 = DIRECTION ( 'NONE',  ( 0.000000000000000000, 0.000000000000000000, -1.000000000000000000 ) ) ;
#189 = DIRECTION ( 'NONE',  ( -0.4999999999999990563, 0.000000000000000000, -0.8660254037844391517 ) ) ;
#190 = CARTESIAN_POINT ( 'NONE',  ( 46.10887176142563959, -1.200000000000000030E-05, 78.76034450716035451 ) ) ;
#191 = EDGE_CURVE ( 'NONE', #634, #1234, #4, .T. ) ;
#192 = DIRECTION ( 'NONE',  ( 0.000000000000000000, -1.000000000000000000, 0.000000000000000000 ) ) ;
#193 = EDGE_LOOP ( 'NONE', ( #75, #1211, #1038, #704 ) ) ;
#194 = DIRECTION ( 'NONE',  ( 0.000000000000000000, 0.000000000000000000, -1.000000000000000000 ) ) ;
#195 = FACE_OUTER_BOUND ( 'NONE', #180, .T. ) ;
#196 = CARTESIAN_POINT ( 'NONE',  ( -51.99784450715829109, 16.00000000000000000, 78.76034450715800972 ) ) ;
#197 = ADVANCED_FACE ( 'NONE', ( #539 ), #1472, .F. ) ;
#198 = ORIENTED_EDGE ( 'NONE', *, *, #1253, .F. ) ;
#199 = DIRECTION ( 'NONE',  ( -0.000000000000000000, -1.000000000000000000, -0.000000000000000000 ) ) ;
#200 = AXIS2_PLACEMENT_3D ( 'NONE', #1309, #736, #1434 ) ;
#201 = AXIS2_PLACEMENT_3D ( 'NONE', #120, #1480, #101 ) ;
#202 = VERTEX_POINT ( 'NONE', #525 ) ;
#203 = DIRECTION ( 'NONE',  ( 0.4999999999999999445, 0.000000000000000000, 0.8660254037844385966 ) ) ;
#204 = CIRCLE ( 'NONE', #1574, 3.099999999999991651 ) ;
#205 = DIRECTION ( 'NONE',  ( -0.4999999999999998335, 0.000000000000000000, 0.8660254037844387076 ) ) ;
#206 = ORIENTED_EDGE ( 'NONE', *, *, #105, .T. ) ;
#207 = ORIENTED_EDGE ( 'NONE', *, *, #71, .F. ) ;
#208 = ADVANCED_FACE ( 'NONE', ( #243 ), #940, .T. ) ;
#209 = DIRECTION ( 'NONE',  ( 1.000000000000000000, 0.000000000000000000, -7.822620957706735831E-14 ) ) ;
#210 = CARTESIAN_POINT ( 'NONE',  ( 51.99784450715556261, 6.000000000000000000, -2.835344507155504346 ) ) ;
#211 = EDGE_LOOP ( 'NONE', ( #1271, #1803, #1428, #84, #455, #1177, #312, #688 ) ) ;
#212 = DIRECTION ( 'NONE',  ( -1.919631430846290664E-13, 0.000000000000000000, -1.000000000000000000 ) ) ;
#213 = DIRECTION ( 'NONE',  ( 0.000000000000000000, 0.000000000000000000, 1.000000000000000000 ) ) ;
#214 = DIRECTION ( 'NONE',  ( 1.000000000000000000, -0.000000000000000000, 1.098296800727816244E-13 ) ) ;
#215 = ORIENTED_EDGE ( 'NONE', *, *, #1606, .F. ) ;
#216 = ORIENTED_EDGE ( 'NONE', *, *, #1071, .F. ) ;
#217 = CARTESIAN_POINT ( 'NONE',  ( 4.735177245084760526E-14, 10.72187499999997762, -10.23749999998968185 ) ) ;
#218 = DIRECTION ( 'NONE',  ( 0.000000000000000000, 0.000000000000000000, 1.000000000000000000 ) ) ;
#219 = ORIENTED_EDGE ( 'NONE', *, *, #645, .F. ) ;
#220 = FACE_BOUND ( 'NONE', #444, .T. ) ;
#221 = ADVANCED_FACE ( 'NONE', ( #395 ), #235, .F. ) ;
#222 = DIRECTION ( 'NONE',  ( -0.000000000000000000, -1.000000000000000000, -0.000000000000000000 ) ) ;
#223 = DIRECTION ( 'NONE',  ( -0.4999999999999990563, 0.000000000000000000, -0.8660254037844391517 ) ) ;
#224 = ORIENTED_EDGE ( 'NONE', *, *, #705, .F. ) ;
#225 = VERTEX_POINT ( 'NONE', #1758 ) ;
#226 = LINE ( 'NONE', #1608, #902 ) ;
#227 = DIRECTION ( 'NONE',  ( 0.000000000000000000, 1.000000000000000000, 0.000000000000000000 ) ) ;
#228 = VECTOR ( 'NONE', #447, 1000.000000000000000 ) ;
#229 = VECTOR ( 'NONE', #21, 1000.000000000000000 ) ;
#230 = VERTEX_POINT ( 'NONE', #373 ) ;
#231 = CARTESIAN_POINT ( 'NONE',  ( 51.99784450715986139, 6.000000000000000000, 81.86034450716036304 ) ) ;
#232 = AXIS2_PLACEMENT_3D ( 'NONE', #1096, #259, #1057 ) ;
#233 = EDGE_CURVE ( 'NONE', #1069, #1122, #927, .T. ) ;
#234 = VECTOR ( 'NONE', #772, 1000.000000000000114 ) ;
#235 = CYLINDRICAL_SURFACE ( 'NONE', #750, 3.099999999999995204 ) ;
#236 = DIRECTION ( 'NONE',  ( 0.000000000000000000, 0.000000000000000000, -1.000000000000000000 ) ) ;
#237 = ORIENTED_EDGE ( 'NONE', *, *, #416, .F. ) ;
#238 = EDGE_LOOP ( 'NONE', ( #625, #69, #198, #1501 ) ) ;
#239 = DIRECTION ( 'NONE',  ( 0.4999999999999997224, -0.000000000000000000, 0.8660254037844388186 ) ) ;
#240 = DIRECTION ( 'NONE',  ( 0.000000000000000000, -1.000000000000000000, 0.000000000000000000 ) ) ;
#241 = VERTEX_POINT ( 'NONE', #643 ) ;
#242 = LINE ( 'NONE', #110, #1258 ) ;
#243 = FACE_OUTER_BOUND ( 'NONE', #1092, .T. ) ;
#244 = ADVANCED_FACE ( 'NONE', ( #365 ), #796, .F. ) ;
#245 = EDGE_CURVE ( 'NONE', #815, #1579, #788, .T. ) ;
#246 = DIRECTION ( 'NONE',  ( 0.000000000000000000, 1.000000000000000000, 0.000000000000000000 ) ) ;
#247 = EDGE_LOOP ( 'NONE', ( #49, #119 ) ) ;
#248 = ORIENTED_EDGE ( 'NONE', *, *, #1016, .F. ) ;
#249 = DIRECTION ( 'NONE',  ( -7.826607146362401544E-14, -0.000000000000000000, -1.000000000000000000 ) ) ;
#250 = DIRECTION ( 'NONE',  ( -0.8660254037844390407, 0.000000000000000000, -0.4999999999999995004 ) ) ;
#251 = ORIENTED_EDGE ( 'NONE', *, *, #657, .T. ) ;
#252 = CARTESIAN_POINT ( 'NONE',  ( -57.88681725289247026, -3.308722450212110699E-21, 78.76034450715802393 ) ) ;
#253 = PLANE ( 'NONE',  #1047 ) ;
#254 = CARTESIAN_POINT ( 'NONE',  ( 47.69999999997602913, 16.00000000000000000, 71.51250000000000284 ) ) ;
#255 = EDGE_LOOP ( 'NONE', ( #1051, #1470 ) ) ;
#256 = ORIENTED_EDGE ( 'NONE', *, *, #1153, .F. ) ;
#257 = EDGE_CURVE ( 'NONE', #989, #383, #1543, .T. ) ;
#258 = DIRECTION ( 'NONE',  ( 0.000000000000000000, 0.000000000000000000, -1.000000000000000000 ) ) ;
#259 = DIRECTION ( 'NONE',  ( 0.000000000000000000, 0.000000000000000000, 1.000000000000000000 ) ) ;
#260 = AXIS2_PLACEMENT_3D ( 'NONE', #562, #1125, #289 ) ;
#261 = AXIS2_PLACEMENT_3D ( 'NONE', #550, #1411, #1131 ) ;
#262 = FACE_OUTER_BOUND ( 'NONE', #211, .T. ) ;
#263 = VECTOR ( 'NONE', #1323, 1000.000000000000000 ) ;
#264 = VECTOR ( 'NONE', #640, 1000.000000000000000 ) ;
#265 = DIRECTION ( 'NONE',  ( 0.000000000000000000, 0.000000000000000000, -1.000000000000000000 ) ) ;
#266 = VERTEX_POINT ( 'NONE', #133 ) ;
#267 = CIRCLE ( 'NONE', #968, 2.649999999999999467 ) ;
#268 = ORIENTED_EDGE ( 'NONE', *, *, #1130, .T. ) ;
#269 = EDGE_CURVE ( 'NONE', #1605, #429, #93, .T. ) ;
#270 = CYLINDRICAL_SURFACE ( 'NONE', #903, 2.949999999985664534 ) ;
#271 = DIRECTION ( 'NONE',  ( -0.5000000000000002220, 0.000000000000000000, 0.8660254037844384856 ) ) ;
#272 = CARTESIAN_POINT ( 'NONE',  ( -44.74999999999995737, 0.000000000000000000, 7.512500000000018829 ) ) ;
#273 = EDGE_LOOP ( 'NONE', ( #478, #16, #1052, #735, #1149, #187 ) ) ;
#274 = VERTEX_POINT ( 'NONE', #111 ) ;
#275 = ORIENTED_EDGE ( 'NONE', *, *, #591, .F. ) ;
#276 = FACE_OUTER_BOUND ( 'NONE', #1216, .T. ) ;
#277 = LINE ( 'NONE', #1243, #411 ) ;
#278 = EDGE_CURVE ( 'NONE', #1516, #97, #1349, .T. ) ;
#279 = CARTESIAN_POINT ( 'NONE',  ( -44.74999999999995737, 0.000000000000000000, 89.26249999999416218 ) ) ;
#280 = LINE ( 'NONE', #1279, #1020 ) ;
#281 = PLANE ( 'NONE',  #1044 ) ;
#282 = ORIENTED_EDGE ( 'NONE', *, *, #1007, .F. ) ;
#283 = ORIENTED_EDGE ( 'NONE', *, *, #369, .T. ) ;
#284 = LINE ( 'NONE', #1399, #1746 ) ;
#285 = VERTEX_POINT ( 'NONE', #1075 ) ;
#286 = CARTESIAN_POINT ( 'NONE',  ( -47.69999999998928075, 16.00000000000000000, 7.512500000000018829 ) ) ;
#287 = CARTESIAN_POINT ( 'NONE',  ( -47.69999999998928075, 0.000000000000000000, 7.512500000000018829 ) ) ;
#288 = EDGE_CURVE ( 'NONE', #831, #504, #1777, .T. ) ;
#289 = DIRECTION ( 'NONE',  ( 0.000000000000000000, 0.000000000000000000, -1.000000000000000000 ) ) ;
#290 = VECTOR ( 'NONE', #1711, 1000.000000000000000 ) ;
#291 = DIRECTION ( 'NONE',  ( -0.8660254037844390407, 0.000000000000000000, 0.4999999999999995004 ) ) ;
#292 = VECTOR ( 'NONE', #722, 1000.000000000000000 ) ;
#293 = AXIS2_PLACEMENT_3D ( 'NONE', #68, #311, #303 ) ;
#294 = ORIENTED_EDGE ( 'NONE', *, *, #257, .T. ) ;
#295 = LINE ( 'NONE', #1275, #1226 ) ;
#296 = VERTEX_POINT ( 'NONE', #1224 ) ;
#297 = FACE_OUTER_BOUND ( 'NONE', #695, .T. ) ;
#298 = DIRECTION ( 'NONE',  ( 0.000000000000000000, 0.000000000000000000, -1.000000000000000000 ) ) ;
#299 = FACE_OUTER_BOUND ( 'NONE', #343, .T. ) ;
#300 = EDGE_LOOP ( 'NONE', ( #1583, #1241, #568, #126 ) ) ;
#301 = ADVANCED_FACE ( 'NONE', ( #1641 ), #253, .T. ) ;
#302 = ADVANCED_FACE ( 'NONE', ( #1791, #532, #262, #1097, #1647, #402 ), #410, .F. ) ;
#303 = DIRECTION ( 'NONE',  ( 0.000000000000000000, 0.000000000000000000, 1.000000000000000000 ) ) ;
#304 = ORIENTED_EDGE ( 'NONE', *, *, #566, .F. ) ;
#305 = DIRECTION ( 'NONE',  ( 0.000000000000000000, 0.000000000000000000, -1.000000000000000000 ) ) ;
#306 = ORIENTED_EDGE ( 'NONE', *, *, #1098, .T. ) ;
#307 = CARTESIAN_POINT ( 'NONE',  ( -44.74999999999995737, 16.00000000000000000, 4.562500000010695445 ) ) ;
#308 = CARTESIAN_POINT ( 'NONE',  ( -2.649999999999952394, 10.72187499999997762, -10.23749999998968185 ) ) ;
#309 = ORIENTED_EDGE ( 'NONE', *, *, #1315, .T. ) ;
#310 = UNCERTAINTY_MEASURE_WITH_UNIT (LENGTH_MEASURE( 1.000000000000000082E-05 ), #819, 'distance_accuracy_value', 'NONE');
#311 = DIRECTION ( 'NONE',  ( 0.000000000000000000, 1.000000000000000000, 0.000000000000000000 ) ) ;
#312 = ORIENTED_EDGE ( 'NONE', *, *, #773, .F. ) ;
#313 = ADVANCED_FACE ( 'NONE', ( #1278 ), #173, .T. ) ;
#314 = DIRECTION ( 'NONE',  ( 1.000000000000000000, 0.000000000000000000, 0.000000000000000000 ) ) ;
#315 = VERTEX_POINT ( 'NONE', #710 ) ;
#316 = DIRECTION ( 'NONE',  ( 0.000000000000000000, -0.000000000000000000, -1.000000000000000000 ) ) ;
#317 = DIRECTION ( 'NONE',  ( 0.000000000000000000, -1.000000000000000000, 0.000000000000000000 ) ) ;
#318 = LINE ( 'NONE', #497, #724 ) ;
#319 = CIRCLE ( 'NONE', #1630, 3.099999999999991651 ) ;
#320 = VECTOR ( 'NONE', #1684, 1000.000000000000000 ) ;
#321 = VERTEX_POINT ( 'NONE', #1269 ) ;
#322 = CIRCLE ( 'NONE', #1231, 3.099999999999995204 ) ;
#323 = CARTESIAN_POINT ( 'NONE',  ( -49.05335813428776959, -1.200000000000000030E-05, 5.364655492845621154 ) ) ;
#324 = VECTOR ( 'NONE', #1654, 1000.000000000000000 ) ;
#325 = CARTESIAN_POINT ( 'NONE',  ( -44.74999999999995737, 0.000000000000000000, -4.835344507155517668 ) ) ;
#326 = EDGE_CURVE ( 'NONE', #820, #1693, #41, .T. ) ;
#327 = EDGE_CURVE ( 'NONE', #1622, #712, #1124, .T. ) ;
#328 = LINE ( 'NONE', #947, #1424 ) ;
#329 = DIRECTION ( 'NONE',  ( 0.4999999999999994449, 0.000000000000000000, 0.8660254037844389297 ) ) ;
#330 = VERTEX_POINT ( 'NONE', #1656 ) ;
#331 = FACE_OUTER_BOUND ( 'NONE', #166, .T. ) ;
#332 = CARTESIAN_POINT ( 'NONE',  ( -49.05335813428776959, -3.308722450212110699E-21, 5.364655492845621154 ) ) ;
#333 = EDGE_CURVE ( 'NONE', #1513, #1187, #726, .T. ) ;
#334 = PRODUCT_CONTEXT ( 'NONE', #837, 'mechanical' ) ;
#335 = FACE_OUTER_BOUND ( 'NONE', #1533, .T. ) ;
#336 = ORIENTED_EDGE ( 'NONE', *, *, #1587, .T. ) ;
#337 = FACE_BOUND ( 'NONE', #60, .T. ) ;
#338 = CARTESIAN_POINT ( 'NONE',  ( -54.94233088002537357, -1.200000000000000030E-05, 73.66034450715801540 ) ) ;
#339 = CARTESIAN_POINT ( 'NONE',  ( -57.88681725288903834, -1.200000000000000030E-05, 0.2646554928456154032 ) ) ;
#340 = DIRECTION ( 'NONE',  ( 0.000000000000000000, 0.000000000000000000, 1.000000000000000000 ) ) ;
#341 = DIRECTION ( 'NONE',  ( 0.000000000000000000, -1.000000000000000000, 0.000000000000000000 ) ) ;
#342 = EDGE_CURVE ( 'NONE', #1443, #1347, #693, .T. ) ;
#343 = EDGE_LOOP ( 'NONE', ( #1061, #359, #450, #827 ) ) ;
#344 = VERTEX_POINT ( 'NONE', #147 ) ;
#345 = AXIS2_PLACEMENT_3D ( 'NONE', #1464, #305, #443 ) ;
#346 = VECTOR ( 'NONE', #1494, 1000.000000000000000 ) ;
#347 = CARTESIAN_POINT ( 'NONE',  ( -44.74999999999995737, 0.000000000000000000, 4.562500000010695445 ) ) ;
#348 = CIRCLE ( 'NONE', #701, 17.74999999999362998 ) ;
#349 = STYLED_ITEM ( 'NONE', ( #1034 ), #1223 ) ;
#350 = DIRECTION ( 'NONE',  ( 0.000000000000000000, 0.000000000000000000, -1.000000000000000000 ) ) ;
#351 = ORIENTED_EDGE ( 'NONE', *, *, #1174, .F. ) ;
#352 = DIRECTION ( 'NONE',  ( 0.000000000000000000, 1.000000000000000000, 0.000000000000000000 ) ) ;
#353 = AXIS2_PLACEMENT_3D ( 'NONE', #1595, #1469, #218 ) ;
#354 = CARTESIAN_POINT ( 'NONE',  ( 57.88681725289406188, -3.308722450212110699E-21, 78.76034450716035451 ) ) ;
#355 = CARTESIAN_POINT ( 'NONE',  ( 54.94233088002695808, 6.000000000000000000, 73.66034450716033177 ) ) ;
#356 = EDGE_CURVE ( 'NONE', #1498, #136, #636, .T. ) ;
#357 = ORIENTED_EDGE ( 'NONE', *, *, #578, .T. ) ;
#358 = EDGE_CURVE ( 'NONE', #296, #828, #1570, .T. ) ;
#359 = ORIENTED_EDGE ( 'NONE', *, *, #333, .F. ) ;
#360 = EDGE_CURVE ( 'NONE', #588, #1265, #446, .T. ) ;
#361 = CARTESIAN_POINT ( 'NONE',  ( 51.99784450715556261, 6.000000000000000000, 0.2646554928444908583 ) ) ;
#362 = DIRECTION ( 'NONE',  ( 0.4999999999999995004, -0.000000000000000000, 0.8660254037844390407 ) ) ;
#363 = VERTEX_POINT ( 'NONE', #1538 ) ;
#364 = FACE_OUTER_BOUND ( 'NONE', #100, .T. ) ;
#365 = FACE_OUTER_BOUND ( 'NONE', #1172, .T. ) ;
#366 = PLANE ( 'NONE',  #3 ) ;
#367 = ORIENTED_EDGE ( 'NONE', *, *, #880, .T. ) ;
#368 = DIRECTION ( 'NONE',  ( -0.4999999999999989453, 0.000000000000000000, -0.8660254037844392627 ) ) ;
#369 = EDGE_CURVE ( 'NONE', #1372, #1605, #1251, .T. ) ;
#370 = CARTESIAN_POINT ( 'NONE',  ( -42.63074508812788110, 0.000000000000000000, 6.288947606149244862 ) ) ;
#371 = EDGE_LOOP ( 'NONE', ( #1753, #224, #109, #1743 ) ) ;
#372 = CARTESIAN_POINT ( 'NONE',  ( -51.99784450715829109, 6.000000000000000000, 75.66034450715800119 ) ) ;
#373 = CARTESIAN_POINT ( 'NONE',  ( 54.94233088002265220, 6.000000000000000000, -4.835344507155532767 ) ) ;
#374 = FACE_OUTER_BOUND ( 'NONE', #1535, .T. ) ;
#375 = ORIENTED_EDGE ( 'NONE', *, *, #40, .T. ) ;
#376 = ORIENTED_EDGE ( 'NONE', *, *, #1217, .T. ) ;
#377 = LINE ( 'NONE', #116, #753 ) ;
#378 = AXIS2_PLACEMENT_3D ( 'NONE', #1531, #1014, #1558 ) ;
#379 = DIRECTION ( 'NONE',  ( 0.000000000000000000, -1.000000000000000000, 0.000000000000000000 ) ) ;
#380 = AXIS2_PLACEMENT_3D ( 'NONE', #437, #428, #978 ) ;
#381 = AXIS2_PLACEMENT_3D ( 'NONE', #272, #700, #1116 ) ;
#382 = EDGE_CURVE ( 'NONE', #1240, #673, #969, .T. ) ;
#383 = VERTEX_POINT ( 'NONE', #994 ) ;
#384 = CARTESIAN_POINT ( 'NONE',  ( -54.94233088002538068, 6.000000000000000000, 83.86034450715800403 ) ) ;
#385 = VECTOR ( 'NONE', #1391, 1000.000000000000114 ) ;
#386 = VECTOR ( 'NONE', #801, 1000.000000000000227 ) ;
#387 = DIRECTION ( 'NONE',  ( -0.000000000000000000, -1.000000000000000000, -0.000000000000000000 ) ) ;
#388 = CARTESIAN_POINT ( 'NONE',  ( -44.74999999999992184, 0.000000000000000000, 74.46249999999623981 ) ) ;
#389 = VERTEX_POINT ( 'NONE', #1 ) ;
#390 = ORIENTED_EDGE ( 'NONE', *, *, #233, .T. ) ;
#391 = CARTESIAN_POINT ( 'NONE',  ( 49.05335813429275049, -1.200000000000000030E-05, 73.66034450716033177 ) ) ;
#392 = DIRECTION ( 'NONE',  ( -0.000000000000000000, -1.000000000000000000, -0.000000000000000000 ) ) ;
#393 = ORIENTED_EDGE ( 'NONE', *, *, #1324, .T. ) ;
#394 = PLANE ( 'NONE',  #1112 ) ;
#395 = FACE_OUTER_BOUND ( 'NONE', #1106, .T. ) ;
#396 = EDGE_CURVE ( 'NONE', #1667, #780, #1384, .T. ) ;
#397 = DIRECTION ( 'NONE',  ( 1.098296800727816244E-13, 0.000000000000000000, -1.000000000000000000 ) ) ;
#398 = EDGE_LOOP ( 'NONE', ( #1765, #306, #1623, #774 ) ) ;
#399 = ORIENTED_EDGE ( 'NONE', *, *, #327, .T. ) ;
#400 = FACE_OUTER_BOUND ( 'NONE', #1665, .T. ) ;
#401 = DIRECTION ( 'NONE',  ( 0.4999999999999998890, 0.000000000000000000, 0.8660254037844385966 ) ) ;
#402 = FACE_BOUND ( 'NONE', #273, .T. ) ;
#403 = CARTESIAN_POINT ( 'NONE',  ( 62.49999999999759126, 16.00000000000000000, 7.512500000000018829 ) ) ;
#404 = ORIENTED_EDGE ( 'NONE', *, *, #1383, .T. ) ;
#405 = EDGE_CURVE ( 'NONE', #1234, #634, #580, .T. ) ;
#406 = ORIENTED_EDGE ( 'NONE', *, *, #1435, .F. ) ;
#407 = DIRECTION ( 'NONE',  ( 0.5000000000000005551, 0.000000000000000000, -0.8660254037844382635 ) ) ;
#408 = FACE_OUTER_BOUND ( 'NONE', #193, .T. ) ;
#409 = AXIS2_PLACEMENT_3D ( 'NONE', #1012, #317, #1159 ) ;
#410 = PLANE ( 'NONE',  #381 ) ;
#411 = VECTOR ( 'NONE', #1798, 1000.000000000000000 ) ;
#412 = VECTOR ( 'NONE', #239, 1000.000000000000114 ) ;
#413 = DIRECTION ( 'NONE',  ( 0.4999999999999998335, 0.000000000000000000, -0.8660254037844387076 ) ) ;
#414 = VERTEX_POINT ( 'NONE', #30 ) ;
#415 = ORIENTED_EDGE ( 'NONE', *, *, #18, .T. ) ;
#416 = EDGE_CURVE ( 'NONE', #573, #1693, #825, .T. ) ;
#417 = DIRECTION ( 'NONE',  ( -0.000000000000000000, -1.000000000000000000, -0.000000000000000000 ) ) ;
#418 = ORIENTED_EDGE ( 'NONE', *, *, #1236, .T. ) ;
#419 = DIRECTION ( 'NONE',  ( 1.000000000000000000, 0.000000000000000000, 1.472857449742315135E-16 ) ) ;
#420 = DIRECTION ( 'NONE',  ( -0.000000000000000000, 1.000000000000000000, -0.000000000000000000 ) ) ;
#421 = LINE ( 'NONE', #32, #669 ) ;
#422 = VERTEX_POINT ( 'NONE', #1392 ) ;
#423 = FACE_OUTER_BOUND ( 'NONE', #1284, .T. ) ;
#424 = ORIENTED_EDGE ( 'NONE', *, *, #1551, .F. ) ;
#425 = CARTESIAN_POINT ( 'NONE',  ( 51.99784450715556261, 6.000000000000000000, 3.364655492844486062 ) ) ;
#426 = EDGE_CURVE ( 'NONE', #586, #680, #1521, .T. ) ;
#427 = DIRECTION ( 'NONE',  ( 0.8660254037844392627, 0.000000000000000000, -0.4999999999999990008 ) ) ;
#428 = DIRECTION ( 'NONE',  ( -0.8660254037844391517, 0.000000000000000000, -0.4999999999999990563 ) ) ;
#429 = VERTEX_POINT ( 'NONE', #717 ) ;
#430 = VERTEX_POINT ( 'NONE', #308 ) ;
#431 = DIRECTION ( 'NONE',  ( 0.000000000000000000, -1.000000000000000000, 0.000000000000000000 ) ) ;
#432 = CARTESIAN_POINT ( 'NONE',  ( 54.94233088002694387, 6.000000000000000000, 83.86034450716040567 ) ) ;
#433 = ADVANCED_FACE ( 'NONE', ( #579 ), #1140, .T. ) ;
#434 = DIRECTION ( 'NONE',  ( -0.4999999999999989453, 0.000000000000000000, -0.8660254037844391517 ) ) ;
#435 = VECTOR ( 'NONE', #1144, 1000.000000000000000 ) ;
#436 = ADVANCED_FACE ( 'NONE', ( #195 ), #1304, .T. ) ;
#437 = CARTESIAN_POINT ( 'NONE',  ( -46.10887176142411192, -1.200000000000000030E-05, 78.76034450715800972 ) ) ;
#438 = CIRCLE ( 'NONE', #1660, 17.74999999999362998 ) ;
#439 = LINE ( 'NONE', #1670, #1189 ) ;
#440 = VECTOR ( 'NONE', #1724, 1000.000000000000000 ) ;
#441 = VECTOR ( 'NONE', #1726, 1000.000000000000000 ) ;
#442 = VERTEX_POINT ( 'NONE', #597 ) ;
#443 = DIRECTION ( 'NONE',  ( -1.000000000000000000, 0.000000000000000000, -0.000000000000000000 ) ) ;
#444 = EDGE_LOOP ( 'NONE', ( #1354, #143 ) ) ;
#445 = PLANE ( 'NONE',  #1692 ) ;
#446 = LINE ( 'NONE', #1402, #1110 ) ;
#447 = DIRECTION ( 'NONE',  ( -3.848917712323541372E-14, -0.000000000000000000, -1.000000000000000000 ) ) ;
#448 = DIRECTION ( 'NONE',  ( -0.000000000000000000, -0.000000000000000000, 1.000000000000000000 ) ) ;
#449 = EDGE_CURVE ( 'NONE', #266, #230, #1719, .T. ) ;
#450 = ORIENTED_EDGE ( 'NONE', *, *, #1244, .T. ) ;
#451 = DIRECTION ( 'NONE',  ( -0.000000000000000000, -1.000000000000000000, -0.000000000000000000 ) ) ;
#452 = ORIENTED_EDGE ( 'NONE', *, *, #191, .T. ) ;
#453 = CARTESIAN_POINT ( 'NONE',  ( -46.10887176142411192, 6.000000000000000000, 78.76034450715800972 ) ) ;
#454 = CARTESIAN_POINT ( 'NONE',  ( 51.99784450715986139, 16.00000000000000000, 81.86034450716036304 ) ) ;
#455 = ORIENTED_EDGE ( 'NONE', *, *, #887, .F. ) ;
#456 = EDGE_CURVE ( 'NONE', #230, #429, #1043, .T. ) ;
#457 = VERTEX_POINT ( 'NONE', #332 ) ;
#458 = VERTEX_POINT ( 'NONE', #1599 ) ;
#459 = DIRECTION ( 'NONE',  ( -0.000000000000000000, -1.000000000000000000, -0.000000000000000000 ) ) ;
#460 = DIRECTION ( 'NONE',  ( 1.000000000000000000, 0.000000000000000000, -1.472857449742311683E-16 ) ) ;
#461 = DIRECTION ( 'NONE',  ( 1.000000000000000000, 0.000000000000000000, 0.000000000000000000 ) ) ;
#462 = AXIS2_PLACEMENT_3D ( 'NONE', #1238, #1099, #1751 ) ;
#463 = VECTOR ( 'NONE', #1529, 1000.000000000000000 ) ;
#464 = LINE ( 'NONE', #1552, #1143 ) ;
#465 = ORIENTED_EDGE ( 'NONE', *, *, #960, .F. ) ;
#466 = AXIS2_PLACEMENT_3D ( 'NONE', #28, #1527, #1137 ) ;
#467 = DIRECTION ( 'NONE',  ( 0.000000000000000000, -1.000000000000000000, 0.000000000000000000 ) ) ;
#468 = EDGE_CURVE ( 'NONE', #136, #1498, #1597, .T. ) ;
#469 = LINE ( 'NONE', #339, #1398 ) ;
#470 = CYLINDRICAL_SURFACE ( 'NONE', #872, 2.949999999997260147 ) ;
#471 = PLANE ( 'NONE',  #1695 ) ;
#472 = ORIENTED_EDGE ( 'NONE', *, *, #857, .T. ) ;
#473 = DIRECTION ( 'NONE',  ( 1.000000000000000000, 0.000000000000000000, -1.472857449742311683E-16 ) ) ;
#474 = SURFACE_STYLE_FILL_AREA ( #1585 ) ;
#475 = EDGE_CURVE ( 'NONE', #321, #815, #881, .T. ) ;
#476 = LINE ( 'NONE', #870, #290 ) ;
#477 = CARTESIAN_POINT ( 'NONE',  ( -44.74999999999995737, 16.00000000000000000, 71.51250000000000284 ) ) ;
#478 = ORIENTED_EDGE ( 'NONE', *, *, #1264, .F. ) ;
#479 = LINE ( 'NONE', #1150, #8 ) ;
#480 = LINE ( 'NONE', #1041, #128 ) ;
#481 = DIRECTION ( 'NONE',  ( 0.000000000000000000, 1.000000000000000000, 0.000000000000000000 ) ) ;
#482 = EDGE_CURVE ( 'NONE', #1723, #952, #621, .T. ) ;
#483 = CARTESIAN_POINT ( 'NONE',  ( -46.10887176142067290, 6.000000000000000000, 0.2646554928456140154 ) ) ;
#484 = ADVANCED_FACE ( 'NONE', ( #747 ), #604, .T. ) ;
#485 = CARTESIAN_POINT ( 'NONE',  ( -44.74999999999995737, 0.000000000000000000, 71.51250000000000284 ) ) ;
#486 = ORIENTED_EDGE ( 'NONE', *, *, #1628, .F. ) ;
#487 = EDGE_LOOP ( 'NONE', ( #294, #424, #465, #972 ) ) ;
#488 = VECTOR ( 'NONE', #986, 1000.000000000000000 ) ;
#489 = VECTOR ( 'NONE', #843, 999.9999999999998863 ) ;
#490 = DIRECTION ( 'NONE',  ( 0.000000000000000000, -1.000000000000000000, 0.000000000000000000 ) ) ;
#491 = VECTOR ( 'NONE', #1308, 1000.000000000000000 ) ;
#492 = AXIS2_PLACEMENT_3D ( 'NONE', #493, #379, #350 ) ;
#493 = CARTESIAN_POINT ( 'NONE',  ( 51.99784450715556261, 16.00000000000000000, 0.2646554928444908583 ) ) ;
#494 = ORIENTED_EDGE ( 'NONE', *, *, #1027, .F. ) ;
#495 = CARTESIAN_POINT ( 'NONE',  ( -44.74999999999995737, 16.00000000000000000, 71.51250000000000284 ) ) ;
#496 = CIRCLE ( 'NONE', #260, 2.949999999985664534 ) ;
#497 = CARTESIAN_POINT ( 'NONE',  ( 54.94233088002264509, -1.200000000000000030E-05, 5.364655492844510931 ) ) ;
#498 = LINE ( 'NONE', #1613, #182 ) ;
#499 = EDGE_LOOP ( 'NONE', ( #90, #1416, #1380, #1457, #520, #1388 ) ) ;
#500 = EDGE_CURVE ( 'NONE', #442, #1154, #469, .T. ) ;
#501 = ORIENTED_EDGE ( 'NONE', *, *, #789, .T. ) ;
#502 = FACE_OUTER_BOUND ( 'NONE', #721, .T. ) ;
#503 =( NAMED_UNIT ( * ) SI_UNIT ( $, .STERADIAN. ) SOLID_ANGLE_UNIT ( ) );
#504 = VERTEX_POINT ( 'NONE', #886 ) ;
#505 = DIRECTION ( 'NONE',  ( -0.8660254037844387076, 0.000000000000000000, 0.4999999999999999445 ) ) ;
#506 = CARTESIAN_POINT ( 'NONE',  ( -44.74999999999995737, 0.000000000000000000, 7.512500000000018829 ) ) ;
#507 = DIRECTION ( 'NONE',  ( 1.000000000000000000, 0.000000000000000000, -7.822620957706735831E-14 ) ) ;
#508 = ORIENTED_EDGE ( 'NONE', *, *, #1442, .T. ) ;
#509 = ORIENTED_EDGE ( 'NONE', *, *, #382, .T. ) ;
#510 = EDGE_CURVE ( 'NONE', #656, #296, #476, .T. ) ;
#511 = DIRECTION ( 'NONE',  ( 0.000000000000000000, 0.000000000000000000, -1.000000000000000000 ) ) ;
#512 = ORIENTED_EDGE ( 'NONE', *, *, #191, .F. ) ;
#513 = DIRECTION ( 'NONE',  ( -0.000000000000000000, -1.000000000000000000, -0.000000000000000000 ) ) ;
#514 = CARTESIAN_POINT ( 'NONE',  ( 54.94233088002264509, 6.000000000000000000, 5.364655492844510931 ) ) ;
#515 = ORIENTED_EDGE ( 'NONE', *, *, #622, .F. ) ;
#516 = EDGE_LOOP ( 'NONE', ( #867, #251, #943, #1281, #160, #1752 ) ) ;
#517 = CARTESIAN_POINT ( 'NONE',  ( 2.650000000000046985, 10.72187499999997762, 4.562500000006985523 ) ) ;
#518 = LINE ( 'NONE', #1525, #9 ) ;
#519 = CIRCLE ( 'NONE', #1286, 3.100000000000005418 ) ;
#520 = ORIENTED_EDGE ( 'NONE', *, *, #18, .F. ) ;
#521 = DIRECTION ( 'NONE',  ( 0.000000000000000000, 0.000000000000000000, -1.000000000000000000 ) ) ;
#522 = ADVANCED_FACE ( 'NONE', ( #614 ), #72, .F. ) ;
#523 = VECTOR ( 'NONE', #459, 1000.000000000000000 ) ;
#524 = AXIS2_PLACEMENT_3D ( 'NONE', #760, #22, #1356 ) ;
#525 = CARTESIAN_POINT ( 'NONE',  ( 46.10887176142135502, 6.000000000000000000, 0.2646554928444917465 ) ) ;
#526 = DIRECTION ( 'NONE',  ( -7.826607146362401544E-14, -0.000000000000000000, -1.000000000000000000 ) ) ;
#527 = ORIENTED_EDGE ( 'NONE', *, *, #705, .T. ) ;
#528 = EDGE_LOOP ( 'NONE', ( #1095, #1307, #779, #1008, #861, #761, #47, #1015 ) ) ;
#529 = LINE ( 'NONE', #800, #935 ) ;
#530 = LINE ( 'NONE', #1519, #324 ) ;
#531 = FACE_OUTER_BOUND ( 'NONE', #1343, .T. ) ;
#532 = FACE_BOUND ( 'NONE', #1633, .T. ) ;
#533 = DIRECTION ( 'NONE',  ( 0.4999999999999998335, 0.000000000000000000, -0.8660254037844387076 ) ) ;
#534 = ORIENTED_EDGE ( 'NONE', *, *, #342, .F. ) ;
#535 = ORIENTED_EDGE ( 'NONE', *, *, #1435, .T. ) ;
#536 = ORIENTED_EDGE ( 'NONE', *, *, #358, .F. ) ;
#537 = CARTESIAN_POINT ( 'NONE',  ( 51.99784450715986139, 16.00000000000000000, 78.76034450716036872 ) ) ;
#538 = CARTESIAN_POINT ( 'NONE',  ( -54.94233088002194165, -1.200000000000000030E-05, -4.835344507154399452 ) ) ;
#539 = FACE_OUTER_BOUND ( 'NONE', #7, .T. ) ;
#540 = LINE ( 'NONE', #1530, #1256 ) ;
#541 = ORIENTED_EDGE ( 'NONE', *, *, #1329, .T. ) ;
#542 = ADVANCED_FACE ( 'NONE', ( #1180 ), #1297, .F. ) ;
#543 = EDGE_LOOP ( 'NONE', ( #1431, #27, #1404, #1474 ) ) ;
#544 = ORIENTED_EDGE ( 'NONE', *, *, #694, .T. ) ;
#545 = DIRECTION ( 'NONE',  ( 0.000000000000000000, -1.000000000000000000, 0.000000000000000000 ) ) ;
#546 = ORIENTED_EDGE ( 'NONE', *, *, #1628, .T. ) ;
#547 = PLANE ( 'NONE',  #466 ) ;
#548 = VECTOR ( 'NONE', #103, 1000.000000000000000 ) ;
#549 = AXIS2_PLACEMENT_3D ( 'NONE', #1580, #65, #1704 ) ;
#550 = CARTESIAN_POINT ( 'NONE',  ( -51.99784450715829109, 6.000000000000000000, 78.76034450715800972 ) ) ;
#551 = VECTOR ( 'NONE', #189, 1000.000000000000114 ) ;
#552 = CIRCLE ( 'NONE', #1024, 2.949999999985075672 ) ;
#553 = DIRECTION ( 'NONE',  ( 0.4999999999999998335, 0.000000000000000000, -0.8660254037844387076 ) ) ;
#554 = CYLINDRICAL_SURFACE ( 'NONE', #148, 2.649999999999999467 ) ;
#555 = ORIENTED_EDGE ( 'NONE', *, *, #94, .F. ) ;
#556 = EDGE_CURVE ( 'NONE', #982, #1661, #519, .T. ) ;
#557 = ORIENTED_EDGE ( 'NONE', *, *, #1179, .T. ) ;
#558 = LINE ( 'NONE', #1111, #1115 ) ;
#559 = ORIENTED_EDGE ( 'NONE', *, *, #1207, .F. ) ;
#560 = FACE_OUTER_BOUND ( 'NONE', #655, .T. ) ;
#561 = DIRECTION ( 'NONE',  ( 0.000000000000000000, 0.000000000000000000, -1.000000000000000000 ) ) ;
#562 = CARTESIAN_POINT ( 'NONE',  ( 44.75000000000004263, 0.000000000000000000, 7.512500000000018829 ) ) ;
#563 = DIRECTION ( 'NONE',  ( -0.000000000000000000, -0.000000000000000000, 1.000000000000000000 ) ) ;
#564 = ORIENTED_EDGE ( 'NONE', *, *, #1351, .F. ) ;
#565 = EDGE_CURVE ( 'NONE', #971, #225, #1165, .T. ) ;
#566 = EDGE_CURVE ( 'NONE', #831, #1158, #907, .T. ) ;
#567 = FACE_OUTER_BOUND ( 'NONE', #1248, .T. ) ;
#568 = ORIENTED_EDGE ( 'NONE', *, *, #1048, .F. ) ;
#569 = CARTESIAN_POINT ( 'NONE',  ( 54.24537547511143742, 0.000000000000000000, 64.66750667908374339 ) ) ;
#570 = DIRECTION ( 'NONE',  ( -0.000000000000000000, -1.000000000000000000, -0.000000000000000000 ) ) ;
#571 = CARTESIAN_POINT ( 'NONE',  ( -51.99784450715829109, 16.00000000000000000, 81.86034450715801825 ) ) ;
#572 = ORIENTED_EDGE ( 'NONE', *, *, #685, .F. ) ;
#573 = VERTEX_POINT ( 'NONE', #590 ) ;
#574 = LINE ( 'NONE', #1432, #1489 ) ;
#575 = ORIENTED_EDGE ( 'NONE', *, *, #1107, .F. ) ;
#576 = CARTESIAN_POINT ( 'NONE',  ( -49.05335813428776959, 6.000000000000000000, -4.835344507154398563 ) ) ;
#577 = AXIS2_PLACEMENT_3D ( 'NONE', #615, #1602, #1176 ) ;
#578 = EDGE_CURVE ( 'NONE', #635, #504, #1564, .T. ) ;
#579 = FACE_OUTER_BOUND ( 'NONE', #487, .T. ) ;
#580 = CIRCLE ( 'NONE', #261, 3.100000000000005418 ) ;
#581 = FACE_OUTER_BOUND ( 'NONE', #829, .T. ) ;
#582 = AXIS2_PLACEMENT_3D ( 'NONE', #146, #131, #271 ) ;
#583 = FACE_OUTER_BOUND ( 'NONE', #1686, .T. ) ;
#584 = VECTOR ( 'NONE', #974, 1000.000000000000000 ) ;
#585 = AXIS2_PLACEMENT_3D ( 'NONE', #134, #855, #687 ) ;
#586 = VERTEX_POINT ( 'NONE', #454 ) ;
#587 = LINE ( 'NONE', #19, #931 ) ;
#588 = VERTEX_POINT ( 'NONE', #742 ) ;
#589 = DIRECTION ( 'NONE',  ( 0.000000000000000000, -1.000000000000000000, 0.000000000000000000 ) ) ;
#590 = CARTESIAN_POINT ( 'NONE',  ( 44.75000000000004263, 16.00000000000000000, 89.26249999998850626 ) ) ;
#591 = EDGE_CURVE ( 'NONE', #1187, #1513, #1193, .T. ) ;
#592 = CARTESIAN_POINT ( 'NONE',  ( 44.75000000000004263, 16.00000000000000000, 71.51250000000000284 ) ) ;
#593 = ORIENTED_EDGE ( 'NONE', *, *, #1383, .F. ) ;
#594 = LINE ( 'NONE', #602, #1054 ) ;
#595 = ORIENTED_EDGE ( 'NONE', *, *, #644, .T. ) ;
#596 = CARTESIAN_POINT ( 'NONE',  ( -51.99784450715829109, 16.00000000000000000, 75.66034450715800119 ) ) ;
#597 = CARTESIAN_POINT ( 'NONE',  ( -57.88681725288903834, -3.308722450212110699E-21, 0.2646554928456154032 ) ) ;
#598 = DIRECTION ( 'NONE',  ( 0.000000000000000000, -1.000000000000000000, 0.000000000000000000 ) ) ;
#599 = PRODUCT_DEFINITION_CONTEXT ( 'detailed design', #1028, 'design' ) ;
#600 = EDGE_CURVE ( 'NONE', #1443, #321, #328, .T. ) ;
#601 = ORIENTED_EDGE ( 'NONE', *, *, #808, .T. ) ;
#602 = CARTESIAN_POINT ( 'NONE',  ( -51.46420420672917828, 0.000000000000000000, 11.38894760614924095 ) ) ;
#603 = LINE ( 'NONE', #1178, #1779 ) ;
#604 = PLANE ( 'NONE',  #549 ) ;
#605 = DIRECTION ( 'NONE',  ( 0.000000000000000000, 0.000000000000000000, 1.000000000000000000 ) ) ;
#606 = AXIS2_PLACEMENT_3D ( 'NONE', #1013, #340, #1319 ) ;
#607 = AXIS2_PLACEMENT_3D ( 'NONE', #1035, #56, #1019 ) ;
#608 = CARTESIAN_POINT ( 'NONE',  ( 49.05335813429275760, -3.308722450212110699E-21, 83.86034450716040567 ) ) ;
#609 = ORIENTED_EDGE ( 'NONE', *, *, #1107, .T. ) ;
#610 = AXIS2_PLACEMENT_3D ( 'NONE', #538, #976, #1250 ) ;
#611 = ADVANCED_FACE ( 'NONE', ( #531 ), #1788, .T. ) ;
#612 = AXIS2_PLACEMENT_3D ( 'NONE', #1500, #830, #1804 ) ;
#613 = DIRECTION ( 'NONE',  ( 0.000000000000000000, 1.000000000000000000, 0.000000000000000000 ) ) ;
#614 = FACE_OUTER_BOUND ( 'NONE', #371, .T. ) ;
#615 = CARTESIAN_POINT ( 'NONE',  ( 54.94233088002695808, -1.200000000000000030E-05, 73.66034450716033177 ) ) ;
#616 = ORIENTED_EDGE ( 'NONE', *, *, #356, .F. ) ;
#617 = LINE ( 'NONE', #1157, #1485 ) ;
#618 = ADVANCED_FACE ( 'NONE', ( #91 ), #394, .T. ) ;
#619 = EDGE_CURVE ( 'NONE', #1187, #136, #1212, .T. ) ;
#620 = LINE ( 'NONE', #1741, #234 ) ;
#621 = LINE ( 'NONE', #1029, #811 ) ;
#622 = EDGE_CURVE ( 'NONE', #285, #274, #629, .T. ) ;
#623 = DIRECTION ( 'NONE',  ( 0.000000000000000000, -0.000000000000000000, -1.000000000000000000 ) ) ;
#624 = ORIENTED_EDGE ( 'NONE', *, *, #887, .T. ) ;
#625 = ORIENTED_EDGE ( 'NONE', *, *, #1683, .T. ) ;
#626 = CARTESIAN_POINT ( 'NONE',  ( -46.10887176142067290, -1.200000000000000030E-05, 0.2646554928456140154 ) ) ;
#627 = CARTESIAN_POINT ( 'NONE',  ( 62.49999999999366906, 0.000000000000000000, 7.512500000000019718 ) ) ;
#628 = ORIENTED_EDGE ( 'NONE', *, *, #269, .T. ) ;
#629 = LINE ( 'NONE', #795, #638 ) ;
#630 = ADVANCED_FACE ( 'NONE', ( #1646, #220 ), #787, .T. ) ;
#631 = LINE ( 'NONE', #883, #1594 ) ;
#632 = CARTESIAN_POINT ( 'NONE',  ( -49.05335813428776959, -3.308722450212110699E-21, -4.835344507154398563 ) ) ;
#633 = CIRCLE ( 'NONE', #1657, 2.649999999999999467 ) ;
#634 = VERTEX_POINT ( 'NONE', #372 ) ;
#635 = VERTEX_POINT ( 'NONE', #1188 ) ;
#636 = CIRCLE ( 'NONE', #672, 3.099999999999995204 ) ;
#637 = DIRECTION ( 'NONE',  ( 0.000000000000000000, 1.000000000000000000, 0.000000000000000000 ) ) ;
#638 = VECTOR ( 'NONE', #1471, 1000.000000000000000 ) ;
#639 = AXIS2_PLACEMENT_3D ( 'NONE', #1094, #417, #1376 ) ;
#640 = DIRECTION ( 'NONE',  ( 1.000000000000000000, -0.000000000000000000, 1.472857449742315135E-16 ) ) ;
#641 = EDGE_LOOP ( 'NONE', ( #1700, #1679, #707, #593 ) ) ;
#642 = DIRECTION ( 'NONE',  ( -0.000000000000000000, -1.000000000000000000, -0.000000000000000000 ) ) ;
#643 = CARTESIAN_POINT ( 'NONE',  ( 49.05335813428845881, 0.000000000000000000, -4.835344507155530991 ) ) ;
#644 = EDGE_CURVE ( 'NONE', #1147, #344, #1065, .T. ) ;
#645 = EDGE_CURVE ( 'NONE', #97, #910, #1502, .T. ) ;
#646 = CARTESIAN_POINT ( 'NONE',  ( -51.99784450715829109, 16.00000000000000000, 81.86034450715801825 ) ) ;
#647 = ORIENTED_EDGE ( 'NONE', *, *, #1414, .F. ) ;
#648 = VERTEX_POINT ( 'NONE', #252 ) ;
#649 = DIRECTION ( 'NONE',  ( 1.000000000000000000, 0.000000000000000000, 0.000000000000000000 ) ) ;
#650 = LINE ( 'NONE', #1618, #1548 ) ;
#651 = VERTEX_POINT ( 'NONE', #938 ) ;
#652 = PLANE ( 'NONE',  #232 ) ;
#653 = CARTESIAN_POINT ( 'NONE',  ( -49.05335813429119440, 6.000000000000000000, 83.86034450715800403 ) ) ;
#654 = DIRECTION ( 'NONE',  ( 3.848917712323541372E-14, 0.000000000000000000, 1.000000000000000000 ) ) ;
#655 = EDGE_LOOP ( 'NONE', ( #415, #390, #1091, #25 ) ) ;
#656 = VERTEX_POINT ( 'NONE', #1348 ) ;
#657 = EDGE_CURVE ( 'NONE', #429, #1653, #1620, .T. ) ;
#658 = DIRECTION ( 'NONE',  ( 0.5000000000000004441, 0.000000000000000000, -0.8660254037844383745 ) ) ;
#659 = CARTESIAN_POINT ( 'NONE',  ( -47.69999999999722462, 16.00000000000000000, 71.51250000000000284 ) ) ;
#660 = ORIENTED_EDGE ( 'NONE', *, *, #1673, .F. ) ;
#661 = DIRECTION ( 'NONE',  ( 0.000000000000000000, -1.000000000000000000, 0.000000000000000000 ) ) ;
#662 = DIRECTION ( 'NONE',  ( 0.000000000000000000, 0.000000000000000000, -1.000000000000000000 ) ) ;
#663 = DIRECTION ( 'NONE',  ( -1.000000000000000000, 0.000000000000000000, 0.000000000000000000 ) ) ;
#664 = ORIENTED_EDGE ( 'NONE', *, *, #723, .T. ) ;
#665 = VERTEX_POINT ( 'NONE', #1757 ) ;
#666 = VECTOR ( 'NONE', #192, 1000.000000000000000 ) ;
#667 = DIRECTION ( 'NONE',  ( 0.000000000000000000, 1.000000000000000000, 0.000000000000000000 ) ) ;
#668 = AXIS2_PLACEMENT_3D ( 'NONE', #878, #1135, #1409 ) ;
#669 = VECTOR ( 'NONE', #563, 1000.000000000000000 ) ;
#670 = ADVANCED_FACE ( 'NONE', ( #925, #1367 ), #1074, .T. ) ;
#671 = DIRECTION ( 'NONE',  ( 0.000000000000000000, 1.000000000000000000, 0.000000000000000000 ) ) ;
#672 = AXIS2_PLACEMENT_3D ( 'NONE', #1669, #420, #1418 ) ;
#673 = VERTEX_POINT ( 'NONE', #674 ) ;
#674 = CARTESIAN_POINT ( 'NONE',  ( -47.69999999998928075, 0.000000000000000000, 7.512499999999812772 ) ) ;
#675 = VECTOR ( 'NONE', #642, 1000.000000000000000 ) ;
#676 = VECTOR ( 'NONE', #407, 1000.000000000000227 ) ;
#677 = DIRECTION ( 'NONE',  ( 0.000000000000000000, 0.000000000000000000, 1.000000000000000000 ) ) ;
#678 = CYLINDRICAL_SURFACE ( 'NONE', #462, 3.099999999999991651 ) ;
#679 = ORIENTED_EDGE ( 'NONE', *, *, #1306, .F. ) ;
#680 = VERTEX_POINT ( 'NONE', #231 ) ;
#681 = ORIENTED_EDGE ( 'NONE', *, *, #808, .F. ) ;
#682 = LINE ( 'NONE', #1365, #584 ) ;
#683 = ADVANCED_FACE ( 'NONE', ( #1508 ), #652, .T. ) ;
#684 = PLANE ( 'NONE',  #610 ) ;
#685 = EDGE_CURVE ( 'NONE', #458, #1626, #1627, .T. ) ;
#686 = DIRECTION ( 'NONE',  ( 1.402957611196242990E-13, 0.000000000000000000, -1.000000000000000000 ) ) ;
#687 = DIRECTION ( 'NONE',  ( 1.000000000000000000, 0.000000000000000000, -1.472857449742311683E-16 ) ) ;
#688 = ORIENTED_EDGE ( 'NONE', *, *, #953, .F. ) ;
#689 = DIRECTION ( 'NONE',  ( 0.4999999999999990563, 0.000000000000000000, 0.8660254037844391517 ) ) ;
#690 = ORIENTED_EDGE ( 'NONE', *, *, #744, .F. ) ;
#691 = CARTESIAN_POINT ( 'NONE',  ( 62.49999999999366906, 16.00000000000000000, 7.512500000000019718 ) ) ;
#692 = LINE ( 'NONE', #569, #1600 ) ;
#693 = LINE ( 'NONE', #725, #463 ) ;
#694 = EDGE_CURVE ( 'NONE', #330, #1610, #242, .T. ) ;
#695 = EDGE_LOOP ( 'NONE', ( #1672, #399, #681, #515 ) ) ;
#696 = CARTESIAN_POINT ( 'NONE',  ( -49.05335813429119440, 6.000000000000000000, 73.66034450715801540 ) ) ;
#697 = DIRECTION ( 'NONE',  ( 0.5000000000000005551, 0.000000000000000000, -0.8660254037844382635 ) ) ;
#698 = AXIS2_PLACEMENT_3D ( 'NONE', #323, #860, #720 ) ;
#699 = VECTOR ( 'NONE', #122, 1000.000000000000000 ) ;
#700 = DIRECTION ( 'NONE',  ( 0.000000000000000000, 1.000000000000000000, 0.000000000000000000 ) ) ;
#701 = AXIS2_PLACEMENT_3D ( 'NONE', #70, #1011, #1731 ) ;
#702 = AXIS2_PLACEMENT_3D ( 'NONE', #981, #1507, #1773 ) ;
#703 = CYLINDRICAL_SURFACE ( 'NONE', #150, 3.099999999999995204 ) ;
#704 = ORIENTED_EDGE ( 'NONE', *, *, #269, .F. ) ;
#705 = EDGE_CURVE ( 'NONE', #665, #1667, #322, .T. ) ;
#706 = CARTESIAN_POINT ( 'NONE',  ( 47.69999999998570672, 16.00000000000000000, 7.512500000000018829 ) ) ;
#707 = ORIENTED_EDGE ( 'NONE', *, *, #950, .F. ) ;
#708 = CARTESIAN_POINT ( 'NONE',  ( 20.25574508812788466, 0.000000000000000000, 45.04358442550285702 ) ) ;
#709 = CARTESIAN_POINT ( 'NONE',  ( -47.69999999998928075, 16.00000000000000000, 7.512500000000018829 ) ) ;
#710 = CARTESIAN_POINT ( 'NONE',  ( 49.05335813429275049, 0.000000000000000000, 73.66034450716033177 ) ) ;
#711 = FACE_OUTER_BOUND ( 'NONE', #641, .T. ) ;
#712 = VERTEX_POINT ( 'NONE', #1087 ) ;
#713 = VERTEX_POINT ( 'NONE', #1611 ) ;
#714 = ADVANCED_FACE ( 'NONE', ( #364 ), #445, .T. ) ;
#715 = DIRECTION ( 'NONE',  ( 0.000000000000000000, 0.000000000000000000, 1.000000000000000000 ) ) ;
#716 = LINE ( 'NONE', #1276, #551 ) ;
#717 = CARTESIAN_POINT ( 'NONE',  ( 57.88681725288974889, 6.000000000000000000, 0.2646554928444847521 ) ) ;
#718 = ORIENTED_EDGE ( 'NONE', *, *, #1578, .T. ) ;
#719 = ORIENTED_EDGE ( 'NONE', *, *, #1393, .F. ) ;
#720 = DIRECTION ( 'NONE',  ( -1.000000000000000000, 0.000000000000000000, -0.000000000000000000 ) ) ;
#721 = EDGE_LOOP ( 'NONE', ( #174, #404, #85, #534 ) ) ;
#722 = DIRECTION ( 'NONE',  ( -1.098296800727816244E-13, 0.000000000000000000, 1.000000000000000000 ) ) ;
#723 = EDGE_CURVE ( 'NONE', #296, #1000, #1268, .T. ) ;
#724 = VECTOR ( 'NONE', #1305, 1000.000000000000000 ) ;
#725 = CARTESIAN_POINT ( 'NONE',  ( -49.05335813429119440, -1.200000000000000030E-05, 73.66034450715801540 ) ) ;
#726 = CIRCLE ( 'NONE', #89, 3.099999999999995204 ) ;
#727 = AXIS2_PLACEMENT_3D ( 'NONE', #1520, #1382, #138 ) ;
#728 = DIRECTION ( 'NONE',  ( -0.000000000000000000, -1.000000000000000000, -0.000000000000000000 ) ) ;
#729 = VECTOR ( 'NONE', #1491, 1000.000000000000000 ) ;
#730 = AXIS2_PLACEMENT_3D ( 'NONE', #403, #1496, #654 ) ;
#731 = ORIENTED_EDGE ( 'NONE', *, *, #1016, .T. ) ;
#732 = LINE ( 'NONE', #866, #1339 ) ;
#733 = ORIENTED_EDGE ( 'NONE', *, *, #926, .F. ) ;
#734 = CARTESIAN_POINT ( 'NONE',  ( 44.75000000000004263, 0.000000000000000000, -10.23749999998968363 ) ) ;
#735 = ORIENTED_EDGE ( 'NONE', *, *, #1571, .F. ) ;
#736 = DIRECTION ( 'NONE',  ( 0.8660254037844383745, -0.000000000000000000, 0.5000000000000006661 ) ) ;
#737 = ADVANCED_FACE ( 'NONE', ( #408 ), #1377, .T. ) ;
#738 = FACE_OUTER_BOUND ( 'NONE', #1156, .T. ) ;
#739 = ORIENTED_EDGE ( 'NONE', *, *, #58, .T. ) ;
#740 = PLANE ( 'NONE',  #345 ) ;
#741 = CARTESIAN_POINT ( 'NONE',  ( 62.50000000000005684, 16.00000000000000000, 71.51250000000000284 ) ) ;
#742 = CARTESIAN_POINT ( 'NONE',  ( -46.10887176142067290, -3.308722450212110699E-21, 0.2646554928456140154 ) ) ;
#743 = CARTESIAN_POINT ( 'NONE',  ( -54.94233088002538068, 6.000000000000000000, 83.86034450715800403 ) ) ;
#744 = EDGE_CURVE ( 'NONE', #504, #1136, #823, .T. ) ;
#745 = VERTEX_POINT ( 'NONE', #1676 ) ;
#746 = DIRECTION ( 'NONE',  ( 0.000000000000000000, -1.000000000000000000, 0.000000000000000000 ) ) ;
#747 = FACE_OUTER_BOUND ( 'NONE', #1101, .T. ) ;
#748 = DIRECTION ( 'NONE',  ( 1.000000000000000000, 0.000000000000000000, -1.919631430846290664E-13 ) ) ;
#749 = CIRCLE ( 'NONE', #1077, 17.74999999999518607 ) ;
#750 = AXIS2_PLACEMENT_3D ( 'NONE', #777, #387, #1089 ) ;
#751 = ADVANCED_FACE ( 'NONE', ( #560 ), #1003, .T. ) ;
#752 = ORIENTED_EDGE ( 'NONE', *, *, #1551, .T. ) ;
#753 = VECTOR ( 'NONE', #1490, 1000.000000000000000 ) ;
#754 = EDGE_CURVE ( 'NONE', #828, #980, #20, .T. ) ;
#755 =( GEOMETRIC_REPRESENTATION_CONTEXT ( 3 ) GLOBAL_UNCERTAINTY_ASSIGNED_CONTEXT ( ( #1749 ) ) GLOBAL_UNIT_ASSIGNED_CONTEXT ( ( #87, #936, #503 ) ) REPRESENTATION_CONTEXT ( 'NONE', 'WORKASPACE' ) );
#756 = CARTESIAN_POINT ( 'NONE',  ( -47.69999999999722462, 16.00000000000000000, 71.51250000000000284 ) ) ;
#757 = CARTESIAN_POINT ( 'NONE',  ( -51.99784450715485207, 6.000000000000000000, 0.2646554928456166800 ) ) ;
#758 = DIRECTION ( 'NONE',  ( 5.814715561933432710E-17, -0.000000000000000000, 1.000000000000000000 ) ) ;
#759 = ORIENTED_EDGE ( 'NONE', *, *, #1374, .T. ) ;
#760 = CARTESIAN_POINT ( 'NONE',  ( 44.75000000000004263, 16.00000000000000000, 71.51250000000000284 ) ) ;
#761 = ORIENTED_EDGE ( 'NONE', *, *, #482, .T. ) ;
#762 = LINE ( 'NONE', #1476, #263 ) ;
#763 = EDGE_CURVE ( 'NONE', #971, #315, #692, .T. ) ;
#764 = CARTESIAN_POINT ( 'NONE',  ( -54.94233088002194876, -3.308722450212110699E-21, 5.364655492845621154 ) ) ;
#765 = ORIENTED_EDGE ( 'NONE', *, *, #950, .T. ) ;
#766 = CARTESIAN_POINT ( 'NONE',  ( 49.05335813428845881, 6.000000000000000000, -4.835344507155531879 ) ) ;
#767 = DIRECTION ( 'NONE',  ( 0.000000000000000000, 1.000000000000000000, 0.000000000000000000 ) ) ;
#768 = DIRECTION ( 'NONE',  ( -1.000000000000000000, 0.000000000000000000, 1.550409106654271656E-14 ) ) ;
#769 = ORIENTED_EDGE ( 'NONE', *, *, #510, .F. ) ;
#770 = ORIENTED_EDGE ( 'NONE', *, *, #59, .T. ) ;
#771 = FACE_OUTER_BOUND ( 'NONE', #865, .T. ) ;
#772 = DIRECTION ( 'NONE',  ( -0.4999999999999994449, 0.000000000000000000, -0.8660254037844389297 ) ) ;
#773 = EDGE_CURVE ( 'NONE', #344, #820, #1195, .T. ) ;
#774 = ORIENTED_EDGE ( 'NONE', *, *, #1130, .F. ) ;
#775 = CARTESIAN_POINT ( 'NONE',  ( 0.000000000000000000, 6.000000000000000000, 0.000000000000000000 ) ) ;
#776 = ADVANCED_FACE ( 'NONE', ( #297 ), #684, .T. ) ;
#777 = CARTESIAN_POINT ( 'NONE',  ( -51.99784450715485207, 16.00000000000000000, 0.2646554928456166800 ) ) ;
#778 = LINE ( 'NONE', #1225, #1568 ) ;
#779 = ORIENTED_EDGE ( 'NONE', *, *, #94, .T. ) ;
#780 = VERTEX_POINT ( 'NONE', #425 ) ;
#781 = VECTOR ( 'NONE', #663, 1000.000000000000000 ) ;
#782 = VECTOR ( 'NONE', #159, 1000.000000000000000 ) ;
#783 = CARTESIAN_POINT ( 'NONE',  ( -44.74999999999995737, 16.00000000000000000, 89.26249999999416218 ) ) ;
#784 = VECTOR ( 'NONE', #658, 1000.000000000000000 ) ;
#785 = LINE ( 'NONE', #338, #441 ) ;
#786 = ORIENTED_EDGE ( 'NONE', *, *, #1425, .T. ) ;
#787 = PLANE ( 'NONE',  #1450 ) ;
#788 = LINE ( 'NONE', #948, #699 ) ;
#789 = EDGE_CURVE ( 'NONE', #1795, #1615, #277, .T. ) ;
#790 = LINE ( 'NONE', #1352, #871 ) ;
#791 = VERTEX_POINT ( 'NONE', #158 ) ;
#792 = ORIENTED_EDGE ( 'NONE', *, *, #619, .T. ) ;
#793 = CARTESIAN_POINT ( 'NONE',  ( 51.99784450715986139, 16.00000000000000000, 75.66034450716037441 ) ) ;
#794 = ORIENTED_EDGE ( 'NONE', *, *, #888, .F. ) ;
#795 = CARTESIAN_POINT ( 'NONE',  ( -54.94233088002194165, -1.200000000000000030E-05, -4.835344507154399452 ) ) ;
#796 = CYLINDRICAL_SURFACE ( 'NONE', #63, 2.649999999999999467 ) ;
#797 = LINE ( 'NONE', #112, #781 ) ;
#798 = ORIENTED_EDGE ( 'NONE', *, *, #1277, .F. ) ;
#799 = ORIENTED_EDGE ( 'NONE', *, *, #1406, .F. ) ;
#800 = CARTESIAN_POINT ( 'NONE',  ( 54.94233088002695808, -1.200000000000000030E-05, 73.66034450716033177 ) ) ;
#801 = DIRECTION ( 'NONE',  ( -0.4999999999999989453, 0.000000000000000000, -0.8660254037844391517 ) ) ;
#802 = ORIENTED_EDGE ( 'NONE', *, *, #288, .T. ) ;
#803 = DIRECTION ( 'NONE',  ( -0.5000000000000002220, 0.000000000000000000, 0.8660254037844384856 ) ) ;
#804 = DIRECTION ( 'NONE',  ( 0.8660254037844383745, -0.000000000000000000, 0.5000000000000004441 ) ) ;
#805 = CARTESIAN_POINT ( 'NONE',  ( -54.94233088002194876, 6.000000000000000000, 5.364655492845621154 ) ) ;
#806 = ORIENTED_EDGE ( 'NONE', *, *, #1218, .T. ) ;
#807 = EDGE_CURVE ( 'NONE', #1626, #989, #1103, .T. ) ;
#808 = EDGE_CURVE ( 'NONE', #274, #712, #1400, .T. ) ;
#809 = LINE ( 'NONE', #706, #967 ) ;
#810 = PRODUCT_DEFINITION_FORMATION_WITH_SPECIFIED_SOURCE ( 'ANY', '', #1452, .NOT_KNOWN. ) ;
#811 = VECTOR ( 'NONE', #1727, 1000.000000000000000 ) ;
#812 = ADVANCED_FACE ( 'NONE', ( #1655 ), #547, .T. ) ;
#813 = DIRECTION ( 'NONE',  ( 0.000000000000000000, -1.000000000000000000, 0.000000000000000000 ) ) ;
#814 = VECTOR ( 'NONE', #840, 1000.000000000000000 ) ;
#815 = VERTEX_POINT ( 'NONE', #1114 ) ;
#816 = CARTESIAN_POINT ( 'NONE',  ( -44.74999999999995737, 16.00000000000000000, -10.23749999998967830 ) ) ;
#817 = VECTOR ( 'NONE', #362, 999.9999999999998863 ) ;
#818 = VECTOR ( 'NONE', #1736, 1000.000000000000000 ) ;
#819 =( LENGTH_UNIT ( ) NAMED_UNIT ( * ) SI_UNIT ( .MILLI., .METRE. ) );
#820 = VERTEX_POINT ( 'NONE', #966 ) ;
#821 = ORIENTED_EDGE ( 'NONE', *, *, #754, .T. ) ;
#822 = DIRECTION ( 'NONE',  ( 0.000000000000000000, 0.000000000000000000, -1.000000000000000000 ) ) ;
#823 = LINE ( 'NONE', #432, #1631 ) ;
#824 = EDGE_CURVE ( 'NONE', #176, #831, #1536, .T. ) ;
#825 = LINE ( 'NONE', #834, #320 ) ;
#826 = CARTESIAN_POINT ( 'NONE',  ( 49.05335813429275049, 6.000000000000000000, 73.66034450716033177 ) ) ;
#827 = ORIENTED_EDGE ( 'NONE', *, *, #468, .F. ) ;
#828 = VERTEX_POINT ( 'NONE', #709 ) ;
#829 = EDGE_LOOP ( 'NONE', ( #1730, #376, #1555, #351 ) ) ;
#830 = DIRECTION ( 'NONE',  ( 5.814715561933432710E-17, -0.000000000000000000, 1.000000000000000000 ) ) ;
#831 = VERTEX_POINT ( 'NONE', #1682 ) ;
#832 = CARTESIAN_POINT ( 'NONE',  ( 63.07883459371278434, 0.000000000000000000, 69.76750667908360981 ) ) ;
#833 = EDGE_CURVE ( 'NONE', #712, #1265, #853, .T. ) ;
#834 = CARTESIAN_POINT ( 'NONE',  ( 44.75000000000004263, 16.00000000000000000, 89.26249999998850626 ) ) ;
#835 = CARTESIAN_POINT ( 'NONE',  ( 62.50000000000005684, 16.00000000000000000, 71.51250000000000284 ) ) ;
#836 = EDGE_LOOP ( 'NONE', ( #1505, #1566, #219, #798 ) ) ;
#837 = APPLICATION_CONTEXT ( 'automotive_design' ) ;
#838 = ORIENTED_EDGE ( 'NONE', *, *, #456, .F. ) ;
#839 = CARTESIAN_POINT ( 'NONE',  ( 57.88681725289406188, -1.200000000000000030E-05, 78.76034450716035451 ) ) ;
#840 = DIRECTION ( 'NONE',  ( -0.000000000000000000, -1.000000000000000000, -0.000000000000000000 ) ) ;
#841 = VECTOR ( 'NONE', #1191, 1000.000000000000000 ) ;
#842 = VECTOR ( 'NONE', #1581, 1000.000000000000000 ) ;
#843 = DIRECTION ( 'NONE',  ( 0.4999999999999999445, -0.000000000000000000, 0.8660254037844387076 ) ) ;
#844 = VECTOR ( 'NONE', #589, 1000.000000000000000 ) ;
#845 = VECTOR ( 'NONE', #990, 1000.000000000000000 ) ;
#846 = CARTESIAN_POINT ( 'NONE',  ( -57.88681725289247026, -1.200000000000000030E-05, 78.76034450715802393 ) ) ;
#847 = VERTEX_POINT ( 'NONE', #164 ) ;
#848 = EDGE_CURVE ( 'NONE', #1644, #1154, #716, .T. ) ;
#849 = DIRECTION ( 'NONE',  ( -0.8660254037844391517, 0.000000000000000000, 0.4999999999999990563 ) ) ;
#850 = EDGE_LOOP ( 'NONE', ( #472, #759, #1532, #1134 ) ) ;
#851 = DIRECTION ( 'NONE',  ( 0.5000000000000004441, 0.000000000000000000, -0.8660254037844383745 ) ) ;
#852 = ORIENTED_EDGE ( 'NONE', *, *, #754, .F. ) ;
#853 = LINE ( 'NONE', #576, #1662 ) ;
#854 = CARTESIAN_POINT ( 'NONE',  ( 49.05335813428844460, -1.200000000000000030E-05, 5.364655492844510931 ) ) ;
#855 = DIRECTION ( 'NONE',  ( 1.472857449742311683E-16, -0.000000000000000000, 1.000000000000000000 ) ) ;
#856 = ORIENTED_EDGE ( 'NONE', *, *, #1236, .F. ) ;
#857 = EDGE_CURVE ( 'NONE', #588, #457, #617, .T. ) ;
#858 = CARTESIAN_POINT ( 'NONE',  ( -51.99784450715485207, 16.00000000000000000, 3.364655492845611828 ) ) ;
#859 = ORIENTED_EDGE ( 'NONE', *, *, #172, .F. ) ;
#860 = DIRECTION ( 'NONE',  ( 0.000000000000000000, 0.000000000000000000, -1.000000000000000000 ) ) ;
#861 = ORIENTED_EDGE ( 'NONE', *, *, #1190, .T. ) ;
#862 = CARTESIAN_POINT ( 'NONE',  ( -51.99784450715829109, 16.00000000000000000, 78.76034450715800972 ) ) ;
#863 = CARTESIAN_POINT ( 'NONE',  ( -51.99784450715485207, 16.00000000000000000, 0.2646554928456166800 ) ) ;
#864 = ORIENTED_EDGE ( 'NONE', *, *, #1217, .F. ) ;
#865 = EDGE_LOOP ( 'NONE', ( #10, #1422, #508, #1709 ) ) ;
#866 = CARTESIAN_POINT ( 'NONE',  ( -47.69999999998928075, 16.00000000000000000, 7.512500000000018829 ) ) ;
#867 = ORIENTED_EDGE ( 'NONE', *, *, #456, .T. ) ;
#868 = DIRECTION ( 'NONE',  ( -0.4999999999999991118, 0.000000000000000000, 0.8660254037844391517 ) ) ;
#869 = EDGE_CURVE ( 'NONE', #791, #202, #603, .T. ) ;
#870 = CARTESIAN_POINT ( 'NONE',  ( 44.75000000000004263, 16.00000000000000000, 4.562500000003690381 ) ) ;
#871 = VECTOR ( 'NONE', #533, 1000.000000000000000 ) ;
#872 = AXIS2_PLACEMENT_3D ( 'NONE', #874, #341, #1045 ) ;
#873 = AXIS2_PLACEMENT_3D ( 'NONE', #1303, #613, #1703 ) ;
#874 = CARTESIAN_POINT ( 'NONE',  ( -44.74999999999995737, 16.00000000000000000, 71.51250000000000284 ) ) ;
#875 = AXIS2_PLACEMENT_3D ( 'NONE', #1209, #1771, #1185 ) ;
#876 = DIRECTION ( 'NONE',  ( 0.000000000000000000, 1.000000000000000000, 0.000000000000000000 ) ) ;
#877 = ORIENTED_EDGE ( 'NONE', *, *, #556, .T. ) ;
#878 = CARTESIAN_POINT ( 'NONE',  ( 51.99784450715556261, 6.000000000000000000, 0.2646554928444908583 ) ) ;
#879 = CARTESIAN_POINT ( 'NONE',  ( -44.74999999999995737, 0.000000000000000000, -10.23749999998967830 ) ) ;
#880 = EDGE_CURVE ( 'NONE', #982, #634, #1710, .T. ) ;
#881 = LINE ( 'NONE', #1318, #151 ) ;
#882 = SHAPE_DEFINITION_REPRESENTATION ( #1169, #73 ) ;
#883 = CARTESIAN_POINT ( 'NONE',  ( -54.94233088002537357, 6.000000000000000000, 73.66034450715801540 ) ) ;
#884 = EDGE_LOOP ( 'NONE', ( #1332, #1073, #104, #1385 ) ) ;
#885 = LINE ( 'NONE', #1026, #844 ) ;
#886 = CARTESIAN_POINT ( 'NONE',  ( 54.94233088002694387, 6.000000000000000000, 83.86034450716040567 ) ) ;
#887 = EDGE_CURVE ( 'NONE', #1693, #745, #1572, .T. ) ;
#888 = EDGE_CURVE ( 'NONE', #1723, #745, #1577, .T. ) ;
#889 = CARTESIAN_POINT ( 'NONE',  ( 44.75000000000004263, 0.000000000000000000, 7.512500000000018829 ) ) ;
#890 = LINE ( 'NONE', #1313, #1783 ) ;
#891 = ORIENTED_EDGE ( 'NONE', *, *, #1274, .T. ) ;
#892 = FACE_BOUND ( 'NONE', #12, .T. ) ;
#893 = DIRECTION ( 'NONE',  ( 0.000000000000000000, 0.000000000000000000, -1.000000000000000000 ) ) ;
#894 = AXIS2_PLACEMENT_3D ( 'NONE', #1330, #1441, #1181 ) ;
#895 = LINE ( 'NONE', #1320, #841 ) ;
#896 = AXIS2_PLACEMENT_3D ( 'NONE', #254, #768, #95 ) ;
#897 = VECTOR ( 'NONE', #460, 1000.000000000000000 ) ;
#898 = VECTOR ( 'NONE', #570, 1000.000000000000000 ) ;
#899 = ORIENTED_EDGE ( 'NONE', *, *, #183, .T. ) ;
#900 = EDGE_CURVE ( 'NONE', #1653, #1122, #479, .T. ) ;
#901 = EDGE_LOOP ( 'NONE', ( #1526, #961, #1379, #1592 ) ) ;
#902 = VECTOR ( 'NONE', #914, 1000.000000000000000 ) ;
#903 = AXIS2_PLACEMENT_3D ( 'NONE', #954, #813, #822 ) ;
#904 = CARTESIAN_POINT ( 'NONE',  ( 4.735177245084760526E-14, 10.72187499999997762, 4.562500000007192469 ) ) ;
#905 = FILL_AREA_STYLE_COLOUR ( '', #1515 ) ;
#906 = ORIENTED_EDGE ( 'NONE', *, *, #1468, .F. ) ;
#907 = LINE ( 'NONE', #1462, #962 ) ;
#908 = CARTESIAN_POINT ( 'NONE',  ( 0.000000000000000000, 6.000000000000000000, 0.000000000000000000 ) ) ;
#909 = PLANE ( 'NONE',  #1603 ) ;
#910 = VERTEX_POINT ( 'NONE', #1173 ) ;
#911 = ORIENTED_EDGE ( 'NONE', *, *, #405, .F. ) ;
#912 = EDGE_CURVE ( 'NONE', #656, #1737, #885, .T. ) ;
#913 = ADVANCED_FACE ( 'NONE', ( #331, #1439 ), #1716, .T. ) ;
#914 = DIRECTION ( 'NONE',  ( 0.000000000000000000, -1.000000000000000000, 0.000000000000000000 ) ) ;
#915 = LINE ( 'NONE', #1334, #264 ) ;
#916 = EDGE_LOOP ( 'NONE', ( #1413, #237, #207, #718 ) ) ;
#917 = DIRECTION ( 'NONE',  ( -0.000000000000000000, -1.000000000000000000, -0.000000000000000000 ) ) ;
#918 = DIRECTION ( 'NONE',  ( -0.000000000000000000, 1.000000000000000000, -0.000000000000000000 ) ) ;
#919 = LINE ( 'NONE', #951, #548 ) ;
#920 = ORIENTED_EDGE ( 'NONE', *, *, #824, .T. ) ;
#921 = ORIENTED_EDGE ( 'NONE', *, *, #1274, .F. ) ;
#922 = PLANE ( 'NONE',  #35 ) ;
#923 = LINE ( 'NONE', #1210, #1170 ) ;
#924 = VERTEX_POINT ( 'NONE', #734 ) ;
#925 = FACE_OUTER_BOUND ( 'NONE', #1465, .T. ) ;
#926 = EDGE_CURVE ( 'NONE', #952, #458, #348, .T. ) ;
#927 = LINE ( 'NONE', #1503, #346 ) ;
#928 = PLANE ( 'NONE',  #1518 ) ;
#929 = ORIENTED_EDGE ( 'NONE', *, *, #600, .F. ) ;
#930 = ORIENTED_EDGE ( 'NONE', *, *, #1306, .T. ) ;
#931 = VECTOR ( 'NONE', #314, 1000.000000000000000 ) ;
#932 = AXIS2_PLACEMENT_3D ( 'NONE', #757, #1175, #185 ) ;
#933 = CARTESIAN_POINT ( 'NONE',  ( 44.75000000000004263, 16.00000000000000000, 74.46249999998508429 ) ) ;
#934 = VECTOR ( 'NONE', #1493, 1000.000000000000114 ) ;
#935 = VECTOR ( 'NONE', #667, 1000.000000000000000 ) ;
#936 =( NAMED_UNIT ( * ) PLANE_ANGLE_UNIT ( ) SI_UNIT ( $, .RADIAN. ) );
#937 = ORIENTED_EDGE ( 'NONE', *, *, #500, .T. ) ;
#938 = CARTESIAN_POINT ( 'NONE',  ( 54.94233088002264509, -3.308722450212110699E-21, 5.364655492844510931 ) ) ;
#939 = EDGE_CURVE ( 'NONE', #1661, #982, #1049, .T. ) ;
#940 = PLANE ( 'NONE',  #993 ) ;
#941 = CARTESIAN_POINT ( 'NONE',  ( 57.88681725288974889, -3.308722450212110699E-21, 0.2646554928444847521 ) ) ;
#942 = ORIENTED_EDGE ( 'NONE', *, *, #1800, .F. ) ;
#943 = ORIENTED_EDGE ( 'NONE', *, *, #900, .T. ) ;
#944 = DIRECTION ( 'NONE',  ( 0.000000000000000000, 1.000000000000000000, 0.000000000000000000 ) ) ;
#945 = LINE ( 'NONE', #1645, #676 ) ;
#946 = ORIENTED_EDGE ( 'NONE', *, *, #622, .T. ) ;
#947 = CARTESIAN_POINT ( 'NONE',  ( -76.62037547510922764, 0.000000000000000000, 25.91286985972876167 ) ) ;
#948 = CARTESIAN_POINT ( 'NONE',  ( -44.74999999999995737, 0.000000000000000000, 83.86034450715800403 ) ) ;
#949 = EDGE_CURVE ( 'NONE', #924, #989, #1040, .T. ) ;
#950 = EDGE_CURVE ( 'NONE', #130, #1516, #1563, .T. ) ;
#951 = CARTESIAN_POINT ( 'NONE',  ( 51.99784450715986139, 16.00000000000000000, 75.66034450716037441 ) ) ;
#952 = VERTEX_POINT ( 'NONE', #62 ) ;
#953 = EDGE_CURVE ( 'NONE', #383, #344, #171, .T. ) ;
#954 = CARTESIAN_POINT ( 'NONE',  ( 44.75000000000004263, 16.00000000000000000, 7.512500000000018829 ) ) ;
#955 = CARTESIAN_POINT ( 'NONE',  ( 54.94233088002265220, -1.200000000000000030E-05, -4.835344507155532767 ) ) ;
#956 = DIRECTION ( 'NONE',  ( 0.000000000000000000, 0.000000000000000000, -1.000000000000000000 ) ) ;
#957 = PLANE ( 'NONE',  #896 ) ;
#958 = ORIENTED_EDGE ( 'NONE', *, *, #1458, .F. ) ;
#959 = VECTOR ( 'NONE', #205, 1000.000000000000114 ) ;
#960 = EDGE_CURVE ( 'NONE', #1626, #1362, #1373, .T. ) ;
#961 = ORIENTED_EDGE ( 'NONE', *, *, #172, .T. ) ;
#962 = VECTOR ( 'NONE', #1328, 1000.000000000000000 ) ;
#963 = CARTESIAN_POINT ( 'NONE',  ( 44.75000000000004263, 0.000000000000000000, 71.51250000000000284 ) ) ;
#964 = VECTOR ( 'NONE', #368, 1000.000000000000000 ) ;
#965 = ORIENTED_EDGE ( 'NONE', *, *, #556, .F. ) ;
#966 = CARTESIAN_POINT ( 'NONE',  ( -44.74999999999995737, 0.000000000000000000, 89.26249999999416218 ) ) ;
#967 = VECTOR ( 'NONE', #1387, 1000.000000000000000 ) ;
#968 = AXIS2_PLACEMENT_3D ( 'NONE', #1059, #526, #507 ) ;
#969 = LINE ( 'NONE', #287, #782 ) ;
#970 = LINE ( 'NONE', #1132, #228 ) ;
#971 = VERTEX_POINT ( 'NONE', #1285 ) ;
#972 = ORIENTED_EDGE ( 'NONE', *, *, #807, .T. ) ;
#973 = EDGE_CURVE ( 'NONE', #1362, #1147, #1433, .T. ) ;
#974 = DIRECTION ( 'NONE',  ( 0.4999999999999991118, 0.000000000000000000, 0.8660254037844391517 ) ) ;
#975 = ORIENTED_EDGE ( 'NONE', *, *, #1442, .F. ) ;
#976 = DIRECTION ( 'NONE',  ( -1.472857449742315135E-16, 0.000000000000000000, 1.000000000000000000 ) ) ;
#977 = CARTESIAN_POINT ( 'NONE',  ( 35.36602167260542728, 0.000000000000000000, -38.74250667908057721 ) ) ;
#978 = DIRECTION ( 'NONE',  ( -0.4999999999999990563, 0.000000000000000000, 0.8660254037844391517 ) ) ;
#979 = EDGE_LOOP ( 'NONE', ( #17, #921, #1291, #1689 ) ) ;
#980 = VERTEX_POINT ( 'NONE', #756 ) ;
#981 = CARTESIAN_POINT ( 'NONE',  ( 51.99784450715986139, 6.000000000000000000, 78.76034450716036872 ) ) ;
#982 = VERTEX_POINT ( 'NONE', #596 ) ;
#983 = CARTESIAN_POINT ( 'NONE',  ( -54.94233088002194165, 6.000000000000000000, -4.835344507154399452 ) ) ;
#984 = EDGE_CURVE ( 'NONE', #241, #1372, #1569, .T. ) ;
#985 = CARTESIAN_POINT ( 'NONE',  ( -49.05335813428776959, -1.200000000000000030E-05, -4.835344507154398563 ) ) ;
#986 = DIRECTION ( 'NONE',  ( -1.000000000000000000, -0.000000000000000000, 0.000000000000000000 ) ) ;
#987 = CYLINDRICAL_SURFACE ( 'NONE', #1481, 17.74999999999362998 ) ;
#988 = EDGE_LOOP ( 'NONE', ( #1206, #1705, #1386, #664 ) ) ;
#989 = VERTEX_POINT ( 'NONE', #879 ) ;
#990 = DIRECTION ( 'NONE',  ( -0.000000000000000000, -1.000000000000000000, -0.000000000000000000 ) ) ;
#991 = EDGE_LOOP ( 'NONE', ( #546, #38, #1782, #864 ) ) ;
#992 = DIRECTION ( 'NONE',  ( 0.000000000000000000, -1.000000000000000000, 0.000000000000000000 ) ) ;
#993 = AXIS2_PLACEMENT_3D ( 'NONE', #1767, #1368, #686 ) ;
#994 = CARTESIAN_POINT ( 'NONE',  ( -62.49999999998915712, 0.000000000000000000, 7.512500000000020606 ) ) ;
#995 = CIRCLE ( 'NONE', #124, 2.649999999999999467 ) ;
#996 = ADVANCED_FACE ( 'NONE', ( #1033, #1584, #337, #892, #1444, #1364 ), #922, .T. ) ;
#997 = AXIS2_PLACEMENT_3D ( 'NONE', #839, #250, #156 ) ;
#998 = CARTESIAN_POINT ( 'NONE',  ( -51.99784450715485207, 16.00000000000000000, 0.2646554928456166800 ) ) ;
#999 = ORIENTED_EDGE ( 'NONE', *, *, #848, .F. ) ;
#1000 = VERTEX_POINT ( 'NONE', #347 ) ;
#1001 = CARTESIAN_POINT ( 'NONE',  ( -49.05335813429119440, 6.000000000000000000, 83.86034450715800403 ) ) ;
#1002 = ORIENTED_EDGE ( 'NONE', *, *, #789, .F. ) ;
#1003 = PLANE ( 'NONE',  #727 ) ;
#1004 = CARTESIAN_POINT ( 'NONE',  ( -44.74999999999995737, 16.00000000000000000, 7.512500000000018829 ) ) ;
#1005 = DIRECTION ( 'NONE',  ( 0.000000000000000000, 0.000000000000000000, -1.000000000000000000 ) ) ;
#1006 = EDGE_CURVE ( 'NONE', #430, #363, #762, .T. ) ;
#1007 = EDGE_CURVE ( 'NONE', #1247, #780, #1745, .T. ) ;
#1008 = ORIENTED_EDGE ( 'NONE', *, *, #71, .T. ) ;
#1009 = DIRECTION ( 'NONE',  ( 0.4999999999999992228, 0.000000000000000000, -0.8660254037844390407 ) ) ;
#1010 = ORIENTED_EDGE ( 'NONE', *, *, #1393, .T. ) ;
#1011 = DIRECTION ( 'NONE',  ( 0.000000000000000000, 1.000000000000000000, 0.000000000000000000 ) ) ;
#1012 = CARTESIAN_POINT ( 'NONE',  ( -51.99784450715485207, 16.00000000000000000, 0.2646554928456166800 ) ) ;
#1013 = CARTESIAN_POINT ( 'NONE',  ( 0.000000000000000000, 0.000000000000000000, 0.000000000000000000 ) ) ;
#1014 = DIRECTION ( 'NONE',  ( 0.000000000000000000, -1.000000000000000000, 0.000000000000000000 ) ) ;
#1015 = ORIENTED_EDGE ( 'NONE', *, *, #685, .T. ) ;
#1016 = EDGE_CURVE ( 'NONE', #430, #1208, #995, .T. ) ;
#1017 = CARTESIAN_POINT ( 'NONE',  ( -51.99784450715485207, 16.00000000000000000, -2.835344507154378579 ) ) ;
#1018 = DIRECTION ( 'NONE',  ( 0.000000000000000000, 1.000000000000000000, 0.000000000000000000 ) ) ;
#1019 = DIRECTION ( 'NONE',  ( 0.000000000000000000, 0.000000000000000000, -1.000000000000000000 ) ) ;
#1020 = VECTOR ( 'NONE', #413, 1000.000000000000114 ) ;
#1021 = AXIS2_PLACEMENT_3D ( 'NONE', #506, #1359, #677 ) ;
#1022 = AXIS2_PLACEMENT_3D ( 'NONE', #862, #467, #194 ) ;
#1023 = LINE ( 'NONE', #1430, #61 ) ;
#1024 = AXIS2_PLACEMENT_3D ( 'NONE', #963, #1249, #258 ) ;
#1025 = EDGE_LOOP ( 'NONE', ( #1227, #965, #367, #911 ) ) ;
#1026 = CARTESIAN_POINT ( 'NONE',  ( 44.75000000000004263, 16.00000000000000000, 4.562500000003690381 ) ) ;
#1027 = EDGE_CURVE ( 'NONE', #330, #1634, #226, .T. ) ;
#1028 = APPLICATION_CONTEXT ( 'automotive_design' ) ;
#1029 = CARTESIAN_POINT ( 'NONE',  ( 62.49999999999759126, 16.00000000000000000, 7.512500000000018829 ) ) ;
#1030 = CARTESIAN_POINT ( 'NONE',  ( 57.88681725289406188, -1.200000000000000030E-05, 78.76034450716035451 ) ) ;
#1031 = DIRECTION ( 'NONE',  ( 7.826607146362401544E-14, 0.000000000000000000, 1.000000000000000000 ) ) ;
#1032 = VERTEX_POINT ( 'NONE', #783 ) ;
#1033 = FACE_BOUND ( 'NONE', #247, .T. ) ;
#1034 = PRESENTATION_STYLE_ASSIGNMENT (( #1609 ) ) ;
#1035 = CARTESIAN_POINT ( 'NONE',  ( 51.99784450715556261, 16.00000000000000000, 0.2646554928444908583 ) ) ;
#1036 = EDGE_CURVE ( 'NONE', #1122, #202, #107, .T. ) ;
#1037 = CARTESIAN_POINT ( 'NONE',  ( -46.10887176142411192, 6.000000000000000000, 78.76034450715800972 ) ) ;
#1038 = ORIENTED_EDGE ( 'NONE', *, *, #657, .F. ) ;
#1039 = EDGE_LOOP ( 'NONE', ( #1797, #1314, #1292, #215 ) ) ;
#1040 = LINE ( 'NONE', #1295, #491 ) ;
#1041 = CARTESIAN_POINT ( 'NONE',  ( -51.99784450715485207, 16.00000000000000000, -2.835344507154378579 ) ) ;
#1042 = EDGE_LOOP ( 'NONE', ( #1707, #731 ) ) ;
#1043 = LINE ( 'NONE', #1447, #121 ) ;
#1044 = AXIS2_PLACEMENT_3D ( 'NONE', #1540, #291, #329 ) ;
#1045 = DIRECTION ( 'NONE',  ( 0.000000000000000000, 0.000000000000000000, -1.000000000000000000 ) ) ;
#1046 = VECTOR ( 'NONE', #246, 1000.000000000000000 ) ;
#1047 = AXIS2_PLACEMENT_3D ( 'NONE', #1509, #804, #1237 ) ;
#1048 = EDGE_CURVE ( 'NONE', #202, #266, #1200, .T. ) ;
#1049 = CIRCLE ( 'NONE', #1022, 3.100000000000005418 ) ;
#1050 = CARTESIAN_POINT ( 'NONE',  ( 44.75000000000004263, 16.00000000000000000, 71.51250000000000284 ) ) ;
#1051 = ORIENTED_EDGE ( 'NONE', *, *, #356, .T. ) ;
#1052 = ORIENTED_EDGE ( 'NONE', *, *, #1425, .F. ) ;
#1053 = CIRCLE ( 'NONE', #293, 2.949999999985665422 ) ;
#1054 = VECTOR ( 'NONE', #169, 1000.000000000000000 ) ;
#1055 = DIRECTION ( 'NONE',  ( -0.8660254037844387076, 0.000000000000000000, -0.4999999999999998335 ) ) ;
#1056 = ORIENTED_EDGE ( 'NONE', *, *, #1142, .F. ) ;
#1057 = DIRECTION ( 'NONE',  ( 1.000000000000000000, 0.000000000000000000, -0.000000000000000000 ) ) ;
#1058 = CARTESIAN_POINT ( 'NONE',  ( 4.735177245084760526E-14, 10.72187499999997762, -10.23749999998968185 ) ) ;
#1059 = CARTESIAN_POINT ( 'NONE',  ( 4.735177245084760526E-14, 10.72187499999997762, 4.562500000007192469 ) ) ;
#1060 = VERTEX_POINT ( 'NONE', #933 ) ;
#1061 = ORIENTED_EDGE ( 'NONE', *, *, #619, .F. ) ;
#1062 = ADVANCED_FACE ( 'NONE', ( #771 ), #1081, .F. ) ;
#1063 = CYLINDRICAL_SURFACE ( 'NONE', #875, 3.099999999999991651 ) ;
#1064 = EDGE_LOOP ( 'NONE', ( #1267, #1408, #1702, #752 ) ) ;
#1065 = LINE ( 'NONE', #1744, #1082 ) ;
#1066 = CARTESIAN_POINT ( 'NONE',  ( 57.88681725288974889, -1.200000000000000030E-05, 0.2646554928444847521 ) ) ;
#1067 = CARTESIAN_POINT ( 'NONE',  ( -62.49999999998915712, 16.00000000000000000, 7.512500000000020606 ) ) ;
#1068 = EDGE_LOOP ( 'NONE', ( #624, #794, #53, #1183 ) ) ;
#1069 = VERTEX_POINT ( 'NONE', #1636 ) ;
#1070 = CARTESIAN_POINT ( 'NONE',  ( -44.74999999999995737, 16.00000000000000000, 7.512500000000018829 ) ) ;
#1071 = EDGE_CURVE ( 'NONE', #422, #1634, #377, .T. ) ;
#1072 = CARTESIAN_POINT ( 'NONE',  ( -54.94233088002537357, 6.000000000000000000, 73.66034450715801540 ) ) ;
#1073 = ORIENTED_EDGE ( 'NONE', *, *, #1277, .T. ) ;
#1074 = PLANE ( 'NONE',  #201 ) ;
#1075 = CARTESIAN_POINT ( 'NONE',  ( -54.94233088002194165, 0.000000000000000000, -4.835344507154400340 ) ) ;
#1076 = DIRECTION ( 'NONE',  ( 0.8660254037844390407, 0.000000000000000000, -0.4999999999999995004 ) ) ;
#1077 = AXIS2_PLACEMENT_3D ( 'NONE', #477, #767, #605 ) ;
#1078 = ORIENTED_EDGE ( 'NONE', *, *, #869, .T. ) ;
#1079 = ORIENTED_EDGE ( 'NONE', *, *, #1725, .T. ) ;
#1080 = AXIS2_PLACEMENT_3D ( 'NONE', #1612, #918, #662 ) ;
#1081 = CYLINDRICAL_SURFACE ( 'NONE', #123, 2.949999999985075672 ) ;
#1082 = VECTOR ( 'NONE', #513, 1000.000000000000000 ) ;
#1083 = AXIS2_PLACEMENT_3D ( 'NONE', #626, #1055, #1355 ) ;
#1084 = CARTESIAN_POINT ( 'NONE',  ( 54.94233088002265220, -3.308722450212110699E-21, -4.835344507155532767 ) ) ;
#1085 = EDGE_CURVE ( 'NONE', #713, #176, #1219, .T. ) ;
#1086 = ORIENTED_EDGE ( 'NONE', *, *, #79, .T. ) ;
#1087 = CARTESIAN_POINT ( 'NONE',  ( -49.05335813428776959, 6.000000000000000000, -4.835344507154398563 ) ) ;
#1088 = ADVANCED_FACE ( 'NONE', ( #1459 ), #1063, .F. ) ;
#1089 = DIRECTION ( 'NONE',  ( 0.000000000000000000, 0.000000000000000000, -1.000000000000000000 ) ) ;
#1090 = FACE_OUTER_BOUND ( 'NONE', #1064, .T. ) ;
#1091 = ORIENTED_EDGE ( 'NONE', *, *, #900, .F. ) ;
#1092 = EDGE_LOOP ( 'NONE', ( #509, #157, #821, #127 ) ) ;
#1093 = CARTESIAN_POINT ( 'NONE',  ( 44.75000000000004263, 16.00000000000000000, 71.51250000000000284 ) ) ;
#1094 = CARTESIAN_POINT ( 'NONE',  ( -51.99784450715829109, 16.00000000000000000, 78.76034450715800972 ) ) ;
#1095 = ORIENTED_EDGE ( 'NONE', *, *, #960, .T. ) ;
#1096 = CARTESIAN_POINT ( 'NONE',  ( 49.05335813429275049, -1.200000000000000030E-05, 73.66034450716033177 ) ) ;
#1097 = FACE_BOUND ( 'NONE', #1562, .T. ) ;
#1098 = EDGE_CURVE ( 'NONE', #713, #389, #529, .T. ) ;
#1099 = DIRECTION ( 'NONE',  ( -0.000000000000000000, -1.000000000000000000, -0.000000000000000000 ) ) ;
#1100 = ORIENTED_EDGE ( 'NONE', *, *, #833, .T. ) ;
#1101 = EDGE_LOOP ( 'NONE', ( #501, #1542, #739, #1086 ) ) ;
#1102 = PLANE ( 'NONE',  #997 ) ;
#1103 = LINE ( 'NONE', #1668, #814 ) ;
#1104 = DIRECTION ( 'NONE',  ( 1.000000000000000000, 0.000000000000000000, -1.919631430846290664E-13 ) ) ;
#1105 = DIRECTION ( 'NONE',  ( 0.8660254037844387076, -0.000000000000000000, 0.4999999999999998335 ) ) ;
#1106 = EDGE_LOOP ( 'NONE', ( #275, #792, #616, #1671 ) ) ;
#1107 = EDGE_CURVE ( 'NONE', #363, #1127, #1290, .T. ) ;
#1108 = VERTEX_POINT ( 'NONE', #793 ) ;
#1109 = AXIS2_PLACEMENT_3D ( 'NONE', #1050, #1554, #715 ) ;
#1110 = VECTOR ( 'NONE', #1677, 1000.000000000000000 ) ;
#1111 = CARTESIAN_POINT ( 'NONE',  ( -85.45383459371056745, 0.000000000000000000, 31.01286985972890520 ) ) ;
#1112 = AXIS2_PLACEMENT_3D ( 'NONE', #955, #505, #401 ) ;
#1113 = ORIENTED_EDGE ( 'NONE', *, *, #824, .F. ) ;
#1114 = CARTESIAN_POINT ( 'NONE',  ( -49.05335813429119440, -3.308722450212110699E-21, 83.86034450715800403 ) ) ;
#1115 = VECTOR ( 'NONE', #1796, 999.9999999999998863 ) ;
#1116 = DIRECTION ( 'NONE',  ( 0.000000000000000000, -0.000000000000000000, 1.000000000000000000 ) ) ;
#1117 = CARTESIAN_POINT ( 'NONE',  ( 4.735177245084760526E-14, 10.72187499999997762, -15.23749999999238192 ) ) ;
#1118 = ORIENTED_EDGE ( 'NONE', *, *, #1288, .T. ) ;
#1119 = EDGE_LOOP ( 'NONE', ( #1395, #906, #1591, #856, #304, #1113 ) ) ;
#1120 = ADVANCED_FACE ( 'NONE', ( #1739 ), #77, .T. ) ;
#1121 = CARTESIAN_POINT ( 'NONE',  ( 44.75000000000004263, 16.00000000000000000, -10.23749999998968363 ) ) ;
#1122 = VERTEX_POINT ( 'NONE', #1333 ) ;
#1123 = DIRECTION ( 'NONE',  ( -1.402957611196242990E-13, 0.000000000000000000, 1.000000000000000000 ) ) ;
#1124 = LINE ( 'NONE', #985, #229 ) ;
#1125 = DIRECTION ( 'NONE',  ( 0.000000000000000000, -1.000000000000000000, 0.000000000000000000 ) ) ;
#1126 = ORIENTED_EDGE ( 'NONE', *, *, #773, .T. ) ;
#1127 = VERTEX_POINT ( 'NONE', #517 ) ;
#1128 = FACE_OUTER_BOUND ( 'NONE', #884, .T. ) ;
#1129 = DIRECTION ( 'NONE',  ( 0.000000000000000000, 1.000000000000000000, 0.000000000000000000 ) ) ;
#1130 = EDGE_CURVE ( 'NONE', #315, #1738, #1754, .T. ) ;
#1131 = DIRECTION ( 'NONE',  ( 0.000000000000000000, 0.000000000000000000, -1.000000000000000000 ) ) ;
#1132 = CARTESIAN_POINT ( 'NONE',  ( 62.49999999999759126, 0.000000000000000000, 7.512500000000018829 ) ) ;
#1133 = CARTESIAN_POINT ( 'NONE',  ( 44.75000000000004263, 16.00000000000000000, 4.562500000003690381 ) ) ;
#1134 = ORIENTED_EDGE ( 'NONE', *, *, #360, .F. ) ;
#1135 = DIRECTION ( 'NONE',  ( -0.000000000000000000, 1.000000000000000000, -0.000000000000000000 ) ) ;
#1136 = VERTEX_POINT ( 'NONE', #86 ) ;
#1137 = DIRECTION ( 'NONE',  ( 1.000000000000000000, 0.000000000000000000, -0.000000000000000000 ) ) ;
#1138 = AXIS2_PLACEMENT_3D ( 'NONE', #495, #917, #1639 ) ;
#1139 = ADVANCED_FACE ( 'NONE', ( #502 ), #1617, .T. ) ;
#1140 = CYLINDRICAL_SURFACE ( 'NONE', #1742, 17.74999999998944844 ) ;
#1141 = AXIS2_PLACEMENT_3D ( 'NONE', #48, #746, #316 ) ;
#1142 = EDGE_CURVE ( 'NONE', #1610, #422, #809, .T. ) ;
#1143 = VECTOR ( 'NONE', #876, 1000.000000000000000 ) ;
#1144 = DIRECTION ( 'NONE',  ( -0.000000000000000000, -1.000000000000000000, -0.000000000000000000 ) ) ;
#1145 = CARTESIAN_POINT ( 'NONE',  ( 44.75000000000004263, 16.00000000000000000, 7.512500000000018829 ) ) ;
#1146 = DIRECTION ( 'NONE',  ( 0.000000000000000000, 1.000000000000000000, 0.000000000000000000 ) ) ;
#1147 = VERTEX_POINT ( 'NONE', #1255 ) ;
#1148 = LINE ( 'NONE', #1701, #1192 ) ;
#1149 = ORIENTED_EDGE ( 'NONE', *, *, #1683, .F. ) ;
#1150 = CARTESIAN_POINT ( 'NONE',  ( 54.94233088002264509, 6.000000000000000000, 5.364655492844510931 ) ) ;
#1151 = CARTESIAN_POINT ( 'NONE',  ( 57.88681725289406188, 6.000000000000000000, 78.76034450716035451 ) ) ;
#1152 = ORIENTED_EDGE ( 'NONE', *, *, #1179, .F. ) ;
#1153 = EDGE_CURVE ( 'NONE', #241, #266, #464, .T. ) ;
#1154 = VERTEX_POINT ( 'NONE', #1437 ) ;
#1155 = LINE ( 'NONE', #1544, #818 ) ;
#1156 = EDGE_LOOP ( 'NONE', ( #167, #765, #1353, #1296, #1761, #770 ) ) ;
#1157 = CARTESIAN_POINT ( 'NONE',  ( -48.90756255400309982, 0.000000000000000000, 5.112130140273595913 ) ) ;
#1158 = VERTEX_POINT ( 'NONE', #608 ) ;
#1159 = DIRECTION ( 'NONE',  ( 0.000000000000000000, 0.000000000000000000, -1.000000000000000000 ) ) ;
#1160 = APPLICATION_PROTOCOL_DEFINITION ( 'draft international standard', 'automotive_design', 1998, #1028 ) ;
#1161 = LINE ( 'NONE', #1030, #842 ) ;
#1162 = ADVANCED_FACE ( 'NONE', ( #1171, #1722 ), #471, .T. ) ;
#1163 = ORIENTED_EDGE ( 'NONE', *, *, #1748, .T. ) ;
#1164 = DIRECTION ( 'NONE',  ( 0.000000000000000000, 1.000000000000000000, 0.000000000000000000 ) ) ;
#1165 = LINE ( 'NONE', #190, #1512 ) ;
#1166 = VECTOR ( 'NONE', #1104, 1000.000000000000000 ) ;
#1167 = VECTOR ( 'NONE', #868, 1000.000000000000000 ) ;
#1168 = LINE ( 'NONE', #483, #959 ) ;
#1169 = PRODUCT_DEFINITION_SHAPE ( 'NONE', 'NONE',  #1426 ) ;
#1170 = VECTOR ( 'NONE', #227, 1000.000000000000000 ) ;
#1171 = FACE_BOUND ( 'NONE', #1553, .T. ) ;
#1172 = EDGE_LOOP ( 'NONE', ( #248, #1802, #1280, #1497 ) ) ;
#1173 = CARTESIAN_POINT ( 'NONE',  ( -57.88681725289247026, 6.000000000000000000, 78.76034450715802393 ) ) ;
#1174 = EDGE_CURVE ( 'NONE', #648, #910, #890, .T. ) ;
#1175 = DIRECTION ( 'NONE',  ( -0.000000000000000000, 1.000000000000000000, -0.000000000000000000 ) ) ;
#1176 = DIRECTION ( 'NONE',  ( 0.4999999999999997224, 0.000000000000000000, 0.8660254037844388186 ) ) ;
#1177 = ORIENTED_EDGE ( 'NONE', *, *, #326, .F. ) ;
#1178 = CARTESIAN_POINT ( 'NONE',  ( 46.10887176142135502, -1.200000000000000030E-05, 0.2646554928444917465 ) ) ;
#1179 = EDGE_CURVE ( 'NONE', #1610, #656, #1053, .T. ) ;
#1180 = FACE_OUTER_BOUND ( 'NONE', #916, .T. ) ;
#1181 = DIRECTION ( 'NONE',  ( 0.000000000000000000, 0.000000000000000000, -1.000000000000000000 ) ) ;
#1182 = CARTESIAN_POINT ( 'NONE',  ( -44.74999999999995737, 16.00000000000000000, 74.46249999999623981 ) ) ;
#1183 = ORIENTED_EDGE ( 'NONE', *, *, #416, .T. ) ;
#1184 = ORIENTED_EDGE ( 'NONE', *, *, #694, .F. ) ;
#1185 = DIRECTION ( 'NONE',  ( 0.000000000000000000, 0.000000000000000000, -1.000000000000000000 ) ) ;
#1186 = DIRECTION ( 'NONE',  ( -1.000000000000000000, 0.000000000000000000, 0.000000000000000000 ) ) ;
#1187 = VERTEX_POINT ( 'NONE', #858 ) ;
#1188 = CARTESIAN_POINT ( 'NONE',  ( 57.88681725289406188, 6.000000000000000000, 78.76034450716035451 ) ) ;
#1189 = VECTOR ( 'NONE', #1699, 1000.000000000000000 ) ;
#1190 = EDGE_CURVE ( 'NONE', #573, #1723, #155, .T. ) ;
#1191 = DIRECTION ( 'NONE',  ( 1.000000000000000000, 0.000000000000000000, -2.310380316608217503E-14 ) ) ;
#1192 = VECTOR ( 'NONE', #1421, 1000.000000000000000 ) ;
#1193 = CIRCLE ( 'NONE', #409, 3.099999999999995204 ) ;
#1194 = EDGE_CURVE ( 'NONE', #980, #847, #1232, .T. ) ;
#1195 = CIRCLE ( 'NONE', #64, 17.74999999999518607 ) ;
#1196 = CARTESIAN_POINT ( 'NONE',  ( -44.74999999999995737, 16.00000000000000000, -10.23749999998967830 ) ) ;
#1197 = ORIENTED_EDGE ( 'NONE', *, *, #245, .F. ) ;
#1198 = ORIENTED_EDGE ( 'NONE', *, *, #500, .F. ) ;
#1199 = MECHANICAL_DESIGN_GEOMETRIC_PRESENTATION_REPRESENTATION (  '', ( #349 ), #755 ) ;
#1200 = LINE ( 'NONE', #1624, #784 ) ;
#1201 = CARTESIAN_POINT ( 'NONE',  ( 51.99784450715986139, 16.00000000000000000, 78.76034450716036872 ) ) ;
#1202 = VERTEX_POINT ( 'NONE', #627 ) ;
#1203 = DIRECTION ( 'NONE',  ( 0.000000000000000000, -1.000000000000000000, 0.000000000000000000 ) ) ;
#1204 = DIRECTION ( 'NONE',  ( -0.000000000000000000, -0.000000000000000000, 1.000000000000000000 ) ) ;
#1205 = FACE_OUTER_BOUND ( 'NONE', #1446, .T. ) ;
#1206 = ORIENTED_EDGE ( 'NONE', *, *, #1790, .F. ) ;
#1207 = EDGE_CURVE ( 'NONE', #980, #1240, #108, .T. ) ;
#1208 = VERTEX_POINT ( 'NONE', #1477 ) ;
#1209 = CARTESIAN_POINT ( 'NONE',  ( 51.99784450715986139, 16.00000000000000000, 78.76034450716036872 ) ) ;
#1210 = CARTESIAN_POINT ( 'NONE',  ( -54.94233088002538068, -1.200000000000000030E-05, 83.86034450715800403 ) ) ;
#1211 = ORIENTED_EDGE ( 'NONE', *, *, #117, .T. ) ;
#1212 = LINE ( 'NONE', #1336, #675 ) ;
#1213 = DIRECTION ( 'NONE',  ( -1.000000000000000000, 0.000000000000000000, 0.000000000000000000 ) ) ;
#1214 = CARTESIAN_POINT ( 'NONE',  ( 47.69999999997602913, 0.000000000000000000, 71.51249999999997442 ) ) ;
#1215 = ORIENTED_EDGE ( 'NONE', *, *, #1253, .T. ) ;
#1216 = EDGE_LOOP ( 'NONE', ( #1769, #1335, #572, #1607 ) ) ;
#1217 = EDGE_CURVE ( 'NONE', #414, #1228, #785, .T. ) ;
#1218 = EDGE_CURVE ( 'NONE', #1667, #665, #1664, .T. ) ;
#1219 = LINE ( 'NONE', #1345, #412 ) ;
#1220 = PLANE ( 'NONE',  #612 ) ;
#1221 = ORIENTED_EDGE ( 'NONE', *, *, #939, .T. ) ;
#1222 = CARTESIAN_POINT ( 'NONE',  ( 57.88681725288974889, 6.000000000000000000, 0.2646554928444847521 ) ) ;
#1223 = MANIFOLD_SOLID_BREP ( 'Cut-Extrude4', #1282 ) ;
#1224 = CARTESIAN_POINT ( 'NONE',  ( -44.74999999999995737, 16.00000000000000000, 4.562500000010695445 ) ) ;
#1225 = CARTESIAN_POINT ( 'NONE',  ( -44.74999999999995737, 0.000000000000000000, 73.66034450715801540 ) ) ;
#1226 = VECTOR ( 'NONE', #451, 1000.000000000000000 ) ;
#1227 = ORIENTED_EDGE ( 'NONE', *, *, #1748, .F. ) ;
#1228 = VERTEX_POINT ( 'NONE', #1072 ) ;
#1229 = VECTOR ( 'NONE', #1213, 1000.000000000000000 ) ;
#1230 = CARTESIAN_POINT ( 'NONE',  ( 49.05335813428844460, 6.000000000000000000, 5.364655492844510931 ) ) ;
#1231 = AXIS2_PLACEMENT_3D ( 'NONE', #1358, #661, #521 ) ;
#1232 = CIRCLE ( 'NONE', #353, 2.949999999997260147 ) ;
#1233 = CARTESIAN_POINT ( 'NONE',  ( 26.53256255400419761, 0.000000000000000000, -33.64250667908051184 ) ) ;
#1234 = VERTEX_POINT ( 'NONE', #1317 ) ;
#1235 = DIRECTION ( 'NONE',  ( 0.4999999999999990563, -0.000000000000000000, 0.8660254037844391517 ) ) ;
#1236 = EDGE_CURVE ( 'NONE', #1158, #971, #620, .T. ) ;
#1237 = DIRECTION ( 'NONE',  ( 0.5000000000000004441, 0.000000000000000000, -0.8660254037844383745 ) ) ;
#1238 = CARTESIAN_POINT ( 'NONE',  ( 51.99784450715986139, 16.00000000000000000, 78.76034450716036872 ) ) ;
#1239 = ORIENTED_EDGE ( 'NONE', *, *, #382, .F. ) ;
#1240 = VERTEX_POINT ( 'NONE', #1732 ) ;
#1241 = ORIENTED_EDGE ( 'NONE', *, *, #1153, .T. ) ;
#1242 = FACE_OUTER_BOUND ( 'NONE', #1366, .T. ) ;
#1243 = CARTESIAN_POINT ( 'NONE',  ( -44.74999999999995737, 0.000000000000000000, 74.46249999999623981 ) ) ;
#1244 = EDGE_CURVE ( 'NONE', #1513, #1498, #480, .T. ) ;
#1245 = CARTESIAN_POINT ( 'NONE',  ( 4.735177245084760526E-14, 10.72187499999997762, -15.23749999999238192 ) ) ;
#1246 = DIRECTION ( 'NONE',  ( -0.5000000000000008882, 0.000000000000000000, -0.8660254037844380415 ) ) ;
#1247 = VERTEX_POINT ( 'NONE', #210 ) ;
#1248 = EDGE_LOOP ( 'NONE', ( #76, #1079, #690, #184 ) ) ;
#1249 = DIRECTION ( 'NONE',  ( 0.000000000000000000, -1.000000000000000000, 0.000000000000000000 ) ) ;
#1250 = DIRECTION ( 'NONE',  ( 1.000000000000000000, 0.000000000000000000, 1.472857449742315135E-16 ) ) ;
#1251 = LINE ( 'NONE', #977, #489 ) ;
#1252 = FACE_OUTER_BOUND ( 'NONE', #1396, .T. ) ;
#1253 = EDGE_CURVE ( 'NONE', #1294, #1644, #650, .T. ) ;
#1254 = AXIS2_PLACEMENT_3D ( 'NONE', #592, #1419, #44 ) ;
#1255 = CARTESIAN_POINT ( 'NONE',  ( -62.49999999999514699, 16.00000000000000000, 71.51250000000000284 ) ) ;
#1256 = VECTOR ( 'NONE', #149, 1000.000000000000000 ) ;
#1257 = CARTESIAN_POINT ( 'NONE',  ( -62.49999999998915712, 16.00000000000000000, 7.512500000000020606 ) ) ;
#1258 = VECTOR ( 'NONE', #81, 1000.000000000000000 ) ;
#1259 = ORIENTED_EDGE ( 'NONE', *, *, #578, .F. ) ;
#1260 = DIRECTION ( 'NONE',  ( 0.4999999999999992228, 0.000000000000000000, -0.8660254037844390407 ) ) ;
#1261 = DIRECTION ( 'NONE',  ( -0.000000000000000000, -1.000000000000000000, -0.000000000000000000 ) ) ;
#1262 = LINE ( 'NONE', #1678, #488 ) ;
#1263 = VERTEX_POINT ( 'NONE', #764 ) ;
#1264 = EDGE_CURVE ( 'NONE', #1622, #588, #1326, .T. ) ;
#1265 = VERTEX_POINT ( 'NONE', #78 ) ;
#1266 = FACE_OUTER_BOUND ( 'NONE', #238, .T. ) ;
#1267 = ORIENTED_EDGE ( 'NONE', *, *, #953, .T. ) ;
#1268 = LINE ( 'NONE', #307, #1287 ) ;
#1269 = CARTESIAN_POINT ( 'NONE',  ( -46.10887176142411192, -3.308722450212110699E-21, 78.76034450715800972 ) ) ;
#1270 = CARTESIAN_POINT ( 'NONE',  ( 44.75000000000004263, 0.000000000000000000, 4.562500000007192469 ) ) ;
#1271 = ORIENTED_EDGE ( 'NONE', *, *, #257, .F. ) ;
#1272 = ORIENTED_EDGE ( 'NONE', *, *, #984, .T. ) ;
#1273 = EDGE_CURVE ( 'NONE', #285, #1622, #915, .T. ) ;
#1274 = EDGE_CURVE ( 'NONE', #1108, #586, #1635, .T. ) ;
#1275 = CARTESIAN_POINT ( 'NONE',  ( 51.99784450715556261, 16.00000000000000000, -2.835344507155504346 ) ) ;
#1276 = CARTESIAN_POINT ( 'NONE',  ( -54.94233088002194876, 6.000000000000000000, 5.364655492845621154 ) ) ;
#1277 = EDGE_CURVE ( 'NONE', #1579, #97, #923, .T. ) ;
#1278 = FACE_OUTER_BOUND ( 'NONE', #1524, .T. ) ;
#1279 = CARTESIAN_POINT ( 'NONE',  ( -57.88681725289247026, 6.000000000000000000, 78.76034450715802393 ) ) ;
#1280 = ORIENTED_EDGE ( 'NONE', *, *, #1648, .F. ) ;
#1281 = ORIENTED_EDGE ( 'NONE', *, *, #1036, .T. ) ;
#1282 = CLOSED_SHELL ( 'NONE', ( #244, #221, #197, #1697, #1337, #302, #132, #1088, #522, #1789, #996, #6, #433, #1590, #611, #542, #29, #1651, #42, #1298, #115, #208, #161, #484, #1062, #1640, #1407, #1162, #52, #1120, #1559, #1616, #714, #776, #670, #618, #737, #751, #313, #301, #1734, #630, #141, #1299, #1478, #1663, #436, #683, #913, #1139, #1714, #1517, #1786, #1762, #812, #168 ) ) ;
#1283 = DIRECTION ( 'NONE',  ( 0.4999999999999992228, 0.000000000000000000, -0.8660254037844390407 ) ) ;
#1284 = EDGE_LOOP ( 'NONE', ( #920, #802, #1259, #859 ) ) ;
#1285 = CARTESIAN_POINT ( 'NONE',  ( 46.10887176142563959, -3.308722450212110699E-21, 78.76034450716035451 ) ) ;
#1286 = AXIS2_PLACEMENT_3D ( 'NONE', #50, #1586, #893 ) ;
#1287 = VECTOR ( 'NONE', #992, 1000.000000000000000 ) ;
#1288 = EDGE_CURVE ( 'NONE', #1372, #230, #1764, .T. ) ;
#1289 = CARTESIAN_POINT ( 'NONE',  ( -44.74999999999995737, 16.00000000000000000, 7.512500000000018829 ) ) ;
#1290 = CIRCLE ( 'NONE', #1720, 2.649999999999999467 ) ;
#1291 = ORIENTED_EDGE ( 'NONE', *, *, #1606, .T. ) ;
#1292 = ORIENTED_EDGE ( 'NONE', *, *, #1587, .F. ) ;
#1293 = CARTESIAN_POINT ( 'NONE',  ( 54.94233088002694387, -1.200000000000000030E-05, 83.86034450716040567 ) ) ;
#1294 = VERTEX_POINT ( 'NONE', #1666 ) ;
#1295 = CARTESIAN_POINT ( 'NONE',  ( -44.74999999999995737, 0.000000000000000000, -10.23749999998967830 ) ) ;
#1296 = ORIENTED_EDGE ( 'NONE', *, *, #645, .T. ) ;
#1297 = PLANE ( 'NONE',  #1310 ) ;
#1298 = ADVANCED_FACE ( 'NONE', ( #129, #276 ), #1220, .F. ) ;
#1299 = ADVANCED_FACE ( 'NONE', ( #423 ), #1102, .T. ) ;
#1300 = LINE ( 'NONE', #1712, #666 ) ;
#1301 = ORIENTED_EDGE ( 'NONE', *, *, #358, .T. ) ;
#1302 = LINE ( 'NONE', #1561, #66 ) ;
#1303 = CARTESIAN_POINT ( 'NONE',  ( 44.75000000000004263, 0.000000000000000000, 71.51250000000000284 ) ) ;
#1304 = PLANE ( 'NONE',  #200 ) ;
#1305 = DIRECTION ( 'NONE',  ( 0.000000000000000000, 1.000000000000000000, 0.000000000000000000 ) ) ;
#1306 = EDGE_CURVE ( 'NONE', #1136, #225, #284, .T. ) ;
#1307 = ORIENTED_EDGE ( 'NONE', *, *, #973, .T. ) ;
#1308 = DIRECTION ( 'NONE',  ( -1.000000000000000000, -0.000000000000000000, 5.814715561933432710E-17 ) ) ;
#1309 = CARTESIAN_POINT ( 'NONE',  ( 46.10887176142563959, -1.200000000000000030E-05, 78.76034450716035451 ) ) ;
#1310 = AXIS2_PLACEMENT_3D ( 'NONE', #1440, #212, #1429 ) ;
#1311 = VECTOR ( 'NONE', #419, 1000.000000000000000 ) ;
#1312 = FACE_OUTER_BOUND ( 'NONE', #1025, .T. ) ;
#1313 = CARTESIAN_POINT ( 'NONE',  ( -57.88681725289247026, -1.200000000000000030E-05, 78.76034450715802393 ) ) ;
#1314 = ORIENTED_EDGE ( 'NONE', *, *, #426, .T. ) ;
#1315 = EDGE_CURVE ( 'NONE', #952, #1202, #144, .T. ) ;
#1316 = CARTESIAN_POINT ( 'NONE',  ( -51.99784450715829109, 16.00000000000000000, 75.66034450715800119 ) ) ;
#1317 = CARTESIAN_POINT ( 'NONE',  ( -51.99784450715829109, 6.000000000000000000, 81.86034450715801825 ) ) ;
#1318 = CARTESIAN_POINT ( 'NONE',  ( -14.91793216702692249, 0.000000000000000000, 24.73605239385013377 ) ) ;
#1319 = DIRECTION ( 'NONE',  ( 1.000000000000000000, 0.000000000000000000, 0.000000000000000000 ) ) ;
#1320 = CARTESIAN_POINT ( 'NONE',  ( -44.74999999999995737, 16.00000000000000000, 74.46249999999623981 ) ) ;
#1321 = ORIENTED_EDGE ( 'NONE', *, *, #1725, .F. ) ;
#1322 = ORIENTED_EDGE ( 'NONE', *, *, #880, .F. ) ;
#1323 = DIRECTION ( 'NONE',  ( -0.000000000000000000, -0.000000000000000000, 1.000000000000000000 ) ) ;
#1324 = EDGE_CURVE ( 'NONE', #1069, #791, #1389, .T. ) ;
#1325 = PRODUCT_RELATED_PRODUCT_CATEGORY ( 'part', '', ( #1452 ) ) ;
#1326 = LINE ( 'NONE', #370, #817 ) ;
#1327 = ORIENTED_EDGE ( 'NONE', *, *, #763, .T. ) ;
#1328 = DIRECTION ( 'NONE',  ( -1.000000000000000000, 0.000000000000000000, 0.000000000000000000 ) ) ;
#1329 = EDGE_CURVE ( 'NONE', #586, #1108, #204, .T. ) ;
#1330 = CARTESIAN_POINT ( 'NONE',  ( -44.74999999999995737, 16.00000000000000000, 7.512500000000018829 ) ) ;
#1331 = CARTESIAN_POINT ( 'NONE',  ( 44.75000000000004263, 0.000000000000000000, 89.26249999998850626 ) ) ;
#1332 = ORIENTED_EDGE ( 'NONE', *, *, #245, .T. ) ;
#1333 = CARTESIAN_POINT ( 'NONE',  ( 49.05335813428844460, 6.000000000000000000, 5.364655492844510931 ) ) ;
#1334 = CARTESIAN_POINT ( 'NONE',  ( -44.74999999999995737, 0.000000000000000000, -4.835344507154398563 ) ) ;
#1335 = ORIENTED_EDGE ( 'NONE', *, *, #807, .F. ) ;
#1336 = CARTESIAN_POINT ( 'NONE',  ( -51.99784450715485207, 16.00000000000000000, 3.364655492845611828 ) ) ;
#1337 = ADVANCED_FACE ( 'NONE', ( #1242 ), #1674, .F. ) ;
#1338 = DIRECTION ( 'NONE',  ( 1.000000000000000000, 0.000000000000000000, 0.000000000000000000 ) ) ;
#1339 = VECTOR ( 'NONE', #431, 1000.000000000000000 ) ;
#1340 = VECTOR ( 'NONE', #1123, 1000.000000000000000 ) ;
#1341 = FACE_OUTER_BOUND ( 'NONE', #1455, .T. ) ;
#1342 = ORIENTED_EDGE ( 'NONE', *, *, #744, .T. ) ;
#1343 = EDGE_LOOP ( 'NONE', ( #1126, #1756, #555, #595 ) ) ;
#1344 = VECTOR ( 'NONE', #118, 1000.000000000000000 ) ;
#1345 = CARTESIAN_POINT ( 'NONE',  ( 1.376391285628379757, 0.000000000000000000, -19.11858442550349224 ) ) ;
#1346 = SURFACE_SIDE_STYLE ('',( #474 ) ) ;
#1347 = VERTEX_POINT ( 'NONE', #696 ) ;
#1348 = CARTESIAN_POINT ( 'NONE',  ( 44.75000000000003553, 16.00000000000000000, 4.562500000003690381 ) ) ;
#1349 = LINE ( 'NONE', #653, #1229 ) ;
#1350 = EDGE_CURVE ( 'NONE', #680, #1390, #92, .T. ) ;
#1351 = EDGE_CURVE ( 'NONE', #1579, #648, #558, .T. ) ;
#1352 = CARTESIAN_POINT ( 'NONE',  ( -23.75139128562814861, 0.000000000000000000, 19.63605239385019630 ) ) ;
#1353 = ORIENTED_EDGE ( 'NONE', *, *, #278, .T. ) ;
#1354 = ORIENTED_EDGE ( 'NONE', *, *, #1007, .T. ) ;
#1355 = DIRECTION ( 'NONE',  ( -0.4999999999999998335, 0.000000000000000000, 0.8660254037844387076 ) ) ;
#1356 = DIRECTION ( 'NONE',  ( 0.000000000000000000, 0.000000000000000000, 1.000000000000000000 ) ) ;
#1357 = ORIENTED_EDGE ( 'NONE', *, *, #43, .T. ) ;
#1358 = CARTESIAN_POINT ( 'NONE',  ( 51.99784450715556261, 16.00000000000000000, 0.2646554928444908583 ) ) ;
#1359 = DIRECTION ( 'NONE',  ( 0.000000000000000000, 1.000000000000000000, 0.000000000000000000 ) ) ;
#1360 = LINE ( 'NONE', #1759, #1046 ) ;
#1361 = EDGE_LOOP ( 'NONE', ( #336, #1546 ) ) ;
#1362 = VERTEX_POINT ( 'NONE', #1257 ) ;
#1363 = EDGE_CURVE ( 'NONE', #1347, #130, #682, .T. ) ;
#1364 = FACE_BOUND ( 'NONE', #162, .T. ) ;
#1365 = CARTESIAN_POINT ( 'NONE',  ( -49.05335813429119440, 6.000000000000000000, 73.66034450715801540 ) ) ;
#1366 = EDGE_LOOP ( 'NONE', ( #142, #1163, #512, #1322 ) ) ;
#1367 = FACE_BOUND ( 'NONE', #255, .T. ) ;
#1368 = DIRECTION ( 'NONE',  ( 1.000000000000000000, 0.000000000000000000, 1.402957611196242990E-13 ) ) ;
#1369 = DIRECTION ( 'NONE',  ( -0.4999999999999994449, 0.000000000000000000, -0.8660254037844389297 ) ) ;
#1370 = AXIS2_PLACEMENT_3D ( 'NONE', #1792, #1621, #223 ) ;
#1371 = AXIS2_PLACEMENT_3D ( 'NONE', #102, #222, #956 ) ;
#1372 = VERTEX_POINT ( 'NONE', #1084 ) ;
#1373 = CIRCLE ( 'NONE', #1545, 17.74999999998944844 ) ;
#1374 = EDGE_CURVE ( 'NONE', #457, #1294, #518, .T. ) ;
#1375 = AXIS2_PLACEMENT_3D ( 'NONE', #1201, #99, #1755 ) ;
#1376 = DIRECTION ( 'NONE',  ( 0.000000000000000000, 0.000000000000000000, -1.000000000000000000 ) ) ;
#1377 = PLANE ( 'NONE',  #582 ) ;
#1378 =( NAMED_UNIT ( * ) PLANE_ANGLE_UNIT ( ) SI_UNIT ( $, .RADIAN. ) );
#1379 = ORIENTED_EDGE ( 'NONE', *, *, #1456, .F. ) ;
#1380 = ORIENTED_EDGE ( 'NONE', *, *, #1537, .F. ) ;
#1381 = LINE ( 'NONE', #1121, #845 ) ;
#1382 = DIRECTION ( 'NONE',  ( 0.000000000000000000, 0.000000000000000000, -1.000000000000000000 ) ) ;
#1383 = EDGE_CURVE ( 'NONE', #321, #130, #530, .T. ) ;
#1384 = LINE ( 'NONE', #140, #898 ) ;
#1385 = ORIENTED_EDGE ( 'NONE', *, *, #1405, .F. ) ;
#1386 = ORIENTED_EDGE ( 'NONE', *, *, #510, .T. ) ;
#1387 = DIRECTION ( 'NONE',  ( 0.000000000000000000, -1.000000000000000000, 0.000000000000000000 ) ) ;
#1388 = ORIENTED_EDGE ( 'NONE', *, *, #1706, .F. ) ;
#1389 = LINE ( 'NONE', #1233, #386 ) ;
#1390 = VERTEX_POINT ( 'NONE', #1637 ) ;
#1391 = DIRECTION ( 'NONE',  ( -0.4999999999999994449, 0.000000000000000000, 0.8660254037844389297 ) ) ;
#1392 = CARTESIAN_POINT ( 'NONE',  ( 47.69999999998037055, 0.000000000000000000, 7.512499999999996625 ) ) ;
#1393 = EDGE_CURVE ( 'NONE', #225, #1738, #945, .T. ) ;
#1394 = DIRECTION ( 'NONE',  ( 0.8660254037844381525, 0.000000000000000000, -0.5000000000000009992 ) ) ;
#1395 = ORIENTED_EDGE ( 'NONE', *, *, #1085, .F. ) ;
#1396 = EDGE_LOOP ( 'NONE', ( #1420, #1461, #375, #575 ) ) ;
#1397 =( GEOMETRIC_REPRESENTATION_CONTEXT ( 3 ) GLOBAL_UNCERTAINTY_ASSIGNED_CONTEXT ( ( #310 ) ) GLOBAL_UNIT_ASSIGNED_CONTEXT ( ( #819, #1378, #1801 ) ) REPRESENTATION_CONTEXT ( 'NONE', 'WORKASPACE' ) );
#1398 = VECTOR ( 'NONE', #352, 1000.000000000000000 ) ;
#1399 = CARTESIAN_POINT ( 'NONE',  ( 49.05335813429275760, 6.000000000000000000, 83.86034450716040567 ) ) ;
#1400 = LINE ( 'NONE', #983, #1311 ) ;
#1401 = PRESENTATION_LAYER_ASSIGNMENT (  '', '', ( #349 ) ) ;
#1402 = CARTESIAN_POINT ( 'NONE',  ( -46.10887176142067290, -1.200000000000000030E-05, 0.2646554928456140154 ) ) ;
#1403 = PLANE ( 'NONE',  #585 ) ;
#1404 = ORIENTED_EDGE ( 'NONE', *, *, #833, .F. ) ;
#1405 = EDGE_CURVE ( 'NONE', #815, #1516, #11, .T. ) ;
#1406 = EDGE_CURVE ( 'NONE', #1634, #1795, #552, .T. ) ;
#1407 = ADVANCED_FACE ( 'NONE', ( #400 ), #270, .F. ) ;
#1408 = ORIENTED_EDGE ( 'NONE', *, *, #644, .F. ) ;
#1409 = DIRECTION ( 'NONE',  ( 0.000000000000000000, 0.000000000000000000, -1.000000000000000000 ) ) ;
#1410 = DIRECTION ( 'NONE',  ( 0.4999999999999994449, 0.000000000000000000, 0.8660254037844389297 ) ) ;
#1411 = DIRECTION ( 'NONE',  ( -0.000000000000000000, 1.000000000000000000, -0.000000000000000000 ) ) ;
#1412 = DIRECTION ( 'NONE',  ( 1.000000000000000000, 0.000000000000000000, 0.000000000000000000 ) ) ;
#1413 = ORIENTED_EDGE ( 'NONE', *, *, #326, .T. ) ;
#1414 = EDGE_CURVE ( 'NONE', #458, #924, #1381, .T. ) ;
#1415 = CARTESIAN_POINT ( 'NONE',  ( -49.05335813429119440, -3.308722450212110699E-21, 73.66034450715801540 ) ) ;
#1416 = ORIENTED_EDGE ( 'NONE', *, *, #984, .F. ) ;
#1417 = DIRECTION ( 'NONE',  ( -0.4999999999999998335, 0.000000000000000000, 0.8660254037844387076 ) ) ;
#1418 = DIRECTION ( 'NONE',  ( 0.000000000000000000, 0.000000000000000000, -1.000000000000000000 ) ) ;
#1419 = DIRECTION ( 'NONE',  ( -0.000000000000000000, -1.000000000000000000, -0.000000000000000000 ) ) ;
#1420 = ORIENTED_EDGE ( 'NONE', *, *, #1006, .F. ) ;
#1421 = DIRECTION ( 'NONE',  ( -0.000000000000000000, -1.000000000000000000, -0.000000000000000000 ) ) ;
#1422 = ORIENTED_EDGE ( 'NONE', *, *, #79, .F. ) ;
#1423 = DIRECTION ( 'NONE',  ( 0.000000000000000000, 0.000000000000000000, 1.000000000000000000 ) ) ;
#1424 = VECTOR ( 'NONE', #1235, 1000.000000000000000 ) ;
#1425 = EDGE_CURVE ( 'NONE', #442, #285, #574, .T. ) ;
#1426 = PRODUCT_DEFINITION ( 'UNKNOWN', '', #810, #599 ) ;
#1427 = VECTOR ( 'NONE', #199, 1000.000000000000000 ) ;
#1428 = ORIENTED_EDGE ( 'NONE', *, *, #183, .F. ) ;
#1429 = DIRECTION ( 'NONE',  ( -1.000000000000000000, 0.000000000000000000, 1.919631430846290664E-13 ) ) ;
#1430 = CARTESIAN_POINT ( 'NONE',  ( -44.74999999999995737, 16.00000000000000000, 89.26249999999416218 ) ) ;
#1431 = ORIENTED_EDGE ( 'NONE', *, *, #1264, .T. ) ;
#1432 = CARTESIAN_POINT ( 'NONE',  ( -57.74102167260437568, 0.000000000000000000, 0.01213014027360778679 ) ) ;
#1433 = LINE ( 'NONE', #181, #440 ) ;
#1434 = DIRECTION ( 'NONE',  ( 0.5000000000000005551, 0.000000000000000000, -0.8660254037844382635 ) ) ;
#1435 = EDGE_CURVE ( 'NONE', #1154, #274, #1302, .T. ) ;
#1436 = DIRECTION ( 'NONE',  ( 1.000000000000000000, 0.000000000000000000, 0.000000000000000000 ) ) ;
#1437 = CARTESIAN_POINT ( 'NONE',  ( -57.88681725288903834, 6.000000000000000000, 0.2646554928456154032 ) ) ;
#1438 = ORIENTED_EDGE ( 'NONE', *, *, #565, .T. ) ;
#1439 = FACE_BOUND ( 'NONE', #1361, .T. ) ;
#1440 = CARTESIAN_POINT ( 'NONE',  ( -44.74999999999995737, 16.00000000000000000, 89.26249999999416218 ) ) ;
#1441 = DIRECTION ( 'NONE',  ( 0.000000000000000000, -1.000000000000000000, 0.000000000000000000 ) ) ;
#1442 = EDGE_CURVE ( 'NONE', #1060, #330, #1483, .T. ) ;
#1443 = VERTEX_POINT ( 'NONE', #1415 ) ;
#1444 = FACE_OUTER_BOUND ( 'NONE', #528, .T. ) ;
#1445 = CIRCLE ( 'NONE', #1596, 2.949999999997260147 ) ;
#1446 = EDGE_LOOP ( 'NONE', ( #418, #1438, #679, #1321 ) ) ;
#1447 = CARTESIAN_POINT ( 'NONE',  ( 54.94233088002265220, 6.000000000000000000, -4.835344507155532767 ) ) ;
#1448 = AXIS2_PLACEMENT_3D ( 'NONE', #854, #427, #434 ) ;
#1449 = APPLICATION_PROTOCOL_DEFINITION ( 'draft international standard', 'automotive_design', 1998, #837 ) ;
#1450 = AXIS2_PLACEMENT_3D ( 'NONE', #775, #1203, #1766 ) ;
#1451 = CARTESIAN_POINT ( 'NONE',  ( 49.05335813429275049, 6.000000000000000000, 73.66034450716033177 ) ) ;
#1452 = PRODUCT ( 'LidarCameraMountSlottedPlateV2', 'LidarCameraMountSlottedPlateV2', '', ( #334 ) ) ;
#1453 = AXIS2_PLACEMENT_3D ( 'NONE', #1499, #849, #689 ) ;
#1454 = EDGE_CURVE ( 'NONE', #780, #1247, #1659, .T. ) ;
#1455 = EDGE_LOOP ( 'NONE', ( #96, #937, #999, #660 ) ) ;
#1456 = EDGE_CURVE ( 'NONE', #389, #635, #1604, .T. ) ;
#1457 = ORIENTED_EDGE ( 'NONE', *, *, #1324, .F. ) ;
#1458 = EDGE_CURVE ( 'NONE', #665, #1247, #295, .T. ) ;
#1459 = FACE_OUTER_BOUND ( 'NONE', #979, .T. ) ;
#1460 = DIRECTION ( 'NONE',  ( -0.000000000000000000, -1.000000000000000000, -0.000000000000000000 ) ) ;
#1461 = ORIENTED_EDGE ( 'NONE', *, *, #153, .F. ) ;
#1462 = CARTESIAN_POINT ( 'NONE',  ( -44.74999999999995737, 0.000000000000000000, 83.86034450716040567 ) ) ;
#1463 = DIRECTION ( 'NONE',  ( 0.000000000000000000, 1.000000000000000000, 0.000000000000000000 ) ) ;
#1464 = CARTESIAN_POINT ( 'NONE',  ( -49.05335813429119440, -1.200000000000000030E-05, 83.86034450715800403 ) ) ;
#1465 = EDGE_LOOP ( 'NONE', ( #1100, #1614, #1215, #34, #535, #601 ) ) ;
#1466 = ORIENTED_EDGE ( 'NONE', *, *, #1142, .T. ) ;
#1467 = DIRECTION ( 'NONE',  ( 0.000000000000000000, 0.000000000000000000, -1.000000000000000000 ) ) ;
#1468 = EDGE_CURVE ( 'NONE', #315, #713, #587, .T. ) ;
#1469 = DIRECTION ( 'NONE',  ( 0.000000000000000000, 1.000000000000000000, 0.000000000000000000 ) ) ;
#1470 = ORIENTED_EDGE ( 'NONE', *, *, #468, .T. ) ;
#1471 = DIRECTION ( 'NONE',  ( 0.000000000000000000, 1.000000000000000000, 0.000000000000000000 ) ) ;
#1472 = CYLINDRICAL_SURFACE ( 'NONE', #1371, 3.099999999999995204 ) ;
#1473 = CARTESIAN_POINT ( 'NONE',  ( 51.99784450715986139, 6.000000000000000000, 78.76034450716036872 ) ) ;
#1474 = ORIENTED_EDGE ( 'NONE', *, *, #327, .F. ) ;
#1475 = ORIENTED_EDGE ( 'NONE', *, *, #449, .F. ) ;
#1476 = CARTESIAN_POINT ( 'NONE',  ( -2.649999999999952394, 10.72187499999997762, -15.23749999999238192 ) ) ;
#1477 = CARTESIAN_POINT ( 'NONE',  ( 2.650000000000046985, 10.72187499999997762, -10.23749999998968185 ) ) ;
#1478 = ADVANCED_FACE ( 'NONE', ( #567 ), #909, .T. ) ;
#1479 = ORIENTED_EDGE ( 'NONE', *, *, #1495, .F. ) ;
#1480 = DIRECTION ( 'NONE',  ( 0.000000000000000000, -1.000000000000000000, 0.000000000000000000 ) ) ;
#1481 = AXIS2_PLACEMENT_3D ( 'NONE', #1145, #728, #1005 ) ;
#1482 = DIRECTION ( 'NONE',  ( 0.000000000000000000, 1.000000000000000000, 0.000000000000000000 ) ) ;
#1483 = CIRCLE ( 'NONE', #1109, 2.949999999985075672 ) ;
#1484 = VECTOR ( 'NONE', #1799, 1000.000000000000000 ) ;
#1485 = VECTOR ( 'NONE', #1417, 1000.000000000000000 ) ;
#1486 = CARTESIAN_POINT ( 'NONE',  ( 51.99784450715556261, 16.00000000000000000, 3.364655492844486062 ) ) ;
#1487 = ORIENTED_EDGE ( 'NONE', *, *, #565, .F. ) ;
#1488 = ORIENTED_EDGE ( 'NONE', *, *, #1800, .T. ) ;
#1489 = VECTOR ( 'NONE', #1009, 1000.000000000000114 ) ;
#1490 = DIRECTION ( 'NONE',  ( 1.550409106654271656E-14, 0.000000000000000000, 1.000000000000000000 ) ) ;
#1491 = DIRECTION ( 'NONE',  ( 0.000000000000000000, 1.000000000000000000, 0.000000000000000000 ) ) ;
#1492 = EDGE_LOOP ( 'NONE', ( #452, #1643 ) ) ;
#1493 = DIRECTION ( 'NONE',  ( -0.5000000000000009992, 0.000000000000000000, -0.8660254037844380415 ) ) ;
#1494 = DIRECTION ( 'NONE',  ( 0.000000000000000000, 1.000000000000000000, 0.000000000000000000 ) ) ;
#1495 = EDGE_CURVE ( 'NONE', #1615, #1240, #1445, .T. ) ;
#1496 = DIRECTION ( 'NONE',  ( -1.000000000000000000, 0.000000000000000000, 3.848917712323541372E-14 ) ) ;
#1497 = ORIENTED_EDGE ( 'NONE', *, *, #40, .F. ) ;
#1498 = VERTEX_POINT ( 'NONE', #26 ) ;
#1499 = CARTESIAN_POINT ( 'NONE',  ( -49.05335813429119440, -1.200000000000000030E-05, 73.66034450715801540 ) ) ;
#1500 = CARTESIAN_POINT ( 'NONE',  ( -44.74999999999995737, 16.00000000000000000, -10.23749999998967830 ) ) ;
#1501 = ORIENTED_EDGE ( 'NONE', *, *, #1374, .F. ) ;
#1502 = LINE ( 'NONE', #384, #934 ) ;
#1503 = CARTESIAN_POINT ( 'NONE',  ( 49.05335813428844460, -1.200000000000000030E-05, 5.364655492844510931 ) ) ;
#1504 = PLANE ( 'NONE',  #1370 ) ;
#1505 = ORIENTED_EDGE ( 'NONE', *, *, #1351, .T. ) ;
#1506 = EDGE_CURVE ( 'NONE', #828, #673, #732, .T. ) ;
#1507 = DIRECTION ( 'NONE',  ( -0.000000000000000000, 1.000000000000000000, -0.000000000000000000 ) ) ;
#1508 = FACE_OUTER_BOUND ( 'NONE', #398, .T. ) ;
#1509 = CARTESIAN_POINT ( 'NONE',  ( 46.10887176142135502, -1.200000000000000030E-05, 0.2646554928444917465 ) ) ;
#1510 = VECTOR ( 'NONE', #461, 1000.000000000000000 ) ;
#1511 = FACE_OUTER_BOUND ( 'NONE', #836, .T. ) ;
#1512 = VECTOR ( 'NONE', #481, 1000.000000000000000 ) ;
#1513 = VERTEX_POINT ( 'NONE', #1017 ) ;
#1514 = VECTOR ( 'NONE', #473, 1000.000000000000000 ) ;
#1515 = COLOUR_RGB ( '',0.7921568627450980005, 0.8196078431372548767, 0.9333333333333333481 ) ;
#1516 = VERTEX_POINT ( 'NONE', #1001 ) ;
#1517 = ADVANCED_FACE ( 'NONE', ( #1128 ), #740, .T. ) ;
#1518 = AXIS2_PLACEMENT_3D ( 'NONE', #1632, #1076, #1369 ) ;
#1519 = CARTESIAN_POINT ( 'NONE',  ( -46.10887176142411192, -1.200000000000000030E-05, 78.76034450715800972 ) ) ;
#1520 = CARTESIAN_POINT ( 'NONE',  ( 54.94233088002264509, -1.200000000000000030E-05, 5.364655492844510931 ) ) ;
#1521 = LINE ( 'NONE', #1549, #1690 ) ;
#1522 = PLANE ( 'NONE',  #1687 ) ;
#1523 = ORIENTED_EDGE ( 'NONE', *, *, #233, .F. ) ;
#1524 = EDGE_LOOP ( 'NONE', ( #393, #1078, #1781, #1523 ) ) ;
#1525 = CARTESIAN_POINT ( 'NONE',  ( -49.05335813428776959, -1.200000000000000030E-05, 5.364655492845621154 ) ) ;
#1526 = ORIENTED_EDGE ( 'NONE', *, *, #1085, .T. ) ;
#1527 = DIRECTION ( 'NONE',  ( 0.000000000000000000, 0.000000000000000000, 1.000000000000000000 ) ) ;
#1528 = EDGE_CURVE ( 'NONE', #847, #1615, #54, .T. ) ;
#1529 = DIRECTION ( 'NONE',  ( 0.000000000000000000, 1.000000000000000000, 0.000000000000000000 ) ) ;
#1530 = CARTESIAN_POINT ( 'NONE',  ( 49.05335813429275760, -1.200000000000000030E-05, 83.86034450716040567 ) ) ;
#1531 = CARTESIAN_POINT ( 'NONE',  ( -44.74999999999995737, 0.000000000000000000, 7.512500000000018829 ) ) ;
#1532 = ORIENTED_EDGE ( 'NONE', *, *, #139, .F. ) ;
#1533 = EDGE_LOOP ( 'NONE', ( #5, #559, #1541, #1793 ) ) ;
#1534 = DIRECTION ( 'NONE',  ( -0.4999999999999994449, 0.000000000000000000, -0.8660254037844389297 ) ) ;
#1535 = EDGE_LOOP ( 'NONE', ( #106, #494, #544, #1466 ) ) ;
#1536 = LINE ( 'NONE', #832, #385 ) ;
#1537 = EDGE_CURVE ( 'NONE', #791, #241, #46, .T. ) ;
#1538 = CARTESIAN_POINT ( 'NONE',  ( -2.649999999999952394, 10.72187499999997762, 4.562500000007400303 ) ) ;
#1539 = CARTESIAN_POINT ( 'NONE',  ( 44.75000000000007105, 0.000000000000000000, 74.46249999998963176 ) ) ;
#1540 = CARTESIAN_POINT ( 'NONE',  ( -49.05335813428776959, -1.200000000000000030E-05, -4.835344507154398563 ) ) ;
#1541 = ORIENTED_EDGE ( 'NONE', *, *, #1194, .T. ) ;
#1542 = ORIENTED_EDGE ( 'NONE', *, *, #1528, .F. ) ;
#1543 = CIRCLE ( 'NONE', #1021, 17.74999999998944844 ) ;
#1544 = CARTESIAN_POINT ( 'NONE',  ( -44.74999999999995737, 16.00000000000000000, 89.26249999999416218 ) ) ;
#1545 = AXIS2_PLACEMENT_3D ( 'NONE', #39, #1018, #1423 ) ;
#1546 = ORIENTED_EDGE ( 'NONE', *, *, #1350, .T. ) ;
#1547 = DIRECTION ( 'NONE',  ( 0.000000000000000000, 0.000000000000000000, 1.000000000000000000 ) ) ;
#1548 = VECTOR ( 'NONE', #1186, 1000.000000000000000 ) ;
#1549 = CARTESIAN_POINT ( 'NONE',  ( 51.99784450715986139, 16.00000000000000000, 81.86034450716036304 ) ) ;
#1550 = CYLINDRICAL_SURFACE ( 'NONE', #1254, 17.74999999998849631 ) ;
#1551 = EDGE_CURVE ( 'NONE', #1362, #383, #1148, .T. ) ;
#1552 = CARTESIAN_POINT ( 'NONE',  ( 49.05335813428845881, -1.200000000000000030E-05, -4.835344507155531879 ) ) ;
#1553 = EDGE_LOOP ( 'NONE', ( #1638, #609 ) ) ;
#1554 = DIRECTION ( 'NONE',  ( 0.000000000000000000, 1.000000000000000000, 0.000000000000000000 ) ) ;
#1555 = ORIENTED_EDGE ( 'NONE', *, *, #1728, .F. ) ;
#1556 = CARTESIAN_POINT ( 'NONE',  ( -44.74999999999995737, 0.000000000000000000, 71.51250000000000284 ) ) ;
#1557 = DIRECTION ( 'NONE',  ( 0.000000000000000000, 0.000000000000000000, 1.000000000000000000 ) ) ;
#1558 = DIRECTION ( 'NONE',  ( 0.000000000000000000, 0.000000000000000000, -1.000000000000000000 ) ) ;
#1559 = ADVANCED_FACE ( 'NONE', ( #1266 ), #178, .T. ) ;
#1560 = ORIENTED_EDGE ( 'NONE', *, *, #1218, .F. ) ;
#1561 = CARTESIAN_POINT ( 'NONE',  ( -57.88681725288903834, 6.000000000000000000, 0.2646554928456154032 ) ) ;
#1562 = EDGE_LOOP ( 'NONE', ( #1598, #1239, #1479, #1002, #799, #216, #942, #135 ) ) ;
#1563 = LINE ( 'NONE', #453, #1167 ) ;
#1564 = LINE ( 'NONE', #1151, #175 ) ;
#1565 = FACE_OUTER_BOUND ( 'NONE', #543, .T. ) ;
#1566 = ORIENTED_EDGE ( 'NONE', *, *, #1174, .T. ) ;
#1567 = DIRECTION ( 'NONE',  ( 0.000000000000000000, -1.000000000000000000, 0.000000000000000000 ) ) ;
#1568 = VECTOR ( 'NONE', #1649, 1000.000000000000000 ) ;
#1569 = LINE ( 'NONE', #325, #1514 ) ;
#1570 = CIRCLE ( 'NONE', #1717, 2.949999999989322497 ) ;
#1571 = EDGE_CURVE ( 'NONE', #1263, #442, #594, .T. ) ;
#1572 = CIRCLE ( 'NONE', #873, 17.74999999998849631 ) ;
#1573 = DIRECTION ( 'NONE',  ( -0.4999999999999994449, 0.000000000000000000, 0.8660254037844389297 ) ) ;
#1574 = AXIS2_PLACEMENT_3D ( 'NONE', #537, #545, #1785 ) ;
#1575 = LINE ( 'NONE', #1451, #1510 ) ;
#1576 = ORIENTED_EDGE ( 'NONE', *, *, #912, .T. ) ;
#1577 = LINE ( 'NONE', #741, #523 ) ;
#1578 = EDGE_CURVE ( 'NONE', #1032, #820, #1155, .T. ) ;
#1579 = VERTEX_POINT ( 'NONE', #1681 ) ;
#1580 = CARTESIAN_POINT ( 'NONE',  ( -44.74999999999995737, 16.00000000000000000, 74.46249999999623981 ) ) ;
#1581 = DIRECTION ( 'NONE',  ( 0.000000000000000000, 1.000000000000000000, 0.000000000000000000 ) ) ;
#1582 = DIRECTION ( 'NONE',  ( 1.000000000000000000, 0.000000000000000000, -7.826607146362401544E-14 ) ) ;
#1583 = ORIENTED_EDGE ( 'NONE', *, *, #1537, .T. ) ;
#1584 = FACE_BOUND ( 'NONE', #1675, .T. ) ;
#1585 = FILL_AREA_STYLE ('',( #905 ) ) ;
#1586 = DIRECTION ( 'NONE',  ( 0.000000000000000000, -1.000000000000000000, 0.000000000000000000 ) ) ;
#1587 = EDGE_CURVE ( 'NONE', #1390, #680, #319, .T. ) ;
#1588 = EDGE_CURVE ( 'NONE', #648, #414, #790, .T. ) ;
#1589 = DIRECTION ( 'NONE',  ( 1.000000000000000000, 0.000000000000000000, 0.000000000000000000 ) ) ;
#1590 = ADVANCED_FACE ( 'NONE', ( #1090 ), #366, .F. ) ;
#1591 = ORIENTED_EDGE ( 'NONE', *, *, #763, .F. ) ;
#1592 = ORIENTED_EDGE ( 'NONE', *, *, #1098, .F. ) ;
#1593 = DIRECTION ( 'NONE',  ( -1.000000000000000000, 0.000000000000000000, 0.000000000000000000 ) ) ;
#1594 = VECTOR ( 'NONE', #1436, 1000.000000000000000 ) ;
#1595 = CARTESIAN_POINT ( 'NONE',  ( -44.74999999999995737, 16.00000000000000000, 71.51250000000000284 ) ) ;
#1596 = AXIS2_PLACEMENT_3D ( 'NONE', #485, #1567, #1708 ) ;
#1597 = CIRCLE ( 'NONE', #932, 3.099999999999995204 ) ;
#1598 = ORIENTED_EDGE ( 'NONE', *, *, #43, .F. ) ;
#1599 = CARTESIAN_POINT ( 'NONE',  ( 44.75000000000004263, 16.00000000000000000, -10.23749999998968363 ) ) ;
#1600 = VECTOR ( 'NONE', #697, 1000.000000000000114 ) ;
#1601 = VECTOR ( 'NONE', #240, 1000.000000000000000 ) ;
#1602 = DIRECTION ( 'NONE',  ( -0.8660254037844388186, 0.000000000000000000, 0.4999999999999997224 ) ) ;
#1603 = AXIS2_PLACEMENT_3D ( 'NONE', #1293, #188, #1691 ) ;
#1604 = LINE ( 'NONE', #355, #33 ) ;
#1605 = VERTEX_POINT ( 'NONE', #941 ) ;
#1606 = EDGE_CURVE ( 'NONE', #1108, #1390, #919, .T. ) ;
#1607 = ORIENTED_EDGE ( 'NONE', *, *, #1414, .T. ) ;
#1608 = CARTESIAN_POINT ( 'NONE',  ( 47.69999999997602913, 16.00000000000000000, 71.51250000000000284 ) ) ;
#1609 = SURFACE_STYLE_USAGE ( .BOTH. , #1346 ) ;
#1610 = VERTEX_POINT ( 'NONE', #1780 ) ;
#1611 = CARTESIAN_POINT ( 'NONE',  ( 54.94233088002695808, -3.308722450212110699E-21, 73.66034450716033177 ) ) ;
#1612 = CARTESIAN_POINT ( 'NONE',  ( -51.99784450715829109, 6.000000000000000000, 78.76034450715800972 ) ) ;
#1613 = CARTESIAN_POINT ( 'NONE',  ( 29.08920420672921026, 0.000000000000000000, 50.14358442550287265 ) ) ;
#1614 = ORIENTED_EDGE ( 'NONE', *, *, #139, .T. ) ;
#1615 = VERTEX_POINT ( 'NONE', #388 ) ;
#1616 = ADVANCED_FACE ( 'NONE', ( #1341 ), #1504, .T. ) ;
#1617 = PLANE ( 'NONE',  #1453 ) ;
#1618 = CARTESIAN_POINT ( 'NONE',  ( -49.05335813428776959, 6.000000000000000000, 5.364655492845621154 ) ) ;
#1619 = ORIENTED_EDGE ( 'NONE', *, *, #1588, .F. ) ;
#1620 = LINE ( 'NONE', #1222, #154 ) ;
#1621 = DIRECTION ( 'NONE',  ( 0.8660254037844391517, 0.000000000000000000, -0.4999999999999990563 ) ) ;
#1622 = VERTEX_POINT ( 'NONE', #632 ) ;
#1623 = ORIENTED_EDGE ( 'NONE', *, *, #105, .F. ) ;
#1624 = CARTESIAN_POINT ( 'NONE',  ( 46.10887176142135502, 6.000000000000000000, 0.2646554928444917465 ) ) ;
#1625 = CARTESIAN_POINT ( 'NONE',  ( 54.94233088002265220, -1.200000000000000030E-05, -4.835344507155532767 ) ) ;
#1626 = VERTEX_POINT ( 'NONE', #1196 ) ;
#1627 = LINE ( 'NONE', #816, #177 ) ;
#1628 = EDGE_CURVE ( 'NONE', #414, #1443, #778, .T. ) ;
#1629 = CARTESIAN_POINT ( 'NONE',  ( 54.94233088002694387, -1.200000000000000030E-05, 83.86034450716040567 ) ) ;
#1630 = AXIS2_PLACEMENT_3D ( 'NONE', #1473, #1642, #236 ) ;
#1631 = VECTOR ( 'NONE', #13, 1000.000000000000000 ) ;
#1632 = CARTESIAN_POINT ( 'NONE',  ( 49.05335813429275760, -1.200000000000000030E-05, 83.86034450716040567 ) ) ;
#1633 = EDGE_LOOP ( 'NONE', ( #929, #486, #1619, #564, #1197, #113 ) ) ;
#1634 = VERTEX_POINT ( 'NONE', #1214 ) ;
#1635 = CIRCLE ( 'NONE', #1375, 3.099999999999991651 ) ;
#1636 = CARTESIAN_POINT ( 'NONE',  ( 49.05335813428844460, -3.308722450212110699E-21, 5.364655492844510931 ) ) ;
#1637 = CARTESIAN_POINT ( 'NONE',  ( 51.99784450715986139, 6.000000000000000000, 75.66034450716037441 ) ) ;
#1638 = ORIENTED_EDGE ( 'NONE', *, *, #1648, .T. ) ;
#1639 = DIRECTION ( 'NONE',  ( 0.000000000000000000, 0.000000000000000000, -1.000000000000000000 ) ) ;
#1640 = ADVANCED_FACE ( 'NONE', ( #374 ), #957, .T. ) ;
#1641 = FACE_OUTER_BOUND ( 'NONE', #300, .T. ) ;
#1642 = DIRECTION ( 'NONE',  ( -0.000000000000000000, 1.000000000000000000, -0.000000000000000000 ) ) ;
#1643 = ORIENTED_EDGE ( 'NONE', *, *, #405, .T. ) ;
#1644 = VERTEX_POINT ( 'NONE', #805 ) ;
#1645 = CARTESIAN_POINT ( 'NONE',  ( 46.10887176142563959, 6.000000000000000000, 78.76034450716035451 ) ) ;
#1646 = FACE_OUTER_BOUND ( 'NONE', #516, .T. ) ;
#1647 = FACE_BOUND ( 'NONE', #1119, .T. ) ;
#1648 = EDGE_CURVE ( 'NONE', #1127, #363, #267, .T. ) ;
#1649 = DIRECTION ( 'NONE',  ( 1.000000000000000000, 0.000000000000000000, 0.000000000000000000 ) ) ;
#1650 = ORIENTED_EDGE ( 'NONE', *, *, #58, .F. ) ;
#1651 = ADVANCED_FACE ( 'NONE', ( #1768 ), #83, .F. ) ;
#1652 = EDGE_LOOP ( 'NONE', ( #1713, #145, #1774, #170 ) ) ;
#1653 = VERTEX_POINT ( 'NONE', #514 ) ;
#1654 = DIRECTION ( 'NONE',  ( 0.000000000000000000, 1.000000000000000000, 0.000000000000000000 ) ) ;
#1655 = FACE_OUTER_BOUND ( 'NONE', #991, .T. ) ;
#1656 = CARTESIAN_POINT ( 'NONE',  ( 47.69999999997602913, 16.00000000000000000, 71.51250000000000284 ) ) ;
#1657 = AXIS2_PLACEMENT_3D ( 'NONE', #1058, #758, #1589 ) ;
#1658 = DIRECTION ( 'NONE',  ( -0.000000000000000000, -1.000000000000000000, -0.000000000000000000 ) ) ;
#1659 = CIRCLE ( 'NONE', #668, 3.099999999999995204 ) ;
#1660 = AXIS2_PLACEMENT_3D ( 'NONE', #889, #1463, #213 ) ;
#1661 = VERTEX_POINT ( 'NONE', #646 ) ;
#1662 = VECTOR ( 'NONE', #1410, 1000.000000000000114 ) ;
#1663 = ADVANCED_FACE ( 'NONE', ( #1205 ), #928, .T. ) ;
#1664 = CIRCLE ( 'NONE', #492, 3.099999999999995204 ) ;
#1665 = EDGE_LOOP ( 'NONE', ( #1488, #1056, #557, #1576 ) ) ;
#1666 = CARTESIAN_POINT ( 'NONE',  ( -49.05335813428776959, 6.000000000000000000, 5.364655492845621154 ) ) ;
#1667 = VERTEX_POINT ( 'NONE', #1486 ) ;
#1668 = CARTESIAN_POINT ( 'NONE',  ( -44.74999999999995737, 16.00000000000000000, -10.23749999998967830 ) ) ;
#1669 = CARTESIAN_POINT ( 'NONE',  ( -51.99784450715485207, 6.000000000000000000, 0.2646554928456166800 ) ) ;
#1670 = CARTESIAN_POINT ( 'NONE',  ( -44.74999999999995737, 0.000000000000000000, 5.364655492844510931 ) ) ;
#1671 = ORIENTED_EDGE ( 'NONE', *, *, #1244, .F. ) ;
#1672 = ORIENTED_EDGE ( 'NONE', *, *, #1273, .T. ) ;
#1673 = EDGE_CURVE ( 'NONE', #1263, #1644, #1360, .T. ) ;
#1674 = CYLINDRICAL_SURFACE ( 'NONE', #639, 3.100000000000005418 ) ;
#1675 = EDGE_LOOP ( 'NONE', ( #527, #806 ) ) ;
#1676 = CARTESIAN_POINT ( 'NONE',  ( 62.50000000000005684, 0.000000000000000000, 71.51250000000000284 ) ) ;
#1677 = DIRECTION ( 'NONE',  ( 0.000000000000000000, 1.000000000000000000, 0.000000000000000000 ) ) ;
#1678 = CARTESIAN_POINT ( 'NONE',  ( -44.74999999999995737, 0.000000000000000000, 4.562500000010695445 ) ) ;
#1679 = ORIENTED_EDGE ( 'NONE', *, *, #1405, .T. ) ;
#1680 = ORIENTED_EDGE ( 'NONE', *, *, #723, .F. ) ;
#1681 = CARTESIAN_POINT ( 'NONE',  ( -54.94233088002538068, -3.308722450212110699E-21, 83.86034450715800403 ) ) ;
#1682 = CARTESIAN_POINT ( 'NONE',  ( 54.94233088002694387, -3.308722450212110699E-21, 83.86034450716040567 ) ) ;
#1683 = EDGE_CURVE ( 'NONE', #457, #1263, #797, .T. ) ;
#1684 = DIRECTION ( 'NONE',  ( -0.000000000000000000, -1.000000000000000000, -0.000000000000000000 ) ) ;
#1685 = CARTESIAN_POINT ( 'NONE',  ( -54.94233088002538068, -1.200000000000000030E-05, 83.86034450715800403 ) ) ;
#1686 = EDGE_LOOP ( 'NONE', ( #899, #647, #733, #309 ) ) ;
#1687 = AXIS2_PLACEMENT_3D ( 'NONE', #1685, #1394, #1246 ) ;
#1688 = AXIS2_PLACEMENT_3D ( 'NONE', #908, #598, #623 ) ;
#1689 = ORIENTED_EDGE ( 'NONE', *, *, #1350, .F. ) ;
#1690 = VECTOR ( 'NONE', #1261, 1000.000000000000000 ) ;
#1691 = DIRECTION ( 'NONE',  ( -1.000000000000000000, 0.000000000000000000, -0.000000000000000000 ) ) ;
#1692 = AXIS2_PLACEMENT_3D ( 'NONE', #1805, #1694, #1260 ) ;
#1693 = VERTEX_POINT ( 'NONE', #1331 ) ;
#1694 = DIRECTION ( 'NONE',  ( 0.8660254037844391517, -0.000000000000000000, 0.4999999999999992784 ) ) ;
#1695 = AXIS2_PLACEMENT_3D ( 'NONE', #1133, #1031, #1582 ) ;
#1696 = DIRECTION ( 'NONE',  ( 0.000000000000000000, 1.000000000000000000, 0.000000000000000000 ) ) ;
#1697 = ADVANCED_FACE ( 'NONE', ( #125 ), #678, .F. ) ;
#1698 = PLANE ( 'NONE',  #1715 ) ;
#1699 = DIRECTION ( 'NONE',  ( -1.000000000000000000, 0.000000000000000000, 0.000000000000000000 ) ) ;
#1700 = ORIENTED_EDGE ( 'NONE', *, *, #475, .T. ) ;
#1701 = CARTESIAN_POINT ( 'NONE',  ( -62.49999999998915712, 16.00000000000000000, 7.512500000000020606 ) ) ;
#1702 = ORIENTED_EDGE ( 'NONE', *, *, #973, .F. ) ;
#1703 = DIRECTION ( 'NONE',  ( 0.000000000000000000, 0.000000000000000000, 1.000000000000000000 ) ) ;
#1704 = DIRECTION ( 'NONE',  ( -1.000000000000000000, 0.000000000000000000, 2.310380316608217503E-14 ) ) ;
#1705 = ORIENTED_EDGE ( 'NONE', *, *, #912, .F. ) ;
#1706 = EDGE_CURVE ( 'NONE', #1605, #651, #498, .T. ) ;
#1707 = ORIENTED_EDGE ( 'NONE', *, *, #153, .T. ) ;
#1708 = DIRECTION ( 'NONE',  ( 0.000000000000000000, 0.000000000000000000, -1.000000000000000000 ) ) ;
#1709 = ORIENTED_EDGE ( 'NONE', *, *, #1027, .T. ) ;
#1710 = LINE ( 'NONE', #1316, #1427 ) ;
#1711 = DIRECTION ( 'NONE',  ( -1.000000000000000000, 0.000000000000000000, 7.826607146362400282E-14 ) ) ;
#1712 = CARTESIAN_POINT ( 'NONE',  ( 44.75000000000004263, 16.00000000000000000, 74.46249999998508429 ) ) ;
#1713 = ORIENTED_EDGE ( 'NONE', *, *, #1772, .T. ) ;
#1714 = ADVANCED_FACE ( 'NONE', ( #711 ), #23, .T. ) ;
#1715 = AXIS2_PLACEMENT_3D ( 'NONE', #846, #1105, #553 ) ;
#1716 = PLANE ( 'NONE',  #1141 ) ;
#1717 = AXIS2_PLACEMENT_3D ( 'NONE', #1289, #1696, #1557 ) ;
#1718 = AXIS2_PLACEMENT_3D ( 'NONE', #361, #1784, #1467 ) ;
#1719 = LINE ( 'NONE', #766, #897 ) ;
#1720 = AXIS2_PLACEMENT_3D ( 'NONE', #904, #249, #209 ) ;
#1721 = PLANE ( 'NONE',  #577 ) ;
#1722 = FACE_OUTER_BOUND ( 'NONE', #988, .T. ) ;
#1723 = VERTEX_POINT ( 'NONE', #835 ) ;
#1724 = DIRECTION ( 'NONE',  ( -1.098296800727816244E-13, 0.000000000000000000, 1.000000000000000000 ) ) ;
#1725 = EDGE_CURVE ( 'NONE', #1158, #1136, #540, .T. ) ;
#1726 = DIRECTION ( 'NONE',  ( 0.000000000000000000, 1.000000000000000000, 0.000000000000000000 ) ) ;
#1727 = DIRECTION ( 'NONE',  ( -3.848917712323541372E-14, -0.000000000000000000, -1.000000000000000000 ) ) ;
#1728 = EDGE_CURVE ( 'NONE', #910, #1228, #280, .T. ) ;
#1729 = FACE_OUTER_BOUND ( 'NONE', #1760, .T. ) ;
#1730 = ORIENTED_EDGE ( 'NONE', *, *, #1588, .T. ) ;
#1731 = DIRECTION ( 'NONE',  ( 0.000000000000000000, 0.000000000000000000, 1.000000000000000000 ) ) ;
#1732 = CARTESIAN_POINT ( 'NONE',  ( -47.69999999999774332, 0.000000000000000000, 71.51249999999980389 ) ) ;
#1733 = DIRECTION ( 'NONE',  ( -0.4999999999999990563, 0.000000000000000000, 0.8660254037844391517 ) ) ;
#1734 = ADVANCED_FACE ( 'NONE', ( #2 ), #1403, .T. ) ;
#1735 = DIRECTION ( 'NONE',  ( -0.000000000000000000, -1.000000000000000000, -0.000000000000000000 ) ) ;
#1736 = DIRECTION ( 'NONE',  ( -0.000000000000000000, -1.000000000000000000, -0.000000000000000000 ) ) ;
#1737 = VERTEX_POINT ( 'NONE', #1270 ) ;
#1738 = VERTEX_POINT ( 'NONE', #826 ) ;
#1739 = FACE_OUTER_BOUND ( 'NONE', #850, .T. ) ;
#1740 = AXIS2_PLACEMENT_3D ( 'NONE', #196, #1735, #57 ) ;
#1741 = CARTESIAN_POINT ( 'NONE',  ( -7.457067832972896326, 0.000000000000000000, -14.01858442550347661 ) ) ;
#1742 = AXIS2_PLACEMENT_3D ( 'NONE', #1004, #14, #561 ) ;
#1743 = ORIENTED_EDGE ( 'NONE', *, *, #1454, .F. ) ;
#1744 = CARTESIAN_POINT ( 'NONE',  ( -62.49999999999514699, 16.00000000000000000, 71.51250000000000284 ) ) ;
#1745 = CIRCLE ( 'NONE', #1718, 3.099999999999995204 ) ;
#1746 = VECTOR ( 'NONE', #1534, 1000.000000000000114 ) ;
#1747 = FACE_OUTER_BOUND ( 'NONE', #901, .T. ) ;
#1748 = EDGE_CURVE ( 'NONE', #1661, #1234, #31, .T. ) ;
#1749 = UNCERTAINTY_MEASURE_WITH_UNIT (LENGTH_MEASURE( 1.000000000000000082E-05 ), #87, 'distance_accuracy_value', 'NONE');
#1750 = VECTOR ( 'NONE', #851, 1000.000000000000114 ) ;
#1751 = DIRECTION ( 'NONE',  ( 0.000000000000000000, 0.000000000000000000, -1.000000000000000000 ) ) ;
#1752 = ORIENTED_EDGE ( 'NONE', *, *, #449, .T. ) ;
#1753 = ORIENTED_EDGE ( 'NONE', *, *, #396, .F. ) ;
#1754 = LINE ( 'NONE', #391, #37 ) ;
#1755 = DIRECTION ( 'NONE',  ( 0.000000000000000000, 0.000000000000000000, -1.000000000000000000 ) ) ;
#1756 = ORIENTED_EDGE ( 'NONE', *, *, #1578, .F. ) ;
#1757 = CARTESIAN_POINT ( 'NONE',  ( 51.99784450715556261, 16.00000000000000000, -2.835344507155504346 ) ) ;
#1758 = CARTESIAN_POINT ( 'NONE',  ( 46.10887176142563959, 6.000000000000000000, 78.76034450716035451 ) ) ;
#1759 = CARTESIAN_POINT ( 'NONE',  ( -54.94233088002194876, -1.200000000000000030E-05, 5.364655492845621154 ) ) ;
#1760 = EDGE_LOOP ( 'NONE', ( #1357, #1680, #1301, #1787 ) ) ;
#1761 = ORIENTED_EDGE ( 'NONE', *, *, #1728, .T. ) ;
#1762 = ADVANCED_FACE ( 'NONE', ( #581 ), #1698, .T. ) ;
#1763 = DIRECTION ( 'NONE',  ( 0.000000000000000000, -0.000000000000000000, 1.000000000000000000 ) ) ;
#1764 = LINE ( 'NONE', #1625, #729 ) ;
#1765 = ORIENTED_EDGE ( 'NONE', *, *, #1468, .T. ) ;
#1766 = DIRECTION ( 'NONE',  ( 0.000000000000000000, -0.000000000000000000, -1.000000000000000000 ) ) ;
#1767 = CARTESIAN_POINT ( 'NONE',  ( -47.69999999998928075, 16.00000000000000000, 7.512500000000018829 ) ) ;
#1768 = FACE_OUTER_BOUND ( 'NONE', #1652, .T. ) ;
#1769 = ORIENTED_EDGE ( 'NONE', *, *, #949, .T. ) ;
#1770 = EDGE_LOOP ( 'NONE', ( #1272, #1118, #1475, #256 ) ) ;
#1771 = DIRECTION ( 'NONE',  ( -0.000000000000000000, -1.000000000000000000, -0.000000000000000000 ) ) ;
#1772 = EDGE_CURVE ( 'NONE', #745, #1202, #970, .T. ) ;
#1773 = DIRECTION ( 'NONE',  ( 0.000000000000000000, 0.000000000000000000, -1.000000000000000000 ) ) ;
#1774 = ORIENTED_EDGE ( 'NONE', *, *, #482, .F. ) ;
#1775 = DIRECTION ( 'NONE',  ( -1.000000000000000000, -0.000000000000000000, 5.814715561933432710E-17 ) ) ;
#1776 = CIRCLE ( 'NONE', #378, 2.949999999989322941 ) ;
#1777 = LINE ( 'NONE', #1629, #1484 ) ;
#1778 = VECTOR ( 'NONE', #1482, 1000.000000000000000 ) ;
#1779 = VECTOR ( 'NONE', #1164, 1000.000000000000000 ) ;
#1780 = CARTESIAN_POINT ( 'NONE',  ( 47.69999999998570672, 16.00000000000000000, 7.512500000000018829 ) ) ;
#1781 = ORIENTED_EDGE ( 'NONE', *, *, #1036, .F. ) ;
#1782 = ORIENTED_EDGE ( 'NONE', *, *, #59, .F. ) ;
#1783 = VECTOR ( 'NONE', #1146, 1000.000000000000000 ) ;
#1784 = DIRECTION ( 'NONE',  ( -0.000000000000000000, 1.000000000000000000, -0.000000000000000000 ) ) ;
#1785 = DIRECTION ( 'NONE',  ( 0.000000000000000000, 0.000000000000000000, -1.000000000000000000 ) ) ;
#1786 = ADVANCED_FACE ( 'NONE', ( #1511 ), #1522, .T. ) ;
#1787 = ORIENTED_EDGE ( 'NONE', *, *, #1506, .T. ) ;
#1788 = CYLINDRICAL_SURFACE ( 'NONE', #1138, 17.74999999999519318 ) ;
#1789 = ADVANCED_FACE ( 'NONE', ( #299 ), #703, .F. ) ;
#1790 = EDGE_CURVE ( 'NONE', #1737, #1000, #1262, .T. ) ;
#1791 = FACE_BOUND ( 'NONE', #499, .T. ) ;
#1792 = CARTESIAN_POINT ( 'NONE',  ( -54.94233088002194876, -1.200000000000000030E-05, 5.364655492845621154 ) ) ;
#1793 = ORIENTED_EDGE ( 'NONE', *, *, #1528, .T. ) ;
#1794 = ORIENTED_EDGE ( 'NONE', *, *, #396, .T. ) ;
#1795 = VERTEX_POINT ( 'NONE', #1539 ) ;
#1796 = DIRECTION ( 'NONE',  ( -0.5000000000000009992, 0.000000000000000000, -0.8660254037844381525 ) ) ;
#1797 = ORIENTED_EDGE ( 'NONE', *, *, #1329, .F. ) ;
#1798 = DIRECTION ( 'NONE',  ( -1.000000000000000000, 0.000000000000000000, 2.310380316608217503E-14 ) ) ;
#1799 = DIRECTION ( 'NONE',  ( 0.000000000000000000, 1.000000000000000000, 0.000000000000000000 ) ) ;
#1800 = EDGE_CURVE ( 'NONE', #1737, #422, #496, .T. ) ;
#1801 =( NAMED_UNIT ( * ) SI_UNIT ( $, .STERADIAN. ) SOLID_ANGLE_UNIT ( ) );
#1802 = ORIENTED_EDGE ( 'NONE', *, *, #1006, .T. ) ;
#1803 = ORIENTED_EDGE ( 'NONE', *, *, #949, .F. ) ;
#1804 = DIRECTION ( 'NONE',  ( 1.000000000000000000, 0.000000000000000000, -5.814715561933432710E-17 ) ) ;
#1805 = CARTESIAN_POINT ( 'NONE',  ( -57.88681725288903834, -1.200000000000000030E-05, 0.2646554928456154032 ) ) ;
ENDSEC;
END-ISO-10303-21;
