ISO-10303-21;
HEADER;
FILE_DESCRIPTION (( 'STEP AP214' ),
    '1' );
FILE_NAME ('Lite Panel Mount Block.STEP',
    '2026-05-14T22:58:11',
    ( '' ),
    ( '' ),
    'SwSTEP 2.0',
    'SolidWorks 2025',
    '' );
FILE_SCHEMA (( 'AUTOMOTIVE_DESIGN' ));
ENDSEC;

DATA;
#1 = FACE_OUTER_BOUND ( 'NONE', #299, .T. ) ;
#2 = CARTESIAN_POINT ( 'NONE',  ( 0.09842519685039211041, -0.9842519685039370358, 0.2360539303840697156 ) ) ;
#3 = DIMENSIONAL_EXPONENTS ( 1.000000000000000000, 0.000000000000000000, 0.000000000000000000, 0.000000000000000000, 0.000000000000000000, 0.000000000000000000, 0.000000000000000000 ) ;
#4 = CARTESIAN_POINT ( 'NONE',  ( 0.1184468438509114208, -0.9648532277044765681, -0.2557364714261050054 ) ) ;
#5 = CARTESIAN_POINT ( 'NONE',  ( 0.07908076253709291070, -0.9842519685039370358, -0.2754195120195862545 ) ) ;
#6 = ORIENTED_EDGE ( 'NONE', *, *, #1141, .T. ) ;
#7 =( BOUNDED_SURFACE ( )  B_SPLINE_SURFACE ( 3, 2, ( 
 ( #130, #3249, #3267 ),
 ( #80, #3589, #1226 ),
 ( #1870, #950, #2415 ),
 ( #1283, #1003, #968 ) ),
 .UNSPECIFIED., .F., .F., .T. ) 
 B_SPLINE_SURFACE_WITH_KNOTS ( ( 4, 4 ),
 ( 3, 3 ),
 ( 0.000000000000000000, 0.6108652381980209656 ),
 ( 0.000000000000000000, 1.000000000000000000 ),
 .UNSPECIFIED. ) 
 GEOMETRIC_REPRESENTATION_ITEM ( )  RATIONAL_B_SPLINE_SURFACE ( (
 ( 1.000000000000000000, 0.7101853756232829884, 1.000000000000000000),
 ( 1.000000000000000000, 0.7101865875446139453, 1.000000000000000000),
 ( 1.000000000000000000, 0.7099898437967959719, 1.000000000000000000),
 ( 1.000000000000000000, 0.7096296073984870167, 1.000000000000000000) ) ) 
 REPRESENTATION_ITEM ( '' )  SURFACE ( )  );
#8 = ORIENTED_EDGE ( 'NONE', *, *, #909, .T. ) ;
#9 = CARTESIAN_POINT ( 'NONE',  ( 0.3038787375031080096, -0.9571738852167755995, 0.3573082157174463092 ) ) ;
#10 = ADVANCED_FACE ( 'NONE', ( #513 ), #796, .T. ) ;
#11 = ADVANCED_FACE ( 'NONE', ( #228 ), #2830, .T. ) ;
#12 = FACE_OUTER_BOUND ( 'NONE', #2954, .T. ) ;
#13 = CARTESIAN_POINT ( 'NONE',  ( 1.205321214392102562E-16, -0.3070866141732284116, 0.2499959792912975765 ) ) ;
#14 = EDGE_CURVE ( 'NONE', #61, #646, #3410, .T. ) ;
#15 = CARTESIAN_POINT ( 'NONE',  ( 0.9760981582210025431, -0.3070866141732283561, 0.2421259842519684347 ) ) ;
#16 = VERTEX_POINT ( 'NONE', #492 ) ;
#17 = VECTOR ( 'NONE', #617, 39.37007874015748854 ) ;
#18 = CARTESIAN_POINT ( 'NONE',  ( 0.9744806878734750821, -0.09594067723289287364, -0.2379023011659672504 ) ) ;
#19 = CYLINDRICAL_SURFACE ( 'NONE', #3409, 0.1181102362204724116 ) ;
#20 = AXIS2_PLACEMENT_3D ( 'NONE', #3025, #401, #664 ) ;
#21 = VERTEX_POINT ( 'NONE', #185 ) ;
#22 = CARTESIAN_POINT ( 'NONE',  ( 0.9645669291338585527, -0.3070866141732283561, 0.05118110236220473064 ) ) ;
#23 = CIRCLE ( 'NONE', #1040, 0.04901574803149563730 ) ;
#24 = AXIS2_PLACEMENT_3D ( 'NONE', #512, #1682, #3704 ) ;
#25 = DIRECTION ( 'NONE',  ( 0.000000000000000000, 0.000000000000000000, 1.000000000000000000 ) ) ;
#26 = DIRECTION ( 'NONE',  ( 1.000000000000000000, 0.000000000000000000, 0.000000000000000000 ) ) ;
#27 = AXIS2_PLACEMENT_3D ( 'NONE', #2240, #2488, #782 ) ;
#28 = CARTESIAN_POINT ( 'NONE',  ( 0.6496062992125984925, 0.000000000000000000, -0.1316392780441159316 ) ) ;
#29 = EDGE_CURVE ( 'NONE', #2841, #292, #2510, .T. ) ;
#30 = VERTEX_POINT ( 'NONE', #1969 ) ;
#31 = VERTEX_POINT ( 'NONE', #3120 ) ;
#32 = AXIS2_PLACEMENT_3D ( 'NONE', #3185, #2325, #1432 ) ;
#33 = LINE ( 'NONE', #939, #2008 ) ;
#34 = DIRECTION ( 'NONE',  ( -5.781530897296982634E-16, 0.9998476951563912696, 0.01745240643727998323 ) ) ;
#35 = CYLINDRICAL_SURFACE ( 'NONE', #3642, 0.01968503937007875723 ) ;
#36 =( BOUNDED_CURVE ( )  B_SPLINE_CURVE ( 3, ( #1668, #3608, #3415, #820 ),
 .UNSPECIFIED., .F., .F. ) 
 B_SPLINE_CURVE_WITH_KNOTS ( ( 4, 4 ),
 ( 5.672320068981569818, 6.283185307179586232 ),
 .UNSPECIFIED. ) 
 CURVE ( )  GEOMETRIC_REPRESENTATION_ITEM ( )  RATIONAL_B_SPLINE_CURVE ( ( 1.000000000000000000, 0.9691446338321512144, 0.9691446338321512144, 1.000000000000000000 ) ) 
 REPRESENTATION_ITEM ( '' )  );
#37 = CARTESIAN_POINT ( 'NONE',  ( 0.3038787375031080096, -0.9647387113287082538, 0.2557352221954887206 ) ) ;
#38 = ORIENTED_EDGE ( 'NONE', *, *, #2329, .F. ) ;
#39 = CARTESIAN_POINT ( 'NONE',  ( 0.1184448450235650735, -0.9652540317494964217, -0.2360554295331137031 ) ) ;
#40 = CARTESIAN_POINT ( 'NONE',  ( 0.3464566929133858775, -0.007543180344281997032, -1.031007827871047886E-16 ) ) ;
#41 = DIRECTION ( 'NONE',  ( 1.000000000000000000, 0.000000000000000000, 0.000000000000000000 ) ) ;
#42 = ORIENTED_EDGE ( 'NONE', *, *, #1989, .F. ) ;
#43 = PLANE ( 'NONE',  #2140 ) ;
#44 = AXIS2_PLACEMENT_3D ( 'NONE', #1357, #1053, #3073 ) ;
#45 = ORIENTED_EDGE ( 'NONE', *, *, #2790, .F. ) ;
#46 = DIRECTION ( 'NONE',  ( 0.5735764363510494901, -0.8191520442889893561, 0.000000000000000000 ) ) ;
#47 = DIRECTION ( 'NONE',  ( 0.000000000000000000, 0.000000000000000000, -1.000000000000000000 ) ) ;
#48 = CARTESIAN_POINT ( 'NONE',  ( 0.1162595052778956639, -0.9711668756830590388, -0.2568301406491854677 ) ) ;
#49 = ORIENTED_EDGE ( 'NONE', *, *, #3452, .F. ) ;
#50 = EDGE_LOOP ( 'NONE', ( #575, #3688, #828, #1014, #1112, #251, #1276, #440, #3731 ) ) ;
#51 = CYLINDRICAL_SURFACE ( 'NONE', #131, 0.007677165354330737178 ) ;
#52 = DIRECTION ( 'NONE',  ( -0.000000000000000000, 1.000000000000000000, -1.275531967630009929E-16 ) ) ;
#53 = DIRECTION ( 'NONE',  ( 0.000000000000000000, 1.000000000000000000, 1.453416966358946476E-14 ) ) ;
#54 = EDGE_CURVE ( 'NONE', #815, #2710, #832, .T. ) ;
#55 = ORIENTED_EDGE ( 'NONE', *, *, #870, .T. ) ;
#56 = FACE_OUTER_BOUND ( 'NONE', #2755, .T. ) ;
#57 =( BOUNDED_CURVE ( )  B_SPLINE_CURVE ( 3, ( #2449, #2729, #720, #2148 ),
 .UNSPECIFIED., .F., .T. ) 
 B_SPLINE_CURVE_WITH_KNOTS ( ( 4, 4 ),
 ( 4.712388980384688786, 6.283185307179586232 ),
 .UNSPECIFIED. ) 
 CURVE ( )  GEOMETRIC_REPRESENTATION_ITEM ( )  RATIONAL_B_SPLINE_CURVE ( ( 1.000000000000000000, 0.8047378541243648264, 0.8047378541243648264, 1.000000000000000000 ) ) 
 REPRESENTATION_ITEM ( '' )  );
#58 = FACE_OUTER_BOUND ( 'NONE', #2537, .T. ) ;
#59 = FACE_OUTER_BOUND ( 'NONE', #3307, .T. ) ;
#60 = EDGE_CURVE ( 'NONE', #2341, #3391, #3666, .T. ) ;
#61 = VERTEX_POINT ( 'NONE', #1365 ) ;
#62 = ADVANCED_FACE ( 'NONE', ( #2528 ), #3462, .T. ) ;
#63 = CARTESIAN_POINT ( 'NONE',  ( 0.9842519685039370358, -0.09842519685039370636, 0.2618110236220472231 ) ) ;
#64 = CARTESIAN_POINT ( 'NONE',  ( 0.3038787375031080096, -0.8661417322834646937, 0.3740157480314960647 ) ) ;
#65 = EDGE_CURVE ( 'NONE', #3229, #1259, #132, .T. ) ;
#66 = CARTESIAN_POINT ( 'NONE',  ( 0.9842519685039373689, -0.3858267716535433989, 0.2703689231800529558 ) ) ;
#67 = EDGE_LOOP ( 'NONE', ( #1121, #2364, #2575, #293 ) ) ;
#68 = VERTEX_POINT ( 'NONE', #285 ) ;
#69 = CARTESIAN_POINT ( 'NONE',  ( 0.3278950401337378806, -0.9842519685035522325, 0.3568355660156014575 ) ) ;
#70 = CARTESIAN_POINT ( 'NONE',  ( 0.9645669291338583307, -0.09842519685039370636, 0.2344488188976377729 ) ) ;
#71 = CARTESIAN_POINT ( 'NONE',  ( 0.1085271438757798856, -0.4055118110236220486, 0.2508549229714903683 ) ) ;
#72 = DIRECTION ( 'NONE',  ( 0.000000000000000000, -1.275531967630009929E-16, -1.000000000000000000 ) ) ;
#73 = VERTEX_POINT ( 'NONE', #849 ) ;
#74 = LINE ( 'NONE', #1202, #2559 ) ;
#75 = CARTESIAN_POINT ( 'NONE',  ( 0.9834984264585653335, -0.08496366285130937945, -0.2555875182510508048 ) ) ;
#76 = CARTESIAN_POINT ( 'NONE',  ( 0.9338869806713820942, -0.5691911863333469768, -0.2718283990901813052 ) ) ;
#77 = ORIENTED_EDGE ( 'NONE', *, *, #3209, .F. ) ;
#78 = LINE ( 'NONE', #2431, #2987 ) ;
#79 = VECTOR ( 'NONE', #3059, 39.37007874015748143 ) ;
#80 = CARTESIAN_POINT ( 'NONE',  ( 0.3279937077136137469, -0.9842519685039370358, -0.2754195120195772062 ) ) ;
#81 = VECTOR ( 'NONE', #2066, 39.37007874015748143 ) ;
#82 = EDGE_CURVE ( 'NONE', #3370, #1597, #2390, .T. ) ;
#83 = EDGE_CURVE ( 'NONE', #426, #1232, #3512, .T. ) ;
#84 = CYLINDRICAL_SURFACE ( 'NONE', #1413, 0.02755905511811022543 ) ;
#85 = VECTOR ( 'NONE', #2798, 39.37007874015748143 ) ;
#86 = ORIENTED_EDGE ( 'NONE', *, *, #3706, .F. ) ;
#87 = ORIENTED_EDGE ( 'NONE', *, *, #2883, .F. ) ;
#88 = ADVANCED_FACE ( 'NONE', ( #628 ), #2903, .T. ) ;
#89 = CARTESIAN_POINT ( 'NONE',  ( 0.3223668861232391603, -0.9571738852164548561, -0.3573082157174519158 ) ) ;
#90 = FACE_OUTER_BOUND ( 'NONE', #2481, .T. ) ;
#91 = AXIS2_PLACEMENT_3D ( 'NONE', #2837, #1936, #1332 ) ;
#92 = DIRECTION ( 'NONE',  ( -1.000000000000000000, -0.000000000000000000, -0.000000000000000000 ) ) ;
#93 = VERTEX_POINT ( 'NONE', #2295 ) ;
#94 = DIRECTION ( 'NONE',  ( -1.224419840343178815E-16, 0.9998476951563912696, -0.01745240643727998323 ) ) ;
#95 = CARTESIAN_POINT ( 'NONE',  ( 0.9180797560475358887, -0.5466161299946736829, 0.3369112748565616378 ) ) ;
#96 = DIRECTION ( 'NONE',  ( 0.8191417824367098754, 0.5735692509247238835, -0.005005463021664630086 ) ) ;
#97 = EDGE_LOOP ( 'NONE', ( #1189, #1168, #3591, #394, #3643, #1090, #777 ) ) ;
#98 = EDGE_CURVE ( 'NONE', #789, #476, #2765, .T. ) ;
#99 = DIRECTION ( 'NONE',  ( 1.000000000000000000, 6.123031769111947921E-17, -6.123031769111877663E-17 ) ) ;
#100 = CARTESIAN_POINT ( 'NONE',  ( 0.9251968503937006982, -0.1016051828607383994, -0.2007874015748031815 ) ) ;
#101 = FACE_OUTER_BOUND ( 'NONE', #133, .T. ) ;
#102 = CARTESIAN_POINT ( 'NONE',  ( 0.7283464566929134243, -0.3070866141732294108, 0.2421259842519685179 ) ) ;
#103 = EDGE_CURVE ( 'NONE', #3494, #3143, #1704, .T. ) ;
#104 = ORIENTED_EDGE ( 'NONE', *, *, #244, .T. ) ;
#105 = LINE ( 'NONE', #3592, #1523 ) ;
#106 = CARTESIAN_POINT ( 'NONE',  ( 0.9837396194358911661, -0.08590215729433264835, 0.2566585057702374106 ) ) ;
#107 = CARTESIAN_POINT ( 'NONE',  ( 1.058066576443944785E-16, -0.3267716535433066727, 0.1299212598424581144 ) ) ;
#108 = ORIENTED_EDGE ( 'NONE', *, *, #3707, .T. ) ;
#109 = CARTESIAN_POINT ( 'NONE',  ( 0.9794907917952113685, -0.5106352893316472574, -0.3651025759015563699 ) ) ;
#110 = CARTESIAN_POINT ( 'NONE',  ( 0.7834645669291343539, -0.3070866141732283561, -0.1299212598425196763 ) ) ;
#111 = CARTESIAN_POINT ( 'NONE',  ( 0.1102451620773750168, -0.3070866141733051280, 0.1299212598424429599 ) ) ;
#112 = ORIENTED_EDGE ( 'NONE', *, *, #2293, .F. ) ;
#113 = DIRECTION ( 'NONE',  ( -0.000000000000000000, -0.000000000000000000, 1.000000000000000000 ) ) ;
#114 = LINE ( 'NONE', #226, #1714 ) ;
#115 = CARTESIAN_POINT ( 'NONE',  ( 9.690782563712537436E-17, -0.7913385826771656140, -0.02362579497399607334 ) ) ;
#116 = DIRECTION ( 'NONE',  ( 0.000000000000000000, -0.01745240643727998670, 0.9998476951563912696 ) ) ;
#117 = VERTEX_POINT ( 'NONE', #2640 ) ;
#118 = DIRECTION ( 'NONE',  ( -0.8191520442889910214, -0.5735764363510470476, 0.000000000000000000 ) ) ;
#119 = CARTESIAN_POINT ( 'NONE',  ( 0.9697194472590091596, -0.1053901968427643637, 0.2426383334332360142 ) ) ;
#120 = DIRECTION ( 'NONE',  ( 0.000000000000000000, -1.000000000000000000, 3.097720492815728645E-16 ) ) ;
#121 = VERTEX_POINT ( 'NONE', #325 ) ;
#122 = LINE ( 'NONE', #2457, #3088 ) ;
#123 = EDGE_CURVE ( 'NONE', #2823, #1877, #875, .T. ) ;
#124 = LINE ( 'NONE', #713, #3577 ) ;
#125 = LINE ( 'NONE', #2157, #390 ) ;
#126 = ORIENTED_EDGE ( 'NONE', *, *, #2027, .T. ) ;
#127 = ADVANCED_FACE ( 'NONE', ( #3447 ), #3414, .T. ) ;
#128 = CYLINDRICAL_SURFACE ( 'NONE', #195, 0.09842519685039365085 ) ;
#129 = LINE ( 'NONE', #1281, #2493 ) ;
#130 = CARTESIAN_POINT ( 'NONE',  ( 0.3038787375031063442, -0.9842519685039370358, -0.2754195120195862545 ) ) ;
#131 = AXIS2_PLACEMENT_3D ( 'NONE', #2342, #2096, #2961 ) ;
#132 = B_SPLINE_CURVE_WITH_KNOTS ( 'NONE', 3,
 ( #1323, #2660, #891, #344, #605, #2615, #3463, #2370, #3178, #304, #3727, #2867 ),
 .UNSPECIFIED., .F., .F.,
 ( 4, 2, 2, 2, 2, 4 ),
 ( 0.000000000000000000, 0.1250000000000007772, 0.2500000000000015543, 0.5000000000000031086, 0.7499999999999984457, 1.000000000000000000 ),
 .UNSPECIFIED. ) ;
#133 = EDGE_LOOP ( 'NONE', ( #979, #1496, #1710, #3380, #2267, #2061, #330 ) ) ;
#134 = EDGE_CURVE ( 'NONE', #61, #1434, #3285, .T. ) ;
#135 = VECTOR ( 'NONE', #1067, 39.37007874015748143 ) ;
#136 = VECTOR ( 'NONE', #1093, 39.37007874015748143 ) ;
#137 = DIRECTION ( 'NONE',  ( 0.000000000000000000, 0.000000000000000000, -1.000000000000000000 ) ) ;
#138 = PRODUCT ( 'Lite Panel Mount Block', 'Lite Panel Mount Block', '', ( #3541 ) ) ;
#139 = LINE ( 'NONE', #993, #799 ) ;
#140 = ORIENTED_EDGE ( 'NONE', *, *, #471, .F. ) ;
#141 = CIRCLE ( 'NONE', #627, 0.07874015748031457096 ) ;
#142 = DIRECTION ( 'NONE',  ( -5.782191410074442173E-16, 0.9999619230641711987, -0.008726535498373955493 ) ) ;
#143 = ORIENTED_EDGE ( 'NONE', *, *, #1922, .T. ) ;
#144 = CARTESIAN_POINT ( 'NONE',  ( 0.9645669291338583307, -0.01968503937007873988, 0.3740157480314960647 ) ) ;
#145 = VERTEX_POINT ( 'NONE', #2354 ) ;
#146 = CARTESIAN_POINT ( 'NONE',  ( 0.9392106915818398960, -0.5654634838225950366, -0.2718012890024834038 ) ) ;
#147 =( BOUNDED_SURFACE ( )  B_SPLINE_SURFACE ( 3, 2, ( 
 ( #2645, #2404, #634 ),
 ( #881, #2624, #349 ),
 ( #1497, #1803, #89 ),
 ( #3168, #2360, #954 ) ),
 .UNSPECIFIED., .F., .F., .T. ) 
 B_SPLINE_SURFACE_WITH_KNOTS ( ( 4, 4 ),
 ( 3, 3 ),
 ( 2.530727415391778923, 3.141592653589793116 ),
 ( 0.000000000000000000, 1.000000000000000000 ),
 .UNSPECIFIED. ) 
 GEOMETRIC_REPRESENTATION_ITEM ( )  RATIONAL_B_SPLINE_SURFACE ( (
 ( 1.000000000000000000, 0.7121433052451103807, 1.000000000000000000),
 ( 1.000000000000000000, 0.7128611834202491782, 1.000000000000000000),
 ( 1.000000000000000000, 0.7132528359070338109, 1.000000000000000000),
 ( 1.000000000000000000, 0.7132504491541805658, 1.000000000000000000) ) ) 
 REPRESENTATION_ITEM ( '' )  SURFACE ( )  );
#148 = ORIENTED_EDGE ( 'NONE', *, *, #3452, .T. ) ;
#149 = CARTESIAN_POINT ( 'NONE',  ( 0.3038787375031059002, -0.9571738852167753775, -0.3573082157174463092 ) ) ;
#150 = CARTESIAN_POINT ( 'NONE',  ( 0.1085271438757788032, -0.4055118110236206053, -0.2311721321537314466 ) ) ;
#151 = VERTEX_POINT ( 'NONE', #1507 ) ;
#152 =( NAMED_UNIT ( * ) PLANE_ANGLE_UNIT ( ) SI_UNIT ( $, .RADIAN. ) );
#153 = DIRECTION ( 'NONE',  ( 0.000000000000000000, 1.000000000000000000, 0.000000000000000000 ) ) ;
#154 = CARTESIAN_POINT ( 'NONE',  ( 0.3464566929133858775, -0.09842519685039373412, -0.1299212598425199816 ) ) ;
#155 = EDGE_LOOP ( 'NONE', ( #2664, #689, #3230, #45 ) ) ;
#156 = CARTESIAN_POINT ( 'NONE',  ( 0.9461748386143020717, -0.5320280966862565020, 0.2519590138698460935 ) ) ;
#157 = ORIENTED_EDGE ( 'NONE', *, *, #2183, .T. ) ;
#158 = DIRECTION ( 'NONE',  ( 0.000000000000000000, -0.000000000000000000, -1.000000000000000000 ) ) ;
#159 = EDGE_CURVE ( 'NONE', #3555, #1495, #2090, .T. ) ;
#160 = CARTESIAN_POINT ( 'NONE',  ( 1.205321214392102562E-16, -0.9842519685039370358, -0.2754195120195862545 ) ) ;
#161 = ORIENTED_EDGE ( 'NONE', *, *, #1557, .F. ) ;
#162 = DIRECTION ( 'NONE',  ( -0.000000000000000000, -0.000000000000000000, 1.000000000000000000 ) ) ;
#163 = ORIENTED_EDGE ( 'NONE', *, *, #3233, .F. ) ;
#164 = LINE ( 'NONE', #227, #1468 ) ;
#165 = EDGE_CURVE ( 'NONE', #2933, #3003, #2252, .T. ) ;
#166 =( BOUNDED_CURVE ( )  B_SPLINE_CURVE ( 3, ( #579, #2040, #15, #3186 ),
 .UNSPECIFIED., .F., .F. ) 
 B_SPLINE_CURVE_WITH_KNOTS ( ( 4, 4 ),
 ( 4.712388980384689674, 6.283185307179585344 ),
 .UNSPECIFIED. ) 
 CURVE ( )  GEOMETRIC_REPRESENTATION_ITEM ( )  RATIONAL_B_SPLINE_CURVE ( ( 1.000000000000000000, 0.8047378541243649375, 0.8047378541243649375, 1.000000000000000000 ) ) 
 REPRESENTATION_ITEM ( '' )  );
#167 = ADVANCED_FACE ( 'NONE', ( #2994 ), #703, .F. ) ;
#168 = ORIENTED_EDGE ( 'NONE', *, *, #253, .T. ) ;
#169 = DIRECTION ( 'NONE',  ( 0.000000000000000000, 1.000000000000000000, 0.000000000000000000 ) ) ;
#170 = CARTESIAN_POINT ( 'NONE',  ( 0.08293746339558819014, -0.4055118110236208828, -0.1299212598425196763 ) ) ;
#171 = EDGE_LOOP ( 'NONE', ( #2571, #567, #2089 ) ) ;
#172 = ORIENTED_EDGE ( 'NONE', *, *, #134, .T. ) ;
#173 = PLANE ( 'NONE',  #1519 ) ;
#174 = ORIENTED_EDGE ( 'NONE', *, *, #238, .F. ) ;
#175 = FACE_OUTER_BOUND ( 'NONE', #746, .T. ) ;
#176 = CARTESIAN_POINT ( 'NONE',  ( 0.9645669291335592366, -0.4883659356924724415, -0.2515779799633940939 ) ) ;
#177 = DIRECTION ( 'NONE',  ( 1.000000000000000000, 0.000000000000000000, 0.000000000000000000 ) ) ;
#178 = ORIENTED_EDGE ( 'NONE', *, *, #253, .F. ) ;
#179 = LINE ( 'NONE', #2500, #322 ) ;
#180 = CARTESIAN_POINT ( 'NONE',  ( 0.9842519685039373689, -0.4719599730509421165, 0.3382144029233054017 ) ) ;
#181 = ORIENTED_EDGE ( 'NONE', *, *, #3416, .F. ) ;
#182 = DIRECTION ( 'NONE',  ( 0.000000000000000000, 0.9999619230641711987, -0.008726535498373955493 ) ) ;
#183 = CARTESIAN_POINT ( 'NONE',  ( 0.9251968503937008093, -0.1061023622047244930, -0.2007874015748031260 ) ) ;
#184 = EDGE_CURVE ( 'NONE', #3618, #3347, #2450, .T. ) ;
#185 = CARTESIAN_POINT ( 'NONE',  ( 0.9645669291338583307, 0.000000000000000000, 0.3539841064375566226 ) ) ;
#186 = PLANE ( 'NONE',  #3270 ) ;
#187 = CIRCLE ( 'NONE', #1274, 0.02755905511811027747 ) ;
#188 = EDGE_CURVE ( 'NONE', #715, #510, #3217, .T. ) ;
#189 = DIRECTION ( 'NONE',  ( -1.000000000000000000, -0.000000000000000000, -0.000000000000000000 ) ) ;
#190 = CIRCLE ( 'NONE', #3515, 0.007677165354330720698 ) ;
#191 = ADVANCED_FACE ( 'NONE', ( #2464 ), #3009, .F. ) ;
#192 = ORIENTED_EDGE ( 'NONE', *, *, #405, .T. ) ;
#193 = ORIENTED_EDGE ( 'NONE', *, *, #1157, .T. ) ;
#194 = CARTESIAN_POINT ( 'NONE',  ( 0.9842519685039370358, -0.07874015748031500117, -0.2618110236220472231 ) ) ;
#195 = AXIS2_PLACEMENT_3D ( 'NONE', #1277, #3586, #1001 ) ;
#196 = AXIS2_PLACEMENT_3D ( 'NONE', #2973, #1565, #1840 ) ;
#197 = ORIENTED_EDGE ( 'NONE', *, *, #466, .T. ) ;
#198 = LINE ( 'NONE', #3071, #929 ) ;
#199 = CARTESIAN_POINT ( 'NONE',  ( 0.3149606299212598381, -0.3070866141732283561, 0.2499959792912975765 ) ) ;
#200 = AXIS2_PLACEMENT_3D ( 'NONE', #1411, #3634, #1935 ) ;
#201 = CARTESIAN_POINT ( 'NONE',  ( 0.7874015748031496509, -0.3267716535433071168, 0.1298227730529059043 ) ) ;
#202 = ORIENTED_EDGE ( 'NONE', *, *, #2671, .F. ) ;
#203 = AXIS2_PLACEMENT_3D ( 'NONE', #1940, #3116, #263 ) ;
#204 = LINE ( 'NONE', #2275, #985 ) ;
#205 = CARTESIAN_POINT ( 'NONE',  ( 0.9328740157480315265, -0.09842519685039370636, 0.1931102362204724088 ) ) ;
#207 = ORIENTED_EDGE ( 'NONE', *, *, #3132, .F. ) ;
#206 = AXIS2_PLACEMENT_3D ( 'NONE', #555, #53, #918 ) ;
#208 = DIRECTION ( 'NONE',  ( 0.000000000000000000, 0.000000000000000000, 1.000000000000000000 ) ) ;
#209 = DIRECTION ( 'NONE',  ( -0.8191109929416058311, -0.5735476918881499131, 0.01001131220133543755 ) ) ;
#210 = EDGE_CURVE ( 'NONE', #623, #1452, #78, .T. ) ;
#211 = CARTESIAN_POINT ( 'NONE',  ( 0.4527559055118110520, -0.3070866141732351839, 0.1692913385826771699 ) ) ;
#212 = CARTESIAN_POINT ( 'NONE',  ( 0.1069309055459679858, -0.9647086502270866282, -0.2558451604970417570 ) ) ;
#213 = EDGE_CURVE ( 'NONE', #2516, #3332, #2147, .T. ) ;
#214 = CARTESIAN_POINT ( 'NONE',  ( 0.7795275590551181688, -0.2874015748031497619, 0.1496062992125988256 ) ) ;
#215 = VERTEX_POINT ( 'NONE', #149 ) ;
#216 = EDGE_LOOP ( 'NONE', ( #174, #2976, #202, #3092 ) ) ;
#217 = CARTESIAN_POINT ( 'NONE',  ( 0.9336641829857790231, -0.5693471909523013519, -0.3640777558467273023 ) ) ;
#218 = LINE ( 'NONE', #1372, #988 ) ;
#219 = CARTESIAN_POINT ( 'NONE',  ( 0.9795830552447756245, -0.5103638499941299811, -0.2517699528531556208 ) ) ;
#220 = DIRECTION ( 'NONE',  ( 1.734723475976817547E-15, 1.000000000000000000, 0.000000000000000000 ) ) ;
#221 = ORIENTED_EDGE ( 'NONE', *, *, #1743, .T. ) ;
#222 = EDGE_CURVE ( 'NONE', #2560, #215, #1109, .T. ) ;
#223 = CARTESIAN_POINT ( 'NONE',  ( 0.9328740157480315265, -0.09842519685039376187, -0.2421259842519685179 ) ) ;
#224 = CARTESIAN_POINT ( 'NONE',  ( 0.9760981582210024321, -0.4055118110236205498, -0.2508549229714900353 ) ) ;
#225 = ORIENTED_EDGE ( 'NONE', *, *, #1386, .T. ) ;
#226 = CARTESIAN_POINT ( 'NONE',  ( 0.9645669291338583307, 0.000000000000000000, 0.3740157480314960647 ) ) ;
#227 = CARTESIAN_POINT ( 'NONE',  ( 0.3149606299212598381, -0.3070866141732293553, 0.1299212598425193987 ) ) ;
#228 = FACE_OUTER_BOUND ( 'NONE', #2150, .T. ) ;
#229 = CARTESIAN_POINT ( 'NONE',  ( 0.09876968263837569706, -0.9645686105881488004, -0.2358615208923499351 ) ) ;
#230 = CARTESIAN_POINT ( 'NONE',  ( 0.9645669291338583307, -0.07874015748031495954, 0.2007874015748031260 ) ) ;
#231 = ORIENTED_EDGE ( 'NONE', *, *, #2101, .T. ) ;
#232 = ORIENTED_EDGE ( 'NONE', *, *, #915, .T. ) ;
#233 = CARTESIAN_POINT ( 'NONE',  ( 1.365923996832131609E-16, -0.7913385826771656140, 0.02362579497399610456 ) ) ;
#234 = DIRECTION ( 'NONE',  ( -0.01745174210552010927, -0.9998096356151561226, 0.008725206505943420079 ) ) ;
#235 = CARTESIAN_POINT ( 'NONE',  ( 0.7874015748031496509, -0.3070866141732283561, 0.1164942662332224405 ) ) ;
#236 = PLANE ( 'NONE',  #44 ) ;
#237 = ORIENTED_EDGE ( 'NONE', *, *, #1557, .T. ) ;
#238 = EDGE_CURVE ( 'NONE', #653, #2826, #3288, .T. ) ;
#239 = EDGE_CURVE ( 'NONE', #1825, #3555, #853, .T. ) ;
#240 = EDGE_CURVE ( 'NONE', #1035, #16, #129, .T. ) ;
#241 = CARTESIAN_POINT ( 'NONE',  ( 0.1085271438757796636, -0.4055118110236204942, -0.2427024077177373784 ) ) ;
#242 = FACE_OUTER_BOUND ( 'NONE', #3117, .T. ) ;
#243 = VERTEX_POINT ( 'NONE', #1815 ) ;
#244 = EDGE_CURVE ( 'NONE', #2622, #93, #1284, .T. ) ;
#245 = FACE_OUTER_BOUND ( 'NONE', #2801, .T. ) ;
#246 = CARTESIAN_POINT ( 'NONE',  ( 0.5592048384913012038, -0.7979030525419379405, 0.3325250453078880675 ) ) ;
#247 = ORIENTED_EDGE ( 'NONE', *, *, #3310, .T. ) ;
#248 = CARTESIAN_POINT ( 'NONE',  ( 0.9842519685039370358, -0.07874015748031493178, 0.2618110236220472231 ) ) ;
#249 = DIRECTION ( 'NONE',  ( 0.000000000000000000, 0.9998476951563912696, -0.01745240643727998670 ) ) ;
#250 = ORIENTED_EDGE ( 'NONE', *, *, #3014, .F. ) ;
#251 = ORIENTED_EDGE ( 'NONE', *, *, #2215, .F. ) ;
#252 = CARTESIAN_POINT ( 'NONE',  ( 0.9491345421766381740, -0.5585679113049748512, -0.3642659088728121275 ) ) ;
#253 = EDGE_CURVE ( 'NONE', #2121, #3113, #1902, .T. ) ;
#254 = AXIS2_PLACEMENT_3D ( 'NONE', #2722, #1609, #1876 ) ;
#255 = PLANE ( 'NONE',  #436 ) ;
#256 = DIRECTION ( 'NONE',  ( -1.000000000000000000, 0.000000000000000000, 1.462388810449560097E-16 ) ) ;
#257 = CARTESIAN_POINT ( 'NONE',  ( 0.9251968503937008093, -0.2086614173228346636, 0.2421259842519685179 ) ) ;
#258 = VERTEX_POINT ( 'NONE', #429 ) ;
#259 = AXIS2_PLACEMENT_3D ( 'NONE', #3075, #2232, #2290 ) ;
#260 = VECTOR ( 'NONE', #1684, 39.37007874015748143 ) ;
#261 = DIRECTION ( 'NONE',  ( -5.782191410074442173E-16, 0.9999619230641713097, 0.008726535498373953759 ) ) ;
#262 = VECTOR ( 'NONE', #1915, 39.37007874015748143 ) ;
#263 = DIRECTION ( 'NONE',  ( 0.000000000000000000, 2.988928549108039807E-15, -1.000000000000000000 ) ) ;
#264 = VECTOR ( 'NONE', #3046, 39.37007874015748143 ) ;
#265 = ORIENTED_EDGE ( 'NONE', *, *, #2513, .T. ) ;
#266 = CARTESIAN_POINT ( 'NONE',  ( 0.1102451620773764601, -0.3070866141732283561, 0.2508383925032675044 ) ) ;
#267 = VECTOR ( 'NONE', #2825, 39.37007874015748143 ) ;
#268 = CARTESIAN_POINT ( 'NONE',  ( 0.9763183186778450207, -0.003892458238831418733, -0.3657354959815433126 ) ) ;
#269 = VECTOR ( 'NONE', #276, 39.37007874015748143 ) ;
#270 = CARTESIAN_POINT ( 'NONE',  ( 0.09789966898403369699, -0.9842519685039370358, 0.2711771722151194441 ) ) ;
#271 = CARTESIAN_POINT ( 'NONE',  ( 0.09953931642786455203, -0.9657824564468031614, -0.2549609581288177496 ) ) ;
#272 = VERTEX_POINT ( 'NONE', #2126 ) ;
#273 =( BOUNDED_CURVE ( )  B_SPLINE_CURVE ( 3, ( #2217, #827, #1360, #205 ),
 .UNSPECIFIED., .F., .F. ) 
 B_SPLINE_CURVE_WITH_KNOTS ( ( 4, 4 ),
 ( 0.000000000000000000, 1.570796326794896558 ),
 .UNSPECIFIED. ) 
 CURVE ( )  GEOMETRIC_REPRESENTATION_ITEM ( )  RATIONAL_B_SPLINE_CURVE ( ( 1.000000000000000000, 0.8047378541243649375, 0.8047378541243649375, 1.000000000000000000 ) ) 
 REPRESENTATION_ITEM ( '' )  );
#274 = ORIENTED_EDGE ( 'NONE', *, *, #2746, .F. ) ;
#275 = CARTESIAN_POINT ( 'NONE',  ( 0.09842519685039410882, -0.3070866141732283561, 0.2421259842519685179 ) ) ;
#276 = DIRECTION ( 'NONE',  ( -8.269688214221259201E-17, -2.988928549108039807E-15, 1.000000000000000000 ) ) ;
#277 = B_SPLINE_CURVE_WITH_KNOTS ( 'NONE', 3,
 ( #732, #660, #1878, #698 ),
 .UNSPECIFIED., .F., .F.,
 ( 4, 4 ),
 ( -5.291515483658078125E-06, 8.225174757156367633E-06 ),
 .UNSPECIFIED. ) ;
#278 = CARTESIAN_POINT ( 'NONE',  ( 0.3716239858910250216, -0.9628919737349204144, -0.3300392020501781709 ) ) ;
#279 = ORIENTED_EDGE ( 'NONE', *, *, #2025, .T. ) ;
#280 = VECTOR ( 'NONE', #2496, 39.37007874015748143 ) ;
#281 = CARTESIAN_POINT ( 'NONE',  ( 0.9842519685039370358, -0.07874015748031500117, -0.2618110236220472231 ) ) ;
#282 = CARTESIAN_POINT ( 'NONE',  ( 0.7283464566929134243, -0.3070866141732283561, 0.1299212598425196763 ) ) ;
#283 = VERTEX_POINT ( 'NONE', #682 ) ;
#284 = LINE ( 'NONE', #2292, #1313 ) ;
#285 = CARTESIAN_POINT ( 'NONE',  ( 0.9842519685039373689, -0.3858267716535417335, -0.2703689231800523451 ) ) ;
#286 = ADVANCED_FACE ( 'NONE', ( #1839 ), #3160, .F. ) ;
#287 = CARTESIAN_POINT ( 'NONE',  ( 0.9842519685039371469, -0.4729219167128396184, 0.3657608652692979634 ) ) ;
#288 = EDGE_CURVE ( 'NONE', #21, #1350, #114, .T. ) ;
#289 = ADVANCED_FACE ( 'NONE', ( #3681 ), #1967, .T. ) ;
#290 = DIRECTION ( 'NONE',  ( 1.000000000000000000, 0.000000000000000000, 0.000000000000000000 ) ) ;
#291 = EDGE_CURVE ( 'NONE', #121, #1350, #2280, .T. ) ;
#292 = VERTEX_POINT ( 'NONE', #2253 ) ;
#293 = ORIENTED_EDGE ( 'NONE', *, *, #1316, .F. ) ;
#294 = DIRECTION ( 'NONE',  ( -0.000000000000000000, 0.9998476951563912696, 0.01745240643727998323 ) ) ;
#295 = CARTESIAN_POINT ( 'NONE',  ( 0.9842519685039370358, -0.02002859067789921135, -0.3736661476807927040 ) ) ;
#296 = CYLINDRICAL_SURFACE ( 'NONE', #693, 0.01968503937007875723 ) ;
#297 =( BOUNDED_SURFACE ( )  B_SPLINE_SURFACE ( 3, 3, ( 
 ( #3686, #2814, #1645, #1991 ),
 ( #212, #1366, #1042, #473 ),
 ( #1624, #2222, #819, #2831 ),
 ( #3104, #781, #2529, #229 ) ),
 .UNSPECIFIED., .F., .F., .F. ) 
 B_SPLINE_SURFACE_WITH_KNOTS ( ( 4, 4 ),
 ( 4, 4 ),
 ( 0.000000000000000000, 1.000000000000000000 ),
 ( 0.000000000000000000, 1.000000000000000000 ),
 .UNSPECIFIED. ) 
 GEOMETRIC_REPRESENTATION_ITEM ( )  RATIONAL_B_SPLINE_SURFACE ( (
 ( 1.000000000000000000, 0.9999935794106962206, 0.9999935794106962206, 1.000000000000000000),
 ( 0.8002632010028811749, 0.8002580628415325581, 0.8002580628415325581, 0.8002632010028811749),
 ( 0.8002632010028811749, 0.8002580628415325581, 0.8002580628415325581, 0.8002632010028811749),
 ( 1.000000000000000000, 0.9999935794106962206, 0.9999935794106962206, 1.000000000000000000) ) ) 
 REPRESENTATION_ITEM ( '' )  SURFACE ( )  );
#298 = CYLINDRICAL_SURFACE ( 'NONE', #2853, 0.007677165354330720698 ) ;
#299 = EDGE_LOOP ( 'NONE', ( #1385, #801, #55, #3099, #2945, #879, #1063, #3225, #2891, #1472, #1429, #1268, #232, #558, #108, #1136, #2063, #544, #2284, #2251, #126, #2051, #1006, #1955, #366, #1384, #531 ) ) ;
#300 = CARTESIAN_POINT ( 'NONE',  ( 0.07908076253709117598, -0.9842519685039370358, 0.2360539303840697156 ) ) ;
#301 = CARTESIAN_POINT ( 'NONE',  ( 0.9842519685039372579, -0.3267716535433071168, -0.2618110236220472231 ) ) ;
#302 = VERTEX_POINT ( 'NONE', #3100 ) ;
#303 = CARTESIAN_POINT ( 'NONE',  ( 0.7874015748031496509, -0.3070866141732284116, 0.2421259842519685179 ) ) ;
#304 = CARTESIAN_POINT ( 'NONE',  ( 0.08417607363032166001, -0.9837510780636733454, -0.2652288898331263689 ) ) ;
#305 = DIRECTION ( 'NONE',  ( -0.000000000000000000, 1.000000000000000000, -0.000000000000000000 ) ) ;
#306 = CARTESIAN_POINT ( 'NONE',  ( 0.09595244252418345943, -0.9767213310224569511, -0.2585478320324956503 ) ) ;
#307 = EDGE_CURVE ( 'NONE', #3536, #3203, #3118, .T. ) ;
#308 = ORIENTED_EDGE ( 'NONE', *, *, #3360, .T. ) ;
#309 = ADVANCED_FACE ( 'NONE', ( #2788 ), #1924, .F. ) ;
#310 = EDGE_LOOP ( 'NONE', ( #2725, #952, #2658, #3506 ) ) ;
#311 = CARTESIAN_POINT ( 'NONE',  ( 1.365923996832131609E-16, -0.8897637795275592509, 0.02362579497399610456 ) ) ;
#312 = CARTESIAN_POINT ( 'NONE',  ( 0.9566929133858268486, -0.02002859067789923217, 0.3736661476807927040 ) ) ;
#313 = CARTESIAN_POINT ( 'NONE',  ( 0.09846978115971491419, -0.9816977351335010038, -0.2657222824768686320 ) ) ;
#314 = DIRECTION ( 'NONE',  ( -1.000000000000000000, 2.873630192995671741E-32, 2.252887631138710800E-16 ) ) ;
#315 = ORIENTED_EDGE ( 'NONE', *, *, #3706, .T. ) ;
#316 = VECTOR ( 'NONE', #3253, 39.37007874015748143 ) ;
#317 = CARTESIAN_POINT ( 'NONE',  ( 0.9842519685039370358, -0.9571738852167755995, -0.3573082157174463092 ) ) ;
#318 = CARTESIAN_POINT ( 'NONE',  ( 0.09428997368388160327, -0.9827241190602438170, -0.2678148002343341827 ) ) ;
#319 = VECTOR ( 'NONE', #3101, 39.37007874015748143 ) ;
#320 = ORIENTED_EDGE ( 'NONE', *, *, #3539, .T. ) ;
#321 = DIRECTION ( 'NONE',  ( 0.000000000000000000, -1.000000000000000000, 0.000000000000000000 ) ) ;
#322 = VECTOR ( 'NONE', #508, 39.37007874015748143 ) ;
#323 = EDGE_LOOP ( 'NONE', ( #2819, #2118, #913, #1938 ) ) ;
#324 = AXIS2_PLACEMENT_3D ( 'NONE', #2443, #3563, #1559 ) ;
#325 = CARTESIAN_POINT ( 'NONE',  ( 0.9763183186778450207, -0.003892458238831418733, -0.3657354959815433126 ) ) ;
#326 = FACE_OUTER_BOUND ( 'NONE', #852, .T. ) ;
#327 = VECTOR ( 'NONE', #3244, 39.37007874015748854 ) ;
#328 = CARTESIAN_POINT ( 'NONE',  ( -7.874015748012051872E-05, -0.1061023622047244236, 0.1931102362204724088 ) ) ;
#329 = ORIENTED_EDGE ( 'NONE', *, *, #2064, .T. ) ;
#330 = ORIENTED_EDGE ( 'NONE', *, *, #1550, .F. ) ;
#331 = VECTOR ( 'NONE', #3006, 39.37007874015748143 ) ;
#332 = CARTESIAN_POINT ( 'NONE',  ( 0.3517018730922885084, -0.9767738669273809959, 0.3569660967642106497 ) ) ;
#333 = EDGE_CURVE ( 'NONE', #3490, #2310, #3604, .T. ) ;
#334 = CARTESIAN_POINT ( 'NONE',  ( 0.9645669291338584417, -0.09842519685039377575, -0.2421259842519685179 ) ) ;
#335 = CARTESIAN_POINT ( 'NONE',  ( 0.3516109023998286731, -0.9769052856582763900, -0.3298516728769090300 ) ) ;
#336 = ORIENTED_EDGE ( 'NONE', *, *, #1620, .F. ) ;
#337 = CARTESIAN_POINT ( 'NONE',  ( 0.6496062992125984925, -0.007677165354330725035, 0.2775590551181097987 ) ) ;
#338 = EDGE_CURVE ( 'NONE', #1505, #2847, #2670, .T. ) ;
#339 = CARTESIAN_POINT ( 'NONE',  ( 0.1184508415056024222, -0.9842519685039370358, 0.2754195120195865876 ) ) ;
#340 = CARTESIAN_POINT ( 'NONE',  ( 0.09119151401496401743, -0.9833102145264472904, -0.2693599401720774278 ) ) ;
#341 = ADVANCED_FACE ( 'NONE', ( #2219 ), #2772, .T. ) ;
#342 = VERTEX_POINT ( 'NONE', #1036 ) ;
#343 = VERTEX_POINT ( 'NONE', #2482 ) ;
#344 = CARTESIAN_POINT ( 'NONE',  ( 0.09805905007046064603, -0.9699473217449686713, -0.2374629369528515888 ) ) ;
#345 = CARTESIAN_POINT ( 'NONE',  ( 0.9338869806713836486, -0.5691911863333466437, 0.3369112748565615822 ) ) ;
#346 = CARTESIAN_POINT ( 'NONE',  ( 0.9842519685039373689, -0.4724409448818909230, 0.3740157480314960647 ) ) ;
#347 = ORIENTED_EDGE ( 'NONE', *, *, #3654, .T. ) ;
#348 = ORIENTED_EDGE ( 'NONE', *, *, #362, .F. ) ;
#349 = CARTESIAN_POINT ( 'NONE',  ( 0.3406721535591237249, -0.9514022577070991860, -0.3574089598503691900 ) ) ;
#350 = CARTESIAN_POINT ( 'NONE',  ( 0.9842519685039373689, -0.4724409448818909230, 0.2711247936186226282 ) ) ;
#351 = LINE ( 'NONE', #71, #269 ) ;
#352 = DIRECTION ( 'NONE',  ( -1.000000000000000000, 0.000000000000000000, 2.252887631138710800E-16 ) ) ;
#353 = ORIENTED_EDGE ( 'NONE', *, *, #1024, .T. ) ;
#354 = DIRECTION ( 'NONE',  ( 0.000000000000000000, -0.9999619230641711987, 0.008726535498374059577 ) ) ;
#355 = CARTESIAN_POINT ( 'NONE',  ( 0.9842519685039369248, -0.5117609245670511342, -0.3376798190500092112 ) ) ;
#356 = CARTESIAN_POINT ( 'NONE',  ( 0.3464566929133858775, 0.000000000000000000, 0.1391836074263031742 ) ) ;
#357 = UNCERTAINTY_MEASURE_WITH_UNIT (LENGTH_MEASURE( 1.000000000000000082E-05 ), #2894, 'distance_accuracy_value', 'NONE');
#358 = ADVANCED_FACE ( 'NONE', ( #3078 ), #778, .T. ) ;
#359 = ORIENTED_EDGE ( 'NONE', *, *, #1694, .F. ) ;
#360 = ADVANCED_FACE ( 'NONE', ( #245 ), #1362, .T. ) ;
#361 = EDGE_CURVE ( 'NONE', #1350, #3467, #2196, .T. ) ;
#362 = EDGE_CURVE ( 'NONE', #3417, #3618, #2827, .T. ) ;
#363 = DIRECTION ( 'NONE',  ( 0.000000000000000000, 0.000000000000000000, 1.000000000000000000 ) ) ;
#364 = DIRECTION ( 'NONE',  ( -1.000000000000000000, 0.000000000000000000, 0.000000000000000000 ) ) ;
#365 = CARTESIAN_POINT ( 'NONE',  ( 0.07908076253709117598, -0.9645669291338583307, 0.2508383925032675044 ) ) ;
#366 = ORIENTED_EDGE ( 'NONE', *, *, #1989, .T. ) ;
#367 = ORIENTED_EDGE ( 'NONE', *, *, #1677, .F. ) ;
#368 = CARTESIAN_POINT ( 'NONE',  ( 0.1010196322599801050, -1.128511968372834406, -0.2571644497573741805 ) ) ;
#369 = DIRECTION ( 'NONE',  ( 0.000000000000000000, 2.602085213965191078E-14, 1.000000000000000000 ) ) ;
#370 =( NAMED_UNIT ( * ) SI_UNIT ( $, .STERADIAN. ) SOLID_ANGLE_UNIT ( ) );
#371 = CARTESIAN_POINT ( 'NONE',  ( 0.9645669291335592366, -0.4883659356924724415, -0.2515779799633940939 ) ) ;
#373 = ORIENTED_EDGE ( 'NONE', *, *, #2702, .F. ) ;
#372 = ADVANCED_FACE ( 'NONE', ( #1018 ), #2505, .F. ) ;
#374 = CARTESIAN_POINT ( 'NONE',  ( 1.205321214392102562E-16, -0.3267716535433070058, 0.2501677680273361459 ) ) ;
#375 = CARTESIAN_POINT ( 'NONE',  ( 0.3431295911961240730, -0.9571173724602715094, -0.2556687117787948549 ) ) ;
#376 = LINE ( 'NONE', #2953, #1779 ) ;
#377 = ORIENTED_EDGE ( 'NONE', *, *, #589, .T. ) ;
#378 = ADVANCED_FACE ( 'NONE', ( #469 ), #1885, .T. ) ;
#379 = DIRECTION ( 'NONE',  ( 0.000000000000000000, 0.000000000000000000, 1.000000000000000000 ) ) ;
#380 = AXIS2_PLACEMENT_3D ( 'NONE', #2406, #3255, #1253 ) ;
#381 = CARTESIAN_POINT ( 'NONE',  ( 0.6496062992125984925, -0.007677165354330725035, -0.1948818897637799863 ) ) ;
#382 = VECTOR ( 'NONE', #2296, 39.37007874015748143 ) ;
#383 = LINE ( 'NONE', #1510, #1353 ) ;
#384 = VECTOR ( 'NONE', #3038, 39.37007874015748143 ) ;
#385 = AXIS2_PLACEMENT_3D ( 'NONE', #2485, #2313, #1207 ) ;
#386 = VERTEX_POINT ( 'NONE', #1058 ) ;
#387 = ORIENTED_EDGE ( 'NONE', *, *, #1534, .T. ) ;
#388 = CIRCLE ( 'NONE', #2812, 0.1315076113414412606 ) ;
#389 = DIRECTION ( 'NONE',  ( -0.9998476951563911586, 0.01745240643728773397, 0.000000000000000000 ) ) ;
#390 = VECTOR ( 'NONE', #977, 39.37007874015748143 ) ;
#391 = FACE_OUTER_BOUND ( 'NONE', #2423, .T. ) ;
#392 = ORIENTED_EDGE ( 'NONE', *, *, #3036, .F. ) ;
#393 = DIRECTION ( 'NONE',  ( -0.8191109929416042768, -0.5735476918881522446, -0.01001131220133387630 ) ) ;
#394 = ORIENTED_EDGE ( 'NONE', *, *, #2582, .T. ) ;
#395 = DIRECTION ( 'NONE',  ( -0.8191109929416052760, -0.5735476918881504682, -0.01001131220133138697 ) ) ;
#396 = CARTESIAN_POINT ( 'NONE',  ( 1.172161221549316731E-16, -0.9571738852167755995, 0.3573082157174463092 ) ) ;
#397 = ORIENTED_EDGE ( 'NONE', *, *, #651, .F. ) ;
#398 =( BOUNDED_CURVE ( )  B_SPLINE_CURVE ( 3, ( #3173, #2059, #355, #1436 ),
 .UNSPECIFIED., .F., .T. ) 
 B_SPLINE_CURVE_WITH_KNOTS ( ( 4, 4 ),
 ( 3.752457891787793542, 4.712388980384689674 ),
 .UNSPECIFIED. ) 
 CURVE ( )  GEOMETRIC_REPRESENTATION_ITEM ( )  RATIONAL_B_SPLINE_CURVE ( ( 1.000000000000000000, 0.9246738887854788480, 0.9246738887854788480, 1.000000000000000000 ) ) 
 REPRESENTATION_ITEM ( '' )  );
#399 = CARTESIAN_POINT ( 'NONE',  ( 0.9251968503937004762, -0.1016051828607383856, -0.2421259842519684902 ) ) ;
#400 = CARTESIAN_POINT ( 'NONE',  ( 0.3464566929133858775, 0.000000000000000000, -1.031007827871047886E-16 ) ) ;
#401 = DIRECTION ( 'NONE',  ( -1.000000000000000000, -1.224606353822379970E-16, 0.000000000000000000 ) ) ;
#402 = DIRECTION ( 'NONE',  ( 0.000000000000000000, 0.000000000000000000, -1.000000000000000000 ) ) ;
#403 = EDGE_LOOP ( 'NONE', ( #1795, #3537, #1459, #3532 ) ) ;
#404 = DIRECTION ( 'NONE',  ( 0.000000000000000000, -1.000000000000000000, 0.000000000000000000 ) ) ;
#405 = EDGE_CURVE ( 'NONE', #583, #2012, #2278, .T. ) ;
#406 = CARTESIAN_POINT ( 'NONE',  ( 0.9677210779251962380, -0.09839104246852116431, 0.2421601386338428641 ) ) ;
#407 = LINE ( 'NONE', #694, #3398 ) ;
#408 = EDGE_LOOP ( 'NONE', ( #2761, #3484, #1457, #1735 ) ) ;
#409 = CARTESIAN_POINT ( 'NONE',  ( 0.9795830552447737372, -0.5103638499941104412, 0.2517699528531491815 ) ) ;
#410 = ORIENTED_EDGE ( 'NONE', *, *, #65, .T. ) ;
#411 = CARTESIAN_POINT ( 'NONE',  ( 0.3716239858910250216, -0.9628919737349204144, -0.3300392020501781709 ) ) ;
#412 = DIRECTION ( 'NONE',  ( -0.000000000000000000, -0.000000000000000000, 1.000000000000000000 ) ) ;
#413 = ORIENTED_EDGE ( 'NONE', *, *, #915, .F. ) ;
#414 = CARTESIAN_POINT ( 'NONE',  ( 0.1137533552450366581, -0.1061023622047244791, -0.2007874015748031260 ) ) ;
#415 = DIRECTION ( 'NONE',  ( -1.000000000000000000, 0.000000000000000000, -0.000000000000000000 ) ) ;
#416 = ADVANCED_FACE ( 'NONE', ( #56 ), #1420, .F. ) ;
#417 = CARTESIAN_POINT ( 'NONE',  ( 1.205321214392106506E-16, -0.9842519685039370358, 0.3297533579769158507 ) ) ;
#418 = ORIENTED_EDGE ( 'NONE', *, *, #2467, .T. ) ;
#419 = CARTESIAN_POINT ( 'NONE',  ( 0.9744806878734747491, -0.1026488799363966392, 0.2446105038694692535 ) ) ;
#420 = CARTESIAN_POINT ( 'NONE',  ( 0.9842519685039370358, -0.07874015748031493178, 0.2618110236220472231 ) ) ;
#421 = ORIENTED_EDGE ( 'NONE', *, *, #3328, .F. ) ;
#422 = DIRECTION ( 'NONE',  ( -1.224606353822390077E-16, -7.687184222510579734E-13, -1.000000000000000000 ) ) ;
#423 = VERTEX_POINT ( 'NONE', #2082 ) ;
#424 = CARTESIAN_POINT ( 'NONE',  ( 1.205321214392106506E-16, -0.9842519685039370358, -0.3297533579769158507 ) ) ;
#425 = DIRECTION ( 'NONE',  ( -0.5735764363510467145, 0.8191520442889915765, 0.000000000000000000 ) ) ;
#426 = VERTEX_POINT ( 'NONE', #3136 ) ;
#427 = VERTEX_POINT ( 'NONE', #658 ) ;
#428 = CARTESIAN_POINT ( 'NONE',  ( 0.9328740157480315265, -0.09842519685039370636, 0.2007874015748031260 ) ) ;
#429 = CARTESIAN_POINT ( 'NONE',  ( 0.7795275590551181688, -0.2874015748031532591, 0.1496062992125953839 ) ) ;
#430 = LINE ( 'NONE', #2110, #560 ) ;
#431 = AXIS2_PLACEMENT_3D ( 'NONE', #1702, #2119, #2389 ) ;
#432 = VECTOR ( 'NONE', #1236, 39.37007874015748143 ) ;
#433 = VECTOR ( 'NONE', #743, 39.37007874015748143 ) ;
#434 = VERTEX_POINT ( 'NONE', #3226 ) ;
#435 = CARTESIAN_POINT ( 'NONE',  ( 0.3464566929133858775, -0.007543180344280740225, 0.1315076113414412606 ) ) ;
#436 = AXIS2_PLACEMENT_3D ( 'NONE', #2244, #1611, #2494 ) ;
#437 = AXIS2_PLACEMENT_3D ( 'NONE', #1853, #3248, #663 ) ;
#438 = CARTESIAN_POINT ( 'NONE',  ( 0.9251968503937008093, -0.1061023622047244236, 0.2007874015748031260 ) ) ;
#439 = LINE ( 'NONE', #1309, #3459 ) ;
#440 = ORIENTED_EDGE ( 'NONE', *, *, #1229, .T. ) ;
#441 = CARTESIAN_POINT ( 'NONE',  ( 0.9566929133858271816, -0.4724409448818909230, 0.3382060075287675049 ) ) ;
#442 = VERTEX_POINT ( 'NONE', #1808 ) ;
#443 = CARTESIAN_POINT ( 'NONE',  ( 0.7283464566929134243, -0.3070866141732317423, 0.1692913385826771977 ) ) ;
#444 = VECTOR ( 'NONE', #2591, 39.37007874015748143 ) ;
#445 = DIRECTION ( 'NONE',  ( 0.000000000000000000, -1.000000000000000000, 0.000000000000000000 ) ) ;
#446 = ORIENTED_EDGE ( 'NONE', *, *, #2653, .F. ) ;
#447 = EDGE_CURVE ( 'NONE', #1434, #2141, #2436, .T. ) ;
#448 = ADVANCED_FACE ( 'NONE', ( #545 ), #3204, .F. ) ;
#449 = CARTESIAN_POINT ( 'NONE',  ( 0.9448431765005194105, -0.5608699492212585458, -0.2717662979893857855 ) ) ;
#450 = EDGE_CURVE ( 'NONE', #2847, #3355, #2859, .T. ) ;
#451 = ORIENTED_EDGE ( 'NONE', *, *, #750, .T. ) ;
#452 = CARTESIAN_POINT ( 'NONE',  ( 0.9688377659623229610, -4.530025822683392698E-18, -0.3582549432660211419 ) ) ;
#453 = FACE_OUTER_BOUND ( 'NONE', #1010, .T. ) ;
#454 = CIRCLE ( 'NONE', #1542, 0.01968503937007862192 ) ;
#455 = ORIENTED_EDGE ( 'NONE', *, *, #338, .T. ) ;
#456 = CARTESIAN_POINT ( 'NONE',  ( 1.205321214392102562E-16, -0.9842519685039370358, 0.3740157480314960647 ) ) ;
#457 = FACE_OUTER_BOUND ( 'NONE', #2221, .T. ) ;
#458 = ORIENTED_EDGE ( 'NONE', *, *, #2770, .T. ) ;
#459 = ORIENTED_EDGE ( 'NONE', *, *, #1757, .F. ) ;
#460 = CARTESIAN_POINT ( 'NONE',  ( 0.7952755905511811330, -0.3562992125984634217, 0.1299212598424807075 ) ) ;
#461 = DIRECTION ( 'NONE',  ( 0.000000000000000000, 0.9999619230641711987, 0.008726535498377166467 ) ) ;
#462 = LINE ( 'NONE', #2460, #1591 ) ;
#463 = EDGE_LOOP ( 'NONE', ( #2469, #3256, #336, #1211, #2463, #1449, #1428, #1909, #2124, #999, #1718, #3455, #2418, #475, #1100 ) ) ;
#464 = CARTESIAN_POINT ( 'NONE',  ( 0.7874015748031496509, -0.9842519685039370358, 0.2559055118110240001 ) ) ;
#465 = CARTESIAN_POINT ( 'NONE',  ( 0.1119631802789730207, -0.2086614173228346636, 0.2007874015748031815 ) ) ;
#466 = EDGE_CURVE ( 'NONE', #427, #1330, #2250, .T. ) ;
#467 = EDGE_CURVE ( 'NONE', #3229, #2784, #2131, .T. ) ;
#468 = VERTEX_POINT ( 'NONE', #3545 ) ;
#469 = FACE_OUTER_BOUND ( 'NONE', #3196, .T. ) ;
#470 = LINE ( 'NONE', #794, #319 ) ;
#471 = EDGE_CURVE ( 'NONE', #1807, #1326, #920, .T. ) ;
#472 = EDGE_LOOP ( 'NONE', ( #1237, #2730, #2133, #104 ) ) ;
#473 = CARTESIAN_POINT ( 'NONE',  ( 0.1069339062060109952, -0.9645367425551838458, -0.2558429056010257940 ) ) ;
#474 = DIRECTION ( 'NONE',  ( -0.000000000000000000, 1.000000000000000000, -0.000000000000000000 ) ) ;
#475 = ORIENTED_EDGE ( 'NONE', *, *, #2997, .T. ) ;
#476 = VERTEX_POINT ( 'NONE', #2650 ) ;
#477 = CARTESIAN_POINT ( 'NONE',  ( 0.9621814599226359288, -0.5437393883322959587, -0.3372518763263240293 ) ) ;
#478 = EDGE_LOOP ( 'NONE', ( #163, #2991, #3560, #616 ) ) ;
#479 = ORIENTED_EDGE ( 'NONE', *, *, #585, .T. ) ;
#480 = CARTESIAN_POINT ( 'NONE',  ( 0.6496062992125984925, 0.000000000000000000, 0.1391836074263033407 ) ) ;
#481 = LINE ( 'NONE', #3635, #1356 ) ;
#482 = EDGE_CURVE ( 'NONE', #2779, #518, #944, .T. ) ;
#483 = CARTESIAN_POINT ( 'NONE',  ( 0.8070851938233867262, -0.3070866141732283561, 0.1692913385826703421 ) ) ;
#484 = VERTEX_POINT ( 'NONE', #2347 ) ;
#485 = EDGE_CURVE ( 'NONE', #2841, #3031, #1826, .T. ) ;
#486 = FACE_OUTER_BOUND ( 'NONE', #2878, .T. ) ;
#487 = CARTESIAN_POINT ( 'NONE',  ( 0.3464566929133858775, -0.007677165354330725035, -0.1391836074263033962 ) ) ;
#488 = ORIENTED_EDGE ( 'NONE', *, *, #3149, .F. ) ;
#489 = DIRECTION ( 'NONE',  ( 0.000000000000000000, -0.008726535498373957228, -0.9999619230641713097 ) ) ;
#490 = CARTESIAN_POINT ( 'NONE',  ( 0.7834645669291343539, -0.4055118110236211604, -0.05118110236220525799 ) ) ;
#491 = ADVANCED_FACE ( 'NONE', ( #1182 ), #1987, .T. ) ;
#492 = CARTESIAN_POINT ( 'NONE',  ( 0.3740157480314957872, -0.3070866141732283561, 0.2499959792912975765 ) ) ;
#493 = CARTESIAN_POINT ( 'NONE',  ( 0.7996368470706574083, -0.3070866141732283561, 0.1367047569673671414 ) ) ;
#494 = VECTOR ( 'NONE', #354, 39.37007874015748854 ) ;
#495 = DIRECTION ( 'NONE',  ( -1.000000000000000000, -1.224606353822379970E-16, 0.000000000000000000 ) ) ;
#496 = AXIS2_PLACEMENT_3D ( 'NONE', #2432, #986, #3534 ) ;
#497 = ORIENTED_EDGE ( 'NONE', *, *, #2158, .F. ) ;
#498 = EDGE_LOOP ( 'NONE', ( #1589, #1296, #1070, #1651 ) ) ;
#499 = CARTESIAN_POINT ( 'NONE',  ( 0.9338869806713837596, -0.5691911863333467547, 0.2718283990901816383 ) ) ;
#500 = VECTOR ( 'NONE', #1527, 39.37007874015748143 ) ;
#501 = VECTOR ( 'NONE', #3191, 39.37007874015748143 ) ;
#502 = CARTESIAN_POINT ( 'NONE',  ( 0.9180797560475343344, -0.5470971018256222118, -0.3644661325970920962 ) ) ;
#503 = FACE_OUTER_BOUND ( 'NONE', #3148, .T. ) ;
#504 = AXIS2_PLACEMENT_3D ( 'NONE', #2166, #1858, #389 ) ;
#505 = LINE ( 'NONE', #2228, #1685 ) ;
#506 = AXIS2_PLACEMENT_3D ( 'NONE', #1132, #1492, #1477 ) ;
#507 = ORIENTED_EDGE ( 'NONE', *, *, #482, .F. ) ;
#508 = DIRECTION ( 'NONE',  ( 1.000000000000000000, 3.660260892358842421E-31, -1.224606353822390077E-16 ) ) ;
#510 = VERTEX_POINT ( 'NONE', #2986 ) ;
#509 = VECTOR ( 'NONE', #1389, 39.37007874015748143 ) ;
#511 = CARTESIAN_POINT ( 'NONE',  ( 0.9645669291338584417, -0.4726127270767408461, 0.2514405037945247612 ) ) ;
#512 = CARTESIAN_POINT ( 'NONE',  ( 2.410642428784212982E-18, -0.01968503937007873988, 0.3539841064375566226 ) ) ;
#513 = FACE_OUTER_BOUND ( 'NONE', #1982, .T. ) ;
#514 = DIRECTION ( 'NONE',  ( 0.000000000000000000, 0.008726535498399664095, -0.9999619230641710876 ) ) ;
#515 = CARTESIAN_POINT ( 'NONE',  ( 1.205321214392102562E-16, -0.4055118110236205498, -0.2508549229714900353 ) ) ;
#516 = ORIENTED_EDGE ( 'NONE', *, *, #54, .T. ) ;
#517 = EDGE_CURVE ( 'NONE', #1683, #3494, #1769, .T. ) ;
#518 = VERTEX_POINT ( 'NONE', #337 ) ;
#519 = CARTESIAN_POINT ( 'NONE',  ( 0.1069134826077077632, -0.9784908321236662765, -0.2615031579994747113 ) ) ;
#520 = DIRECTION ( 'NONE',  ( -1.000000000000000000, -0.000000000000000000, -0.000000000000000000 ) ) ;
#521 = EDGE_CURVE ( 'NONE', #3518, #2141, #74, .T. ) ;
#522 = CARTESIAN_POINT ( 'NONE',  ( 0.1086744247200113894, -0.3970740971086552662, 0.2592788215180966138 ) ) ;
#523 = CARTESIAN_POINT ( 'NONE',  ( 0.7874015748031496509, -0.3070866141732284116, 0.2499959792912975765 ) ) ;
#524 = ORIENTED_EDGE ( 'NONE', *, *, #1005, .T. ) ;
#525 = DIRECTION ( 'NONE',  ( 0.000000000000000000, 0.000000000000000000, -1.000000000000000000 ) ) ;
#526 = DIRECTION ( 'NONE',  ( 0.000000000000000000, -0.000000000000000000, -1.000000000000000000 ) ) ;
#527 = ORIENTED_EDGE ( 'NONE', *, *, #1137, .F. ) ;
#528 = DIRECTION ( 'NONE',  ( 0.000000000000000000, -0.9999619230641711987, 0.008726535498374059577 ) ) ;
#529 = CARTESIAN_POINT ( 'NONE',  ( 0.1138873606647606285, -0.09842519685039369248, -0.1281017032055611626 ) ) ;
#530 = EDGE_CURVE ( 'NONE', #2273, #1475, #2966, .T. ) ;
#531 = ORIENTED_EDGE ( 'NONE', *, *, #3362, .T. ) ;
#532 = CARTESIAN_POINT ( 'NONE',  ( 0.9645669291338585527, -0.4724409448818909230, 0.2711247936186226282 ) ) ;
#533 = CYLINDRICAL_SURFACE ( 'NONE', #2568, 0.007677165354330737178 ) ;
#534 = EDGE_LOOP ( 'NONE', ( #626, #2682, #1301, #157, #2458 ) ) ;
#535 =( BOUNDED_CURVE ( )  B_SPLINE_CURVE ( 3, ( #1654, #786, #3089, #502 ),
 .UNSPECIFIED., .F., .F. ) 
 B_SPLINE_CURVE_WITH_KNOTS ( ( 4, 4 ),
 ( 1.570796326794896558, 2.530727415391796242 ),
 .UNSPECIFIED. ) 
 CURVE ( )  GEOMETRIC_REPRESENTATION_ITEM ( )  RATIONAL_B_SPLINE_CURVE ( ( 1.000000000000000000, 0.9246738887854784039, 0.9246738887854784039, 1.000000000000000000 ) ) 
 REPRESENTATION_ITEM ( '' )  );
#536 = ORIENTED_EDGE ( 'NONE', *, *, #3434, .T. ) ;
#537 = DIRECTION ( 'NONE',  ( 0.000000000000000000, 0.000000000000000000, 1.000000000000000000 ) ) ;
#538 = CARTESIAN_POINT ( 'NONE',  ( 0.3558167612671778723, -0.9407978892271968707, -0.3575940597907086294 ) ) ;
#539 = CARTESIAN_POINT ( 'NONE',  ( 0.9338068422988308193, -0.5692472998259054950, -0.2522838209349229088 ) ) ;
#540 = CARTESIAN_POINT ( 'NONE',  ( 0.3715438475184738021, -0.9629480872274820413, 0.2557195956556943539 ) ) ;
#541 = ORIENTED_EDGE ( 'NONE', *, *, #612, .T. ) ;
#542 = CYLINDRICAL_SURFACE ( 'NONE', #2382, 0.01968503937007873295 ) ;
#543 = LINE ( 'NONE', #3152, #2748 ) ;
#544 = ORIENTED_EDGE ( 'NONE', *, *, #1869, .T. ) ;
#545 = FACE_OUTER_BOUND ( 'NONE', #2328, .T. ) ;
#546 = DIRECTION ( 'NONE',  ( 0.01745240643728699498, 0.9998476951563911586, 0.000000000000000000 ) ) ;
#547 = CARTESIAN_POINT ( 'NONE',  ( 0.1005454642273240218, -0.9842519685039371469, 0.2465401096354064570 ) ) ;
#548 = CARTESIAN_POINT ( 'NONE',  ( 0.9760981582210020990, -0.1061023622047244375, 0.2421259842519684624 ) ) ;
#549 = CARTESIAN_POINT ( 'NONE',  ( 0.08417791087062205524, -0.9842519685039370358, -0.2728709378528247909 ) ) ;
#550 = ORIENTED_EDGE ( 'NONE', *, *, #3705, .T. ) ;
#551 = ORIENTED_EDGE ( 'NONE', *, *, #240, .F. ) ;
#552 = LINE ( 'NONE', #275, #1458 ) ;
#553 =( GEOMETRIC_REPRESENTATION_CONTEXT ( 3 ) GLOBAL_UNCERTAINTY_ASSIGNED_CONTEXT ( ( #3339 ) ) GLOBAL_UNIT_ASSIGNED_CONTEXT ( ( #3292, #152, #1306 ) ) REPRESENTATION_CONTEXT ( 'NONE', 'WORKASPACE' ) );
#554 = DIRECTION ( 'NONE',  ( 1.000000000000000000, 0.000000000000000000, 0.000000000000000000 ) ) ;
#555 = CARTESIAN_POINT ( 'NONE',  ( 0.3149606299212598381, -0.3070866141732283561, 0.1692913385826771699 ) ) ;
#556 =( BOUNDED_CURVE ( )  B_SPLINE_CURVE ( 3, ( #2854, #241, #1964, #2216 ),
 .UNSPECIFIED., .F., .F. ) 
 B_SPLINE_CURVE_WITH_KNOTS ( ( 4, 4 ),
 ( 2.678051653514536667, 4.248695681264546664 ),
 .UNSPECIFIED. ) 
 CURVE ( )  GEOMETRIC_REPRESENTATION_ITEM ( )  RATIONAL_B_SPLINE_CURVE ( ( 1.000000000000000000, 0.8047737499866878252, 0.8047737499866878252, 1.000000000000000000 ) ) 
 REPRESENTATION_ITEM ( '' )  );
#557 = DIRECTION ( 'NONE',  ( 1.728321507385005009E-30, -2.988928549108039413E-15, 1.000000000000000000 ) ) ;
#558 = ORIENTED_EDGE ( 'NONE', *, *, #1304, .T. ) ;
#559 = AXIS2_PLACEMENT_3D ( 'NONE', #2964, #2733, #1515 ) ;
#560 = VECTOR ( 'NONE', #1587, 39.37007874015748143 ) ;
#561 = CARTESIAN_POINT ( 'NONE',  ( 0.09876280378032724350, -0.9649104804416789305, 0.2360539303840697156 ) ) ;
#562 = VECTOR ( 'NONE', #554, 39.37007874015748143 ) ;
#563 = CARTESIAN_POINT ( 'NONE',  ( 0.09876880026236631305, -0.9645669422157407968, -0.2360509323708654683 ) ) ;
#564 = VECTOR ( 'NONE', #3647, 39.37007874015748143 ) ;
#565 = EDGE_CURVE ( 'NONE', #16, #2841, #1517, .T. ) ;
#566 = EDGE_CURVE ( 'NONE', #61, #1931, #187, .T. ) ;
#567 = ORIENTED_EDGE ( 'NONE', *, *, #2655, .F. ) ;
#568 = VECTOR ( 'NONE', #776, 39.37007874015748143 ) ;
#569 = DIRECTION ( 'NONE',  ( 0.000000000000000000, 2.988928549108039807E-15, -1.000000000000000000 ) ) ;
#570 = EDGE_CURVE ( 'NONE', #2632, #3003, #1848, .T. ) ;
#571 = CARTESIAN_POINT ( 'NONE',  ( 0.09838091809031601631, -0.9842519685039371469, 0.2413064566330127558 ) ) ;
#572 = DIRECTION ( 'NONE',  ( 0.000000000000000000, -0.000000000000000000, 1.000000000000000000 ) ) ;
#573 = DIRECTION ( 'NONE',  ( -1.000000000000000000, 0.000000000000000000, 0.000000000000000000 ) ) ;
#574 = EDGE_LOOP ( 'NONE', ( #3012, #734, #1747, #1120, #2612, #930 ) ) ;
#575 = ORIENTED_EDGE ( 'NONE', *, *, #1620, .T. ) ;
#576 = CARTESIAN_POINT ( 'NONE',  ( 0.3223668861231867577, -0.9571738852164549671, 0.3573082157174519158 ) ) ;
#577 = LINE ( 'NONE', #917, #1043 ) ;
#578 = CARTESIAN_POINT ( 'NONE',  ( 0.8622047244094488416, -0.4055118110236208828, -0.05118110236220525799 ) ) ;
#579 = CARTESIAN_POINT ( 'NONE',  ( 0.9842519685039372579, -0.3267716535433071168, 0.2618110236220472231 ) ) ;
#580 = ORIENTED_EDGE ( 'NONE', *, *, #2717, .T. ) ;
#581 = CARTESIAN_POINT ( 'NONE',  ( 0.1119631802789730346, -0.2086614173228346636, -0.2007874015748030982 ) ) ;
#582 = CARTESIAN_POINT ( 'NONE',  ( 0.09842219975077615146, -0.9844236722259385175, 0.2362242194289466690 ) ) ;
#583 = VERTEX_POINT ( 'NONE', #2169 ) ;
#584 = CARTESIAN_POINT ( 'NONE',  ( 0.9251968503937008093, -0.1061023622047244791, -0.2421259842519685179 ) ) ;
#585 = EDGE_CURVE ( 'NONE', #3165, #3689, #1011, .T. ) ;
#586 = ADVANCED_FACE ( 'NONE', ( #1862 ), #173, .T. ) ;
#587 = CARTESIAN_POINT ( 'NONE',  ( 0.1132809593791650332, -0.9648288901378438975, 0.2557360091740336072 ) ) ;
#588 = FACE_OUTER_BOUND ( 'NONE', #802, .T. ) ;
#589 = EDGE_CURVE ( 'NONE', #1942, #3197, #3017, .T. ) ;
#590 = B_SPLINE_CURVE_WITH_KNOTS ( 'NONE', 3,
 ( #268, #3725, #1725, #1130, #848, #2882 ),
 .UNSPECIFIED., .F., .F.,
 ( 4, 2, 4 ),
 ( 5.285485590866834116E-19, 0.0003438012768154758390, 0.0006876025536309511360 ),
 .UNSPECIFIED. ) ;
#591 = FACE_OUTER_BOUND ( 'NONE', #2094, .T. ) ;
#592 = ORIENTED_EDGE ( 'NONE', *, *, #2719, .F. ) ;
#593 = VERTEX_POINT ( 'NONE', #1269 ) ;
#594 = AXIS2_PLACEMENT_3D ( 'NONE', #842, #177, #1333 ) ;
#595 = CARTESIAN_POINT ( 'NONE',  ( 0.1138873606647611558, -0.09842519685039370636, 0.1931102362204724088 ) ) ;
#596 = DIRECTION ( 'NONE',  ( 1.000000000000000000, -0.000000000000000000, 0.000000000000000000 ) ) ;
#597 = CARTESIAN_POINT ( 'NONE',  ( 9.701300842076878856E-17, -0.7921974936514154519, 0.1220472440944854048 ) ) ;
#598 = DIRECTION ( 'NONE',  ( 0.000000000000000000, -1.000000000000000000, -2.988928549108039807E-15 ) ) ;
#599 = ORIENTED_EDGE ( 'NONE', *, *, #2301, .F. ) ;
#600 = LINE ( 'NONE', #317, #3630 ) ;
#601 = DIRECTION ( 'NONE',  ( 0.000000000000000000, 2.602085213965223658E-15, -1.000000000000000000 ) ) ;
#602 = ORIENTED_EDGE ( 'NONE', *, *, #1349, .F. ) ;
#603 = DIRECTION ( 'NONE',  ( -1.224606353822379970E-16, 1.000000000000000000, -7.981603366224849845E-14 ) ) ;
#604 = EDGE_CURVE ( 'NONE', #662, #2896, #1039, .T. ) ;
#605 = CARTESIAN_POINT ( 'NONE',  ( 0.09767013390749371138, -0.9711668756830590388, -0.2382407692787846532 ) ) ;
#606 = CARTESIAN_POINT ( 'NONE',  ( 0.9841750919043841250, -0.4917988356569856223, 0.3654313674236180920 ) ) ;
#607 = CARTESIAN_POINT ( 'NONE',  ( 0.08162933670385670581, -0.9842519685039370358, -0.2703223636860582757 ) ) ;
#608 = EDGE_LOOP ( 'NONE', ( #527, #1658, #2095, #1047 ) ) ;
#609 = ADVANCED_FACE ( 'NONE', ( #1572 ), #1914, .T. ) ;
#610 = ORIENTED_EDGE ( 'NONE', *, *, #2542, .T. ) ;
#611 = DIRECTION ( 'NONE',  ( -0.8191417824367095424, -0.5735692509247237725, -0.005005463021664628351 ) ) ;
#612 = EDGE_CURVE ( 'NONE', #1222, #3319, #122, .T. ) ;
#613 = DIRECTION ( 'NONE',  ( -0.000000000000000000, 1.000000000000000000, -0.000000000000000000 ) ) ;
#614 = PLANE ( 'NONE',  #2935 ) ;
#615 = FACE_OUTER_BOUND ( 'NONE', #1201, .T. ) ;
#616 = ORIENTED_EDGE ( 'NONE', *, *, #2857, .F. ) ;
#617 = DIRECTION ( 'NONE',  ( -0.8191417824367097644, -0.5735692509247237725, 0.005005463021664629218 ) ) ;
#618 = VECTOR ( 'NONE', #1265, 39.37007874015748143 ) ;
#619 = DIRECTION ( 'NONE',  ( 0.000000000000000000, 0.000000000000000000, 1.000000000000000000 ) ) ;
#620 = DIRECTION ( 'NONE',  ( 1.000000000000000000, 0.000000000000000000, 0.000000000000000000 ) ) ;
#621 = CIRCLE ( 'NONE', #2919, 0.007677165354330720698 ) ;
#622 = AXIS2_PLACEMENT_3D ( 'NONE', #246, #2254, #3407 ) ;
#623 = VERTEX_POINT ( 'NONE', #3611 ) ;
#624 = LINE ( 'NONE', #22, #1131 ) ;
#625 = VECTOR ( 'NONE', #2962, 39.37007874015748143 ) ;
#626 = ORIENTED_EDGE ( 'NONE', *, *, #2468, .F. ) ;
#627 = AXIS2_PLACEMENT_3D ( 'NONE', #2675, #2393, #601 ) ;
#628 = FACE_OUTER_BOUND ( 'NONE', #728, .T. ) ;
#629 = DIRECTION ( 'NONE',  ( -1.224559724564829884E-16, 0.9999619230641711987, 0.008726535498377166467 ) ) ;
#630 = AXIS2_PLACEMENT_3D ( 'NONE', #1541, #96, #425 ) ;
#631 = CARTESIAN_POINT ( 'NONE',  ( 0.1138526481300812104, -0.1004138766303155073, -0.2007874015748031260 ) ) ;
#632 = ORIENTED_EDGE ( 'NONE', *, *, #2884, .T. ) ;
#633 = ORIENTED_EDGE ( 'NONE', *, *, #1869, .F. ) ;
#634 = CARTESIAN_POINT ( 'NONE',  ( 0.3558167612671773727, -0.9407978892271959825, -0.3575940597907086294 ) ) ;
#635 = EDGE_CURVE ( 'NONE', #2622, #2266, #2006, .T. ) ;
#636 = CARTESIAN_POINT ( 'NONE',  ( 0.4527559055118110520, -0.3070866141732351839, 0.1692913385826771699 ) ) ;
#637 = CARTESIAN_POINT ( 'NONE',  ( 0.9180797560475361108, -0.5470971018256223228, 0.3644661325970920962 ) ) ;
#638 = ADVANCED_FACE ( 'NONE', ( #1596 ), #1986, .T. ) ;
#639 = ADVANCED_FACE ( 'NONE', ( #3354 ), #3140, .T. ) ;
#640 = LINE ( 'NONE', #2327, #3553 ) ;
#641 = EDGE_LOOP ( 'NONE', ( #148, #1216, #1600, #3070 ) ) ;
#642 = CARTESIAN_POINT ( 'NONE',  ( 0.3038787375031080096, -0.9566929133858268486, 0.3297533579769158507 ) ) ;
#643 = EDGE_CURVE ( 'NONE', #2984, #3332, #1095, .T. ) ;
#644 = CARTESIAN_POINT ( 'NONE',  ( 0.9645669291338583307, -0.09842519685039376187, -0.2344488188976377729 ) ) ;
#645 = CARTESIAN_POINT ( 'NONE',  ( 0.7283464566929134243, -0.3267716535433071168, 0.2501677680273358129 ) ) ;
#646 = VERTEX_POINT ( 'NONE', #823 ) ;
#647 = VERTEX_POINT ( 'NONE', #1671 ) ;
#648 = CARTESIAN_POINT ( 'NONE',  ( 0.3558167612671778723, -0.9407978892271968707, -0.3575940597907086294 ) ) ;
#649 = FACE_OUTER_BOUND ( 'NONE', #1438, .T. ) ;
#650 = DIRECTION ( 'NONE',  ( 0.000000000000000000, -0.01745240643727998323, 0.9998476951563912696 ) ) ;
#651 = EDGE_CURVE ( 'NONE', #2784, #3714, #1933, .T. ) ;
#652 = ORIENTED_EDGE ( 'NONE', *, *, #2883, .T. ) ;
#653 = VERTEX_POINT ( 'NONE', #194 ) ;
#654 = FACE_OUTER_BOUND ( 'NONE', #2338, .T. ) ;
#655 = FACE_OUTER_BOUND ( 'NONE', #1855, .T. ) ;
#656 = CARTESIAN_POINT ( 'NONE',  ( 0.3038787375031059002, -0.9842519685039369248, -0.3297533579769158507 ) ) ;
#657 = ORIENTED_EDGE ( 'NONE', *, *, #1117, .F. ) ;
#658 = CARTESIAN_POINT ( 'NONE',  ( 0.7874015748031496509, -0.3070866141732283561, 0.1298227730529058488 ) ) ;
#659 = EDGE_CURVE ( 'NONE', #426, #2632, #3646, .T. ) ;
#660 = CARTESIAN_POINT ( 'NONE',  ( 0.9568283933721065670, -0.01991410682093107398, 0.3736681460039492642 ) ) ;
#661 = CARTESIAN_POINT ( 'NONE',  ( 0.3516109023998306715, -0.9769052856582761679, 0.2753660840780076113 ) ) ;
#662 = VERTEX_POINT ( 'NONE', #3087 ) ;
#663 = DIRECTION ( 'NONE',  ( 0.000000000000000000, -1.314184451497578054E-16, -1.000000000000000000 ) ) ;
#664 = DIRECTION ( 'NONE',  ( -1.224606353822380216E-16, 1.000000000000000000, 0.000000000000000000 ) ) ;
#665 = PLANE ( 'NONE',  #3221 ) ;
#666 = ORIENTED_EDGE ( 'NONE', *, *, #2506, .F. ) ;
#667 = ORIENTED_EDGE ( 'NONE', *, *, #466, .F. ) ;
#668 = LINE ( 'NONE', #3327, #433 ) ;
#669 = CARTESIAN_POINT ( 'NONE',  ( 0.9837396194358907220, -0.08389267533212570183, 0.2546490238080306168 ) ) ;
#670 = DIRECTION ( 'NONE',  ( -1.000000000000000000, -0.000000000000000000, 0.000000000000000000 ) ) ;
#671 = ORIENTED_EDGE ( 'NONE', *, *, #307, .T. ) ;
#672 = DIRECTION ( 'NONE',  ( -0.000000000000000000, 1.000000000000000000, -0.000000000000000000 ) ) ;
#673 = ORIENTED_EDGE ( 'NONE', *, *, #467, .T. ) ;
#674 = CARTESIAN_POINT ( 'NONE',  ( 0.8661417322834645827, -0.4724409448818898127, 0.3740157480314960647 ) ) ;
#675 = CARTESIAN_POINT ( 'NONE',  ( 1.205321214392102562E-16, -0.9647387113287086979, -0.2557352221954883875 ) ) ;
#676 = VERTEX_POINT ( 'NONE', #2300 ) ;
#677 = VECTOR ( 'NONE', #1217, 39.37007874015748143 ) ;
#678 = CARTESIAN_POINT ( 'NONE',  ( 0.1138873606647611419, -0.09842519685039376187, -0.1976074155644584884 ) ) ;
#679 = EDGE_CURVE ( 'NONE', #2141, #1931, #927, .T. ) ;
#680 =( BOUNDED_SURFACE ( )  B_SPLINE_SURFACE ( 3, 2, ( 
 ( #281, #2308, #2879 ),
 ( #1144, #2022, #3475 ),
 ( #1753, #75, #3188 ),
 ( #1219, #1488, #2937 ),
 ( #2611, #3205, #2391 ),
 ( #1720, #2651, #865 ),
 ( #2084, #3227, #18 ),
 ( #1183, #2042, #1165 ),
 ( #886, #1469, #1792 ),
 ( #902, #3151, #644 ) ),
 .UNSPECIFIED., .F., .F., .T. ) 
 B_SPLINE_SURFACE_WITH_KNOTS ( ( 4, 2, 2, 2, 4 ),
 ( 3, 3 ),
 ( 1.570796326794896558, 1.963495408493620697, 2.356194490192344837, 2.748893571891069421, 3.141592653589793560 ),
 ( 0.000000000000000000, 1.000000000000000000 ),
 .UNSPECIFIED. ) 
 GEOMETRIC_REPRESENTATION_ITEM ( )  RATIONAL_B_SPLINE_SURFACE ( (
 ( 1.000000000000000000, 1.000000000000000000, 1.000000000000000000),
 ( 1.000000000000000000, 1.000158590289126348, 1.000000000000000000),
 ( 1.000000000000000000, 0.9867291765800061398, 1.000000000000000000),
 ( 1.000000000000000000, 0.9386556631823088637, 1.000000000000000000),
 ( 1.000000000000000000, 0.9038128586673308540, 1.000000000000000000),
 ( 1.000000000000000000, 0.8282379489015478935, 1.000000000000000000),
 ( 1.000000000000000000, 0.7876784726844309192, 1.000000000000000000),
 ( 1.000000000000000000, 0.7265517670127769057, 1.000000000000000000),
 ( 1.000000000000000000, 0.7066757359724695764, 1.000000000000000000),
 ( 1.000000000000000000, 0.7071067811865475727, 1.000000000000000000) ) ) 
 REPRESENTATION_ITEM ( '' )  SURFACE ( )  );
#681 = EDGE_CURVE ( 'NONE', #3610, #31, #2835, .T. ) ;
#682 = CARTESIAN_POINT ( 'NONE',  ( 0.8622047244094488416, -0.4055118110236214379, 0.05118110236220473064 ) ) ;
#683 = AXIS2_PLACEMENT_3D ( 'NONE', #2720, #1554, #2438 ) ;
#684 = CARTESIAN_POINT ( 'NONE',  ( 0.3038787375031080096, -0.9842519685039370358, 0.3740157480314960647 ) ) ;
#685 = VECTOR ( 'NONE', #3079, 39.37007874015748854 ) ;
#686 = CARTESIAN_POINT ( 'NONE',  ( 0.7874015748031496509, -0.3070866141732283561, 0.1315459132130179509 ) ) ;
#687 = AXIS2_PLACEMENT_3D ( 'NONE', #3420, #824, #1978 ) ;
#688 = CLOSED_SHELL ( 'NONE', ( #2656, #1506, #3723, #718, #309, #609, #586, #1791, #2552, #1667, #2434, #2304, #1811, #928, #167, #2425, #2397, #10, #360, #2105, #3546, #2176, #3361, #1464, #416, #964, #2970, #960, #289, #1151, #1391, #358, #910, #1892, #864, #3626, #3411, #11, #1435, #1256, #3726, #491, #1200, #2636, #3122, #844, #751, #2603, #1234, #191, #3632, #3175, #1020, #1794, #2100, #286, #2943, #2120, #3057, #1580, #378, #795, #2356, #3655, #341, #1231, #1741, #3245, #3660, #1135, #3306, #3489, #2350, #2818, #1619, #88, #638, #3478, #1672, #3042, #1574, #127, #2750, #2736, #3683, #3519, #2899, #2068, #639, #1712, #764, #1322, #3019, #1083, #1351, #773, #3198, #2783, #1395, #1697, #3432, #2996, #2769, #1701, #372, #2257, #831, #1722, #2229, #3435, #62, #448, #2029, #1298 ) ) ;
#689 = ORIENTED_EDGE ( 'NONE', *, *, #1573, .F. ) ;
#690 = CARTESIAN_POINT ( 'NONE',  ( 0.9339671190439373660, -0.5691350728407849058, 0.2718279093951507797 ) ) ;
#691 = AXIS2_PLACEMENT_3D ( 'NONE', #487, #3722, #1128 ) ;
#692 = CARTESIAN_POINT ( 'NONE',  ( 0.9766643059304452867, -0.09448163033674179812, 0.2399303763516152932 ) ) ;
#693 = AXIS2_PLACEMENT_3D ( 'NONE', #2078, #3472, #3223 ) ;
#694 = CARTESIAN_POINT ( 'NONE',  ( 0.09842519685039410882, -0.3070866141732283561, 0.2421259842519685179 ) ) ;
#695 = EDGE_LOOP ( 'NONE', ( #1247, #1126 ) ) ;
#696 = DIRECTION ( 'NONE',  ( 0.000000000000000000, 1.000000000000000000, -7.687184222510579734E-13 ) ) ;
#697 = ORIENTED_EDGE ( 'NONE', *, *, #3037, .F. ) ;
#698 = CARTESIAN_POINT ( 'NONE',  ( 0.9570994131977024200, -0.01968503937007924989, 0.3736691458076353833 ) ) ;
#699 = CYLINDRICAL_SURFACE ( 'NONE', #2873, 0.01968503937007874682 ) ;
#700 = EDGE_CURVE ( 'NONE', #3689, #766, #1762, .T. ) ;
#701 = ORIENTED_EDGE ( 'NONE', *, *, #1026, .T. ) ;
#702 = LINE ( 'NONE', #1297, #500 ) ;
#703 = PLANE ( 'NONE',  #1648 ) ;
#704 = AXIS2_PLACEMENT_3D ( 'NONE', #3112, #557, #1390 ) ;
#705 = FACE_OUTER_BOUND ( 'NONE', #3651, .T. ) ;
#706 = ORIENTED_EDGE ( 'NONE', *, *, #1531, .T. ) ;
#707 = DIRECTION ( 'NONE',  ( 0.8191417824367097644, 0.5735692509247237725, -0.005005463021664629218 ) ) ;
#708 = CARTESIAN_POINT ( 'NONE',  ( 0.9766643059304447316, -0.1006208047507459596, 0.2460695507656199543 ) ) ;
#709 = DIRECTION ( 'NONE',  ( 1.000000000000000000, 0.000000000000000000, 0.000000000000000000 ) ) ;
#710 = CARTESIAN_POINT ( 'NONE',  ( 0.1184508415065106401, -0.9647387112767872308, -0.2557352221949733551 ) ) ;
#711 = ORIENTED_EDGE ( 'NONE', *, *, #333, .F. ) ;
#712 = VERTEX_POINT ( 'NONE', #2243 ) ;
#713 = CARTESIAN_POINT ( 'NONE',  ( 0.8622047244094488416, -0.3070866141732283561, 0.05118110236220473064 ) ) ;
#714 = LINE ( 'NONE', #160, #331 ) ;
#715 = VERTEX_POINT ( 'NONE', #3126 ) ;
#716 = ORIENTED_EDGE ( 'NONE', *, *, #60, .F. ) ;
#717 = DIRECTION ( 'NONE',  ( 0.000000000000000000, 0.000000000000000000, -1.000000000000000000 ) ) ;
#718 = ADVANCED_FACE ( 'NONE', ( #1956 ), #3419, .F. ) ;
#719 = DIRECTION ( 'NONE',  ( -1.000000000000000000, -1.224606353822379970E-16, 0.000000000000000000 ) ) ;
#720 = CARTESIAN_POINT ( 'NONE',  ( 0.9760981582210020990, -0.09842519685039370636, 0.2344488188976378007 ) ) ;
#721 = EDGE_CURVE ( 'NONE', #468, #2341, #1408, .T. ) ;
#722 = EDGE_LOOP ( 'NONE', ( #38, #3068, #2442, #2726, #697, #1419 ) ) ;
#723 = CARTESIAN_POINT ( 'NONE',  ( 0.9645669291338583307, -0.1061023622047244236, 0.2344488188976377729 ) ) ;
#724 = B_SPLINE_CURVE_WITH_KNOTS ( 'NONE', 3,
 ( #2758, #371, #2471, #1846, #1823, #2455 ),
 .UNSPECIFIED., .F., .F.,
 ( 4, 2, 4 ),
 ( 0.000000000000000000, 0.4999999999999984457, 1.000000000000000000 ),
 .UNSPECIFIED. ) ;
#725 = CARTESIAN_POINT ( 'NONE',  ( 0.9842519685039370358, -0.08131738735924620709, 0.2582286740903316224 ) ) ;
#726 = EDGE_CURVE ( 'NONE', #676, #1035, #552, .T. ) ;
#727 = CARTESIAN_POINT ( 'NONE',  ( 0.9842519685039372579, -0.4724409448818898127, -0.2711247936186215179 ) ) ;
#728 = EDGE_LOOP ( 'NONE', ( #3601, #2179, #3082, #3429 ) ) ;
#729 = CARTESIAN_POINT ( 'NONE',  ( 0.09876104806464723607, -0.9650110653256200877, 0.2475850837390595471 ) ) ;
#730 = EDGE_CURVE ( 'NONE', #3436, #1602, #3504, .T. ) ;
#731 = ORIENTED_EDGE ( 'NONE', *, *, #3413, .F. ) ;
#732 = CARTESIAN_POINT ( 'NONE',  ( 0.9566929133858268486, -0.02002859067789921135, 0.3736661476807927040 ) ) ;
#733 = DIRECTION ( 'NONE',  ( 0.000000000000000000, -1.000000000000000000, 0.000000000000000000 ) ) ;
#734 = ORIENTED_EDGE ( 'NONE', *, *, #2489, .F. ) ;
#735 = CARTESIAN_POINT ( 'NONE',  ( 0.9735172939442940931, -0.005979818096643546924, 0.3685406791287121342 ) ) ;
#736 = ORIENTED_EDGE ( 'NONE', *, *, #959, .T. ) ;
#737 = DIRECTION ( 'NONE',  ( 0.000000000000000000, 0.000000000000000000, -1.000000000000000000 ) ) ;
#738 = LINE ( 'NONE', #2713, #1461 ) ;
#739 = VECTOR ( 'NONE', #3241, 39.37007874015748143 ) ;
#740 = CIRCLE ( 'NONE', #2684, 0.1315076113414412051 ) ;
#741 = VECTOR ( 'NONE', #3065, 39.37007874015748143 ) ;
#742 = ORIENTED_EDGE ( 'NONE', *, *, #1252, .F. ) ;
#743 = DIRECTION ( 'NONE',  ( 0.01745174170066880054, 0.9998096124210400504, -0.008727864693204268401 ) ) ;
#744 = VECTOR ( 'NONE', #369, 39.37007874015748143 ) ;
#745 = CARTESIAN_POINT ( 'NONE',  ( 0.9225961059400638042, -0.5532379282862872616, 0.2521441092660837713 ) ) ;
#746 = EDGE_LOOP ( 'NONE', ( #1480, #1884, #1613, #1847, #315, #2926, #1954 ) ) ;
#747 = ORIENTED_EDGE ( 'NONE', *, *, #981, .F. ) ;
#748 = CIRCLE ( 'NONE', #3343, 0.007677165354330737178 ) ;
#749 = CARTESIAN_POINT ( 'NONE',  ( 0.9338068422988303752, -0.5692472998259084926, 0.2522838209349231864 ) ) ;
#750 = EDGE_CURVE ( 'NONE', #3621, #1475, #2014, .T. ) ;
#751 = ADVANCED_FACE ( 'NONE', ( #2321 ), #2946, .F. ) ;
#752 = FACE_OUTER_BOUND ( 'NONE', #769, .T. ) ;
#753 = AXIS2_PLACEMENT_3D ( 'NONE', #1850, #733, #3564 ) ;
#754 = DIRECTION ( 'NONE',  ( -1.000000000000000000, 0.000000000000000000, 0.000000000000000000 ) ) ;
#755 = ORIENTED_EDGE ( 'NONE', *, *, #2887, .F. ) ;
#756 = EDGE_CURVE ( 'NONE', #3451, #3295, #2683, .T. ) ;
#757 = CARTESIAN_POINT ( 'NONE',  ( 0.1000744943239248175, -0.7921974936514153409, -0.1220472440944853770 ) ) ;
#758 = CARTESIAN_POINT ( 'NONE',  ( 0.7834645669291337988, -0.3070866141732283561, 0.05118110236220473064 ) ) ;
#759 = ORIENTED_EDGE ( 'NONE', *, *, #888, .T. ) ;
#760 = DIRECTION ( 'NONE',  ( 1.000000000000000000, 0.000000000000000000, 0.000000000000000000 ) ) ;
#761 = FACE_OUTER_BOUND ( 'NONE', #3483, .T. ) ;
#762 = ORIENTED_EDGE ( 'NONE', *, *, #2584, .T. ) ;
#763 = CARTESIAN_POINT ( 'NONE',  ( 0.9645669291338583307, -0.1061023622047244236, 0.2421259842519685179 ) ) ;
#764 = ADVANCED_FACE ( 'NONE', ( #2927 ), #147, .T. ) ;
#765 = CARTESIAN_POINT ( 'NONE',  ( 0.9842519685039370358, -0.01968503937007872948, 0.3461088912561085529 ) ) ;
#766 = VERTEX_POINT ( 'NONE', #311 ) ;
#767 = ORIENTED_EDGE ( 'NONE', *, *, #1695, .F. ) ;
#768 = CARTESIAN_POINT ( 'NONE',  ( 0.9842519685039369248, -0.4724409448818898127, -0.3382060075287676160 ) ) ;
#769 = EDGE_LOOP ( 'NONE', ( #2604, #2858, #1206, #1175, #989, #835, #2787, #792 ) ) ;
#770 = CARTESIAN_POINT ( 'NONE',  ( 1.205321214392102562E-16, -0.4055118110236220486, 0.2508549229714903683 ) ) ;
#771 = CARTESIAN_POINT ( 'NONE',  ( 0.9842519685039369248, -0.4726127270767401800, -0.2514405037945244281 ) ) ;
#772 = FACE_OUTER_BOUND ( 'NONE', #641, .T. ) ;
#773 = ADVANCED_FACE ( 'NONE', ( #654 ), #2864, .T. ) ;
#774 = VERTEX_POINT ( 'NONE', #3485 ) ;
#775 = DIRECTION ( 'NONE',  ( 0.000000000000000000, 0.000000000000000000, -1.000000000000000000 ) ) ;
#776 = DIRECTION ( 'NONE',  ( 1.000000000000000000, -0.000000000000000000, -0.000000000000000000 ) ) ;
#777 = ORIENTED_EDGE ( 'NONE', *, *, #838, .F. ) ;
#778 = PLANE ( 'NONE',  #2744 ) ;
#779 = FACE_BOUND ( 'NONE', #1264, .T. ) ;
#780 = DIRECTION ( 'NONE',  ( -1.224606353822390077E-16, -7.687184222510579734E-13, -1.000000000000000000 ) ) ;
#781 = CARTESIAN_POINT ( 'NONE',  ( 0.09876564153334151108, -0.9648001253382111342, -0.2358640494585237113 ) ) ;
#782 = DIRECTION ( 'NONE',  ( 0.000000000000000000, 0.000000000000000000, -1.000000000000000000 ) ) ;
#783 = ORIENTED_EDGE ( 'NONE', *, *, #239, .T. ) ;
#784 = ORIENTED_EDGE ( 'NONE', *, *, #3036, .T. ) ;
#785 = CARTESIAN_POINT ( 'NONE',  ( 0.9397721901401646649, -0.5275840566914814511, -0.3648067340668556535 ) ) ;
#786 = CARTESIAN_POINT ( 'NONE',  ( 0.9566929133858268486, -0.5030672344714622879, -0.3652346767905396696 ) ) ;
#787 = CARTESIAN_POINT ( 'NONE',  ( 0.9796321227600551795, -0.5102169769178110936, -0.2713995156496539773 ) ) ;
#788 = FACE_BOUND ( 'NONE', #914, .T. ) ;
#789 = VERTEX_POINT ( 'NONE', #1731 ) ;
#790 = DIRECTION ( 'NONE',  ( -0.000000000000000000, -0.9999619230641711987, 0.008726535498373955493 ) ) ;
#791 = FACE_OUTER_BOUND ( 'NONE', #3359, .T. ) ;
#792 = ORIENTED_EDGE ( 'NONE', *, *, #2627, .F. ) ;
#793 = DIRECTION ( 'NONE',  ( -0.000000000000000000, 1.000000000000000000, -0.000000000000000000 ) ) ;
#794 = CARTESIAN_POINT ( 'NONE',  ( 0.1095950656332065898, -0.3443306145160034970, 0.1299212598424716036 ) ) ;
#795 = ADVANCED_FACE ( 'NONE', ( #1233 ), #897, .T. ) ;
#796 = PLANE ( 'NONE',  #3579 ) ;
#797 = AXIS2_PLACEMENT_3D ( 'NONE', #2633, #1238, #2673 ) ;
#798 = CARTESIAN_POINT ( 'NONE',  ( 0.6496062992125984925, -0.007677165354330725035, -0.2852362204724405159 ) ) ;
#799 = VECTOR ( 'NONE', #92, 39.37007874015748143 ) ;
#800 = AXIS2_PLACEMENT_3D ( 'NONE', #115, #2995, #1262 ) ;
#801 = ORIENTED_EDGE ( 'NONE', *, *, #3262, .T. ) ;
#802 = EDGE_LOOP ( 'NONE', ( #3016, #86, #2807, #860 ) ) ;
#803 = CARTESIAN_POINT ( 'NONE',  ( 0.3404733972572621115, -0.9515414283684355823, 0.3574065306174394885 ) ) ;
#804 = AXIS2_PLACEMENT_3D ( 'NONE', #3640, #1203, #2674 ) ;
#805 = LINE ( 'NONE', #3110, #2197 ) ;
#806 = LINE ( 'NONE', #522, #1051 ) ;
#807 = VECTOR ( 'NONE', #2692, 39.37007874015748854 ) ;
#808 = CARTESIAN_POINT ( 'NONE',  ( 0.6496062992125984925, 0.000000000000000000, -8.594602350335583145E-17 ) ) ;
#809 = VERTEX_POINT ( 'NONE', #1460 ) ;
#810 = CIRCLE ( 'NONE', #691, 0.007677165354330720698 ) ;
#811 = EDGE_CURVE ( 'NONE', #3555, #2984, #33, .T. ) ;
#812 = DIRECTION ( 'NONE',  ( 0.000000000000000000, 0.9998476951563912696, -0.01745240643727998323 ) ) ;
#813 = DIRECTION ( 'NONE',  ( 0.000000000000000000, -1.000000000000000000, 0.000000000000000000 ) ) ;
#815 = VERTEX_POINT ( 'NONE', #1177 ) ;
#814 = AXIS2_PLACEMENT_3D ( 'NONE', #1484, #1715, #3503 ) ;
#816 = DIRECTION ( 'NONE',  ( 1.000000000000000000, 0.000000000000000000, -0.000000000000000000 ) ) ;
#817 = CARTESIAN_POINT ( 'NONE',  ( 0.9645669291338585527, -0.4055118110236205498, -0.2508549229714899242 ) ) ;
#818 = DIRECTION ( 'NONE',  ( 0.000000000000000000, 2.988928549108039807E-15, -1.000000000000000000 ) ) ;
#819 = CARTESIAN_POINT ( 'NONE',  ( 0.09865743060493482874, -0.9645460603000949318, -0.2475659840178231208 ) ) ;
#820 = CARTESIAN_POINT ( 'NONE',  ( 0.3038787375031080096, -0.9647387113287082538, 0.2557352221954887206 ) ) ;
#821 = ORIENTED_EDGE ( 'NONE', *, *, #2655, .T. ) ;
#822 = EDGE_LOOP ( 'NONE', ( #1661, #3236, #1524, #2846, #3477, #1895, #2234, #3528, #3048, #1319, #843, #2940, #455, #3603, #2451 ) ) ;
#823 = CARTESIAN_POINT ( 'NONE',  ( 0.3716239858910270200, -0.9628919737349204144, 0.2752641738109528058 ) ) ;
#824 = DIRECTION ( 'NONE',  ( 0.000000000000000000, 0.000000000000000000, -1.000000000000000000 ) ) ;
#825 = LINE ( 'NONE', #235, #509 ) ;
#826 = ORIENTED_EDGE ( 'NONE', *, *, #1004, .F. ) ;
#827 = CARTESIAN_POINT ( 'NONE',  ( 0.9251968503937006982, -0.1016051828607383301, 0.2007874015748031538 ) ) ;
#828 = ORIENTED_EDGE ( 'NONE', *, *, #1974, .T. ) ;
#829 = DIRECTION ( 'NONE',  ( 1.000000000000000000, 0.000000000000000000, 0.000000000000000000 ) ) ;
#830 = DIRECTION ( 'NONE',  ( -1.224606353822381203E-16, 1.000000000000000000, 0.000000000000000000 ) ) ;
#831 = ADVANCED_FACE ( 'NONE', ( #2605 ), #51, .F. ) ;
#832 = LINE ( 'NONE', #1927, #564 ) ;
#833 = CARTESIAN_POINT ( 'NONE',  ( 0.7874015748031496509, -0.3070866141732283561, 0.1315459132130179509 ) ) ;
#834 = CARTESIAN_POINT ( 'NONE',  ( 0.1166805905161477502, -0.4055118110236220486, 0.2508549229714903683 ) ) ;
#835 = ORIENTED_EDGE ( 'NONE', *, *, #570, .T. ) ;
#836 = ORIENTED_EDGE ( 'NONE', *, *, #3080, .F. ) ;
#837 = CARTESIAN_POINT ( 'NONE',  ( 0.1072758415124318854, -0.9783077645642894726, -0.2613218985403779615 ) ) ;
#838 = EDGE_CURVE ( 'NONE', #1597, #3314, #2052, .T. ) ;
#839 = EDGE_CURVE ( 'NONE', #2376, #1584, #3501, .T. ) ;
#840 = DIRECTION ( 'NONE',  ( -8.659274570718663928E-17, 0.7071067811865454633, 0.7071067811865495711 ) ) ;
#841 = PLANE ( 'NONE',  #206 ) ;
#842 = CARTESIAN_POINT ( 'NONE',  ( 1.205321214392102562E-16, -0.9645669291338583307, 0.2754195120195865876 ) ) ;
#843 = ORIENTED_EDGE ( 'NONE', *, *, #1117, .T. ) ;
#844 = ADVANCED_FACE ( 'NONE', ( #3538 ), #1552, .T. ) ;
#845 = LINE ( 'NONE', #223, #1404 ) ;
#846 = LINE ( 'NONE', #2002, #2146 ) ;
#847 = ORIENTED_EDGE ( 'NONE', *, *, #159, .F. ) ;
#848 = CARTESIAN_POINT ( 'NONE',  ( 0.9601388895409391777, -0.01711665768992876382, -0.3737169756601642634 ) ) ;
#849 = CARTESIAN_POINT ( 'NONE',  ( 0.7283464566929134243, -0.3267716535433066727, 0.1299212598425196763 ) ) ;
#850 = CARTESIAN_POINT ( 'NONE',  ( 0.3740157480314957872, -0.3070866141732283006, 0.2421259842519685179 ) ) ;
#851 = DIRECTION ( 'NONE',  ( 0.8191109929416037216, 0.5735476918881527997, -0.01001131220133501774 ) ) ;
#852 = EDGE_LOOP ( 'NONE', ( #1273, #172, #854, #889 ) ) ;
#853 = CIRCLE ( 'NONE', #437, 0.1299212598425199816 ) ;
#854 = ORIENTED_EDGE ( 'NONE', *, *, #1229, .F. ) ;
#855 = DIRECTION ( 'NONE',  ( -0.000000000000000000, 1.000000000000000000, -0.000000000000000000 ) ) ;
#856 = AXIS2_PLACEMENT_3D ( 'NONE', #1872, #2115, #3027 ) ;
#857 = CARTESIAN_POINT ( 'NONE',  ( 0.9688377659623229610, -5.053052487849353994E-18, 0.3582549432660211419 ) ) ;
#858 = LENGTH_MEASURE_WITH_UNIT ( LENGTH_MEASURE( 0.02539999999999999897 ), #2303 );
#859 = CYLINDRICAL_SURFACE ( 'NONE', #1016, 0.007677165354330720698 ) ;
#860 = ORIENTED_EDGE ( 'NONE', *, *, #2584, .F. ) ;
#861 = CIRCLE ( 'NONE', #2501, 0.02755905511811023931 ) ;
#862 = VECTOR ( 'NONE', #3139, 39.37007874015748143 ) ;
#863 = EDGE_CURVE ( 'NONE', #2984, #272, #2716, .T. ) ;
#864 = ADVANCED_FACE ( 'NONE', ( #1590 ), #2151, .F. ) ;
#865 = CARTESIAN_POINT ( 'NONE',  ( 0.9766643059304440655, -0.09448163033674283895, -0.2399303763516151822 ) ) ;
#866 = VECTOR ( 'NONE', #3298, 39.37007874015748143 ) ;
#867 = CARTESIAN_POINT ( 'NONE',  ( 0.08341146495322757093, -0.9842519601783232819, -0.2732541602249714541 ) ) ;
#868 = VECTOR ( 'NONE', #1091, 39.37007874015748143 ) ;
#869 = ORIENTED_EDGE ( 'NONE', *, *, #2790, .T. ) ;
#870 = EDGE_CURVE ( 'NONE', #151, #3124, #2419, .T. ) ;
#871 = AXIS2_PLACEMENT_3D ( 'NONE', #28, #3482, #249 ) ;
#872 = DIRECTION ( 'NONE',  ( -1.000000000000000000, -1.224606353822379970E-16, 1.068697774553504911E-18 ) ) ;
#873 = ADVANCED_BREP_SHAPE_REPRESENTATION ( 'Lite Panel Mount Block', ( #878, #2751 ), #3105 ) ;
#874 = VECTOR ( 'NONE', #2271, 39.37007874015748143 ) ;
#875 = LINE ( 'NONE', #63, #2005 ) ;
#876 = LINE ( 'NONE', #2049, #2981 ) ;
#877 = CARTESIAN_POINT ( 'NONE',  ( 0.09767013390749371138, -0.9711668756830590388, -0.2382407692787846532 ) ) ;
#878 = MANIFOLD_SOLID_BREP ( 'Fillet6', #688 ) ;
#879 = ORIENTED_EDGE ( 'NONE', *, *, #3209, .T. ) ;
#880 = EDGE_LOOP ( 'NONE', ( #516, #353, #1033, #2242 ) ) ;
#881 = CARTESIAN_POINT ( 'NONE',  ( 0.3518701539014372215, -0.9767237558025578803, -0.3298541021487526592 ) ) ;
#882 = CARTESIAN_POINT ( 'NONE',  ( 0.8622047244094488416, -0.3070866141732283561, 0.05118110236220473064 ) ) ;
#883 = CARTESIAN_POINT ( 'NONE',  ( 0.7283464566929134243, -0.3267716535433066172, 0.1118089582344145155 ) ) ;
#884 = CARTESIAN_POINT ( 'NONE',  ( 0.6496062992125984925, -0.007677165354330725035, -0.1391836074263033685 ) ) ;
#885 = EDGE_LOOP ( 'NONE', ( #3291, #736, #2214, #3580 ) ) ;
#886 = CARTESIAN_POINT ( 'NONE',  ( 0.9671441588074948248, -0.1061023622020553919, -0.2421259842519685179 ) ) ;
#887 = CARTESIAN_POINT ( 'NONE',  ( 0.09355557697581422250, -0.9828733588206108873, -0.2681821010846077158 ) ) ;
#888 = EDGE_CURVE ( 'NONE', #646, #426, #1287, .T. ) ;
#889 = ORIENTED_EDGE ( 'NONE', *, *, #3323, .T. ) ;
#890 = CARTESIAN_POINT ( 'NONE',  ( 0.9645669291338584417, -0.4726127270767408461, 0.2514405037945247612 ) ) ;
#891 = CARTESIAN_POINT ( 'NONE',  ( 0.09859427344195552390, -0.9674560318517795299, -0.2363924902098602510 ) ) ;
#892 = CARTESIAN_POINT ( 'NONE',  ( 0.9531510316165208163, -0.5018835413358180286, 0.3652553382310773089 ) ) ;
#893 = EDGE_CURVE ( 'NONE', #1931, #3235, #2452, .T. ) ;
#894 = CARTESIAN_POINT ( 'NONE',  ( 0.1184003738131519795, -0.9661843573925472661, -0.2557597063812377947 ) ) ;
#895 = ORIENTED_EDGE ( 'NONE', *, *, #2426, .F. ) ;
#896 = ORIENTED_EDGE ( 'NONE', *, *, #3705, .F. ) ;
#897 = PLANE ( 'NONE',  #3569 ) ;
#898 = FACE_OUTER_BOUND ( 'NONE', #3297, .T. ) ;
#899 = CARTESIAN_POINT ( 'NONE',  ( 0.3438715873361222752, -0.9584651987591491507, 0.2556804740807104848 ) ) ;
#900 = ORIENTED_EDGE ( 'NONE', *, *, #1275, .F. ) ;
#901 = DIRECTION ( 'NONE',  ( 0.000000000000000000, -1.000000000000000000, -2.988928549108039807E-15 ) ) ;
#902 = CARTESIAN_POINT ( 'NONE',  ( 0.9645669291338583307, -0.1061023622047244791, -0.2421259842519685179 ) ) ;
#903 = CARTESIAN_POINT ( 'NONE',  ( 0.09384609848971511847, -0.9828155214381785187, -0.2680368250920314721 ) ) ;
#904 = ORIENTED_EDGE ( 'NONE', *, *, #2857, .T. ) ;
#905 = CARTESIAN_POINT ( 'NONE',  ( 0.9810703590309033384, -0.008545574737670093637, -0.3596317602432747007 ) ) ;
#906 = EDGE_LOOP ( 'NONE', ( #2515, #1866, #3418, #2852 ) ) ;
#907 = CARTESIAN_POINT ( 'NONE',  ( 0.3516109023998306715, -0.9769052856582763900, 0.3298516728769090300 ) ) ;
#908 = CARTESIAN_POINT ( 'NONE',  ( 0.9338869806713826494, -0.5691911863333475319, 0.3740157480314960647 ) ) ;
#909 = EDGE_CURVE ( 'NONE', #676, #3536, #105, .T. ) ;
#910 = ADVANCED_FACE ( 'NONE', ( #1248 ), #2180, .F. ) ;
#911 = EDGE_CURVE ( 'NONE', #1966, #1518, #2075, .T. ) ;
#912 = DIRECTION ( 'NONE',  ( -1.224606353822383175E-16, 1.000000000000000000, 0.000000000000000000 ) ) ;
#913 = ORIENTED_EDGE ( 'NONE', *, *, #1023, .T. ) ;
#914 = EDGE_LOOP ( 'NONE', ( #1074, #3172 ) ) ;
#915 = EDGE_CURVE ( 'NONE', #3229, #3135, #668, .T. ) ;
#916 = DIRECTION ( 'NONE',  ( 1.000000000000000000, 0.000000000000000000, 0.000000000000000000 ) ) ;
#917 = CARTESIAN_POINT ( 'NONE',  ( 0.1000744943239251505, -0.8897637795275592509, 0.02362579497399610456 ) ) ;
#918 = DIRECTION ( 'NONE',  ( 0.000000000000000000, -1.453416966358946476E-14, 1.000000000000000000 ) ) ;
#919 = VERTEX_POINT ( 'NONE', #1890 ) ;
#920 = LINE ( 'NONE', #266, #3268 ) ;
#921 = VECTOR ( 'NONE', #3144, 39.37007874015748143 ) ;
#922 = DIRECTION ( 'NONE',  ( 0.000000000000000000, 0.000000000000000000, 1.000000000000000000 ) ) ;
#923 = LINE ( 'NONE', #3174, #2512 ) ;
#924 = CIRCLE ( 'NONE', #2010, 0.007677165354330737178 ) ;
#925 = AXIS2_PLACEMENT_3D ( 'NONE', #3645, #1968, #1363 ) ;
#926 = ORIENTED_EDGE ( 'NONE', *, *, #700, .F. ) ;
#927 =( BOUNDED_CURVE ( )  B_SPLINE_CURVE ( 3, ( #1995, #1370, #803, #2533 ),
 .UNSPECIFIED., .F., .T. ) 
 B_SPLINE_CURVE_WITH_KNOTS ( ( 4, 4 ),
 ( 3.141592653589793116, 3.752457891787810862 ),
 .UNSPECIFIED. ) 
 CURVE ( )  GEOMETRIC_REPRESENTATION_ITEM ( )  RATIONAL_B_SPLINE_CURVE ( ( 1.000000000000000000, 0.9691446338321509923, 0.9691446338321509923, 1.000000000000000000 ) ) 
 REPRESENTATION_ITEM ( '' )  );
#928 = ADVANCED_FACE ( 'NONE', ( #3622 ), #3049, .F. ) ;
#929 = VECTOR ( 'NONE', #3656, 39.37007874015748143 ) ;
#930 = ORIENTED_EDGE ( 'NONE', *, *, #978, .F. ) ;
#931 = VECTOR ( 'NONE', #2032, 39.37007874015748143 ) ;
#932 = DIRECTION ( 'NONE',  ( 1.000000000000000000, 1.224606353822379970E-16, -0.000000000000000000 ) ) ;
#933 = LINE ( 'NONE', #1493, #382 ) ;
#934 = VECTOR ( 'NONE', #1960, 39.37007874015748143 ) ;
#935 = ORIENTED_EDGE ( 'NONE', *, *, #3654, .F. ) ;
#936 = CARTESIAN_POINT ( 'NONE',  ( 0.9810705957498612184, -0.008545883005677074040, 0.3596313715815861456 ) ) ;
#937 = EDGE_LOOP ( 'NONE', ( #1017, #3190, #3125, #1801, #3633, #1368, #2764, #1511 ) ) ;
#938 = VERTEX_POINT ( 'NONE', #1535 ) ;
#939 = CARTESIAN_POINT ( 'NONE',  ( 0.3464566929133858775, 2.383503001165014041E-18, 0.1316392780441157651 ) ) ;
#940 = CARTESIAN_POINT ( 'NONE',  ( 0.9842519685039370358, -0.07874015748031494566, 0.2618110236220472231 ) ) ;
#941 = DIRECTION ( 'NONE',  ( 0.000000000000000000, 0.000000000000000000, 1.000000000000000000 ) ) ;
#942 = CARTESIAN_POINT ( 'NONE',  ( 0.9328740157480315265, -0.1061023622047244652, 1.353369548331841965E-17 ) ) ;
#943 = ORIENTED_EDGE ( 'NONE', *, *, #3675, .F. ) ;
#944 = LINE ( 'NONE', #2408, #3393 ) ;
#945 = DIRECTION ( 'NONE',  ( -0.000000000000000000, 1.000000000000000000, -0.000000000000000000 ) ) ;
#946 = CARTESIAN_POINT ( 'NONE',  ( 0.07908076253709120373, -0.9842519685039370358, -0.2754195120195862545 ) ) ;
#947 = ORIENTED_EDGE ( 'NONE', *, *, #240, .T. ) ;
#948 =( BOUNDED_SURFACE ( )  B_SPLINE_SURFACE ( 3, 2, ( 
 ( #2667, #940, #1235 ),
 ( #725, #2405, #3540 ),
 ( #669, #2704, #106 ),
 ( #1250, #3311, #2152 ),
 ( #2130, #3275, #2718 ),
 ( #692, #1213, #708 ),
 ( #1845, #3013, #419 ),
 ( #3001, #406, #119 ),
 ( #1266, #1569, #3028 ),
 ( #70, #3084, #1593 ) ),
 .UNSPECIFIED., .F., .F., .T. ) 
 B_SPLINE_SURFACE_WITH_KNOTS ( ( 4, 2, 2, 2, 4 ),
 ( 3, 3 ),
 ( 4.712388980384689674, 5.105088062083414258, 5.497787143782138841, 5.890486225480863425, 6.283185307179587120 ),
 ( 0.000000000000000000, 1.000000000000000000 ),
 .UNSPECIFIED. ) 
 GEOMETRIC_REPRESENTATION_ITEM ( )  RATIONAL_B_SPLINE_SURFACE ( (
 ( 1.000000000000000000, 1.000000000000000000, 1.000000000000000000),
 ( 1.000000000000000000, 1.000158590289124128, 1.000000000000000000),
 ( 1.000000000000000000, 0.9867291765800099146, 1.000000000000000000),
 ( 1.000000000000000000, 0.9386556631823050889, 1.000000000000000000),
 ( 1.000000000000000000, 0.9038128586672692366, 1.000000000000000000),
 ( 1.000000000000000000, 0.8282379489016099550, 1.000000000000000000),
 ( 1.000000000000000000, 0.7876784726844309192, 1.000000000000000000),
 ( 1.000000000000000000, 0.7265517670127769057, 1.000000000000000000),
 ( 1.000000000000000000, 0.7066757359724675780, 1.000000000000000000),
 ( 1.000000000000000000, 0.7071067811865483499, 1.000000000000000000) ) ) 
 REPRESENTATION_ITEM ( '' )  SURFACE ( )  );
#949 = DIRECTION ( 'NONE',  ( 5.782411586589359611E-16, -1.000000000000000000, -0.000000000000000000 ) ) ;
#950 = CARTESIAN_POINT ( 'NONE',  ( 0.3518124248503403106, -0.9767398066548819147, -0.2558399541676511513 ) ) ;
#951 = CARTESIAN_POINT ( 'NONE',  ( 0.7283464566929134243, -0.3267716535433070058, 0.2501677680273358684 ) ) ;
#952 = ORIENTED_EDGE ( 'NONE', *, *, #103, .F. ) ;
#953 = ORIENTED_EDGE ( 'NONE', *, *, #210, .F. ) ;
#954 = CARTESIAN_POINT ( 'NONE',  ( 0.3038787375031064553, -0.9571738852167753775, -0.3573082157174463092 ) ) ;
#955 = CARTESIAN_POINT ( 'NONE',  ( 0.9251968503937006982, -0.1016051828607383301, 0.2421259842519684347 ) ) ;
#956 = CARTESIAN_POINT ( 'NONE',  ( 0.1102451620773763907, -0.3070866141732283561, -0.1299212598425196763 ) ) ;
#957 = ORIENTED_EDGE ( 'NONE', *, *, #1119, .F. ) ;
#958 = DIRECTION ( 'NONE',  ( -0.01744974916062086087, -0.9996954598818896809, -0.01744974916062049658 ) ) ;
#959 = EDGE_CURVE ( 'NONE', #3135, #1913, #1221, .T. ) ;
#960 = ADVANCED_FACE ( 'NONE', ( #2239 ), #297, .F. ) ;
#961 = EDGE_CURVE ( 'NONE', #1505, #2632, #2502, .T. ) ;
#962 = CARTESIAN_POINT ( 'NONE',  ( 0.9842519685039372579, -0.4724409448818898127, -0.2711247936186215179 ) ) ;
#963 = CARTESIAN_POINT ( 'NONE',  ( 0.7834645669291343539, -0.4055118110236208828, -0.1299212598425197873 ) ) ;
#964 = ADVANCED_FACE ( 'NONE', ( #3412 ), #186, .T. ) ;
#965 = ORIENTED_EDGE ( 'NONE', *, *, #2601, .T. ) ;
#966 = CARTESIAN_POINT ( 'NONE',  ( 0.9842519685039370358, 0.000000000000000000, 0.3539841064375566226 ) ) ;
#967 = CARTESIAN_POINT ( 'NONE',  ( 0.9842519685039372579, -0.3973580007406870562, 0.2589378865140283259 ) ) ;
#968 = CARTESIAN_POINT ( 'NONE',  ( 0.3603331111597054548, -0.9469387156878623646, -0.2555798839868543837 ) ) ;
#969 = DIRECTION ( 'NONE',  ( 0.000000000000000000, -1.000000000000000000, 0.000000000000000000 ) ) ;
#970 = ORIENTED_EDGE ( 'NONE', *, *, #1859, .F. ) ;
#971 =( LENGTH_UNIT ( ) NAMED_UNIT ( * ) SI_UNIT ( $, .METRE. ) );
#972 = CARTESIAN_POINT ( 'NONE',  ( 0.9283768364040454468, -0.09842519685039369248, 0.2389459982416238804 ) ) ;
#973 = CARTESIAN_POINT ( 'NONE',  ( 0.7874015748031496509, -0.4055118110236220486, 0.2508549229714903128 ) ) ;
#974 = ORIENTED_EDGE ( 'NONE', *, *, #978, .T. ) ;
#975 = CARTESIAN_POINT ( 'NONE',  ( 0.9531510316165202612, -0.5018835413358172515, -0.3652553382310774199 ) ) ;
#976 = DIRECTION ( 'NONE',  ( 0.5735764363510448272, -0.8191520442889925757, 0.000000000000000000 ) ) ;
#977 = DIRECTION ( 'NONE',  ( 0.000000000000000000, 1.000000000000000000, 0.000000000000000000 ) ) ;
#978 = EDGE_CURVE ( 'NONE', #3271, #73, #1705, .T. ) ;
#979 = ORIENTED_EDGE ( 'NONE', *, *, #2076, .F. ) ;
#980 = VECTOR ( 'NONE', #1255, 39.37007874015748143 ) ;
#981 = EDGE_CURVE ( 'NONE', #292, #3347, #2868, .T. ) ;
#982 = CARTESIAN_POINT ( 'NONE',  ( 0.9822976600521559076, -0.4964645458151211166, -0.2712972276750131306 ) ) ;
#983 = VECTOR ( 'NONE', #2465, 39.37007874015748143 ) ;
#984 = CARTESIAN_POINT ( 'NONE',  ( 0.3464566929133858775, -0.09842519685039372024, 0.1299212598425200371 ) ) ;
#985 = VECTOR ( 'NONE', #3424, 39.37007874015748143 ) ;
#986 = DIRECTION ( 'NONE',  ( 0.000000000000000000, -1.000000000000000000, 0.000000000000000000 ) ) ;
#987 = TOROIDAL_SURFACE ( 'NONE', #2776, 0.04901574803149562343, 0.007677165354330725035 ) ;
#988 = VECTOR ( 'NONE', #3672, 39.37007874015748143 ) ;
#989 = ORIENTED_EDGE ( 'NONE', *, *, #3014, .T. ) ;
#990 = CARTESIAN_POINT ( 'NONE',  ( 0.9183025537331382937, -0.5469410972066678367, 0.3644688556678450375 ) ) ;
#991 = VECTOR ( 'NONE', #2043, 39.37007874015748143 ) ;
#992 = FACE_OUTER_BOUND ( 'NONE', #2351, .T. ) ;
#993 = CARTESIAN_POINT ( 'NONE',  ( 0.7834645669291337988, -0.3070866141732283561, -0.1299212598425196763 ) ) ;
#994 = VERTEX_POINT ( 'NONE', #1910 ) ;
#995 = CARTESIAN_POINT ( 'NONE',  ( 0.9842519685039369248, -0.4729219167128384527, -0.3657608652692980189 ) ) ;
#996 = VERTEX_POINT ( 'NONE', #2511 ) ;
#997 = CARTESIAN_POINT ( 'NONE',  ( 0.3038787375031061222, -0.9647387113287086979, -0.2557352221954883320 ) ) ;
#998 = DIRECTION ( 'NONE',  ( 0.01745240643728699498, 0.9998476951563911586, -2.552220388930637298E-18 ) ) ;
#999 = ORIENTED_EDGE ( 'NONE', *, *, #700, .T. ) ;
#1000 = EDGE_CURVE ( 'NONE', #1259, #1578, #1928, .T. ) ;
#1001 = DIRECTION ( 'NONE',  ( 0.000000000000000000, 1.000000000000000000, 0.000000000000000000 ) ) ;
#1002 = CARTESIAN_POINT ( 'NONE',  ( 0.3543307086614171930, -0.3070866141732277455, 0.1299212598425193987 ) ) ;
#1003 = CARTESIAN_POINT ( 'NONE',  ( 0.3715438475184720812, -0.9629480872274802650, -0.2557195956556940208 ) ) ;
#1004 = EDGE_CURVE ( 'NONE', #1561, #647, #1817, .T. ) ;
#1005 = EDGE_CURVE ( 'NONE', #1518, #1877, #3530, .T. ) ;
#1006 = ORIENTED_EDGE ( 'NONE', *, *, #1814, .T. ) ;
#1007 = LINE ( 'NONE', #1804, #2689 ) ;
#1008 = DIRECTION ( 'NONE',  ( 0.000000000000000000, 0.000000000000000000, 1.000000000000000000 ) ) ;
#1009 = DIRECTION ( 'NONE',  ( 0.000000000000000000, -1.000000000000000000, -2.988928549108039807E-15 ) ) ;
#1010 = EDGE_LOOP ( 'NONE', ( #1555, #2734, #1783, #1723 ) ) ;
#1011 = LINE ( 'NONE', #3315, #1340 ) ;
#1012 = CARTESIAN_POINT ( 'NONE',  ( 0.3520843677106190728, -0.9527098961727469284, -0.2556302483159428318 ) ) ;
#1013 = DIRECTION ( 'NONE',  ( 0.01745174210552020294, 0.9998096356151561226, 0.008725206505940212576 ) ) ;
#1014 = ORIENTED_EDGE ( 'NONE', *, *, #3384, .F. ) ;
#1015 = CARTESIAN_POINT ( 'NONE',  ( 0.1000744943239248591, -0.8897637795275592509, -0.02362579497399904319 ) ) ;
#1016 = AXIS2_PLACEMENT_3D ( 'NONE', #1180, #72, #2079 ) ;
#1017 = ORIENTED_EDGE ( 'NONE', *, *, #1249, .F. ) ;
#1018 = FACE_OUTER_BOUND ( 'NONE', #408, .T. ) ;
#1019 = CARTESIAN_POINT ( 'NONE',  ( 0.6496062992125984925, -0.007677165354330725035, -0.1391836074263033685 ) ) ;
#1020 = ADVANCED_FACE ( 'NONE', ( #1425 ), #1116, .T. ) ;
#1021 = ORIENTED_EDGE ( 'NONE', *, *, #679, .F. ) ;
#1022 = DIRECTION ( 'NONE',  ( 0.000000000000000000, 0.000000000000000000, -1.000000000000000000 ) ) ;
#1023 = EDGE_CURVE ( 'NONE', #2340, #1595, #2383, .T. ) ;
#1024 = EDGE_CURVE ( 'NONE', #2710, #3584, #2583, .T. ) ;
#1025 = CARTESIAN_POINT ( 'NONE',  ( 0.9225961059400638042, -0.5530661460914374494, 0.2718283990901816383 ) ) ;
#1026 = EDGE_CURVE ( 'NONE', #3584, #1518, #3351, .T. ) ;
#1027 = LINE ( 'NONE', #1570, #2441 ) ;
#1028 = VERTEX_POINT ( 'NONE', #2616 ) ;
#1029 = CARTESIAN_POINT ( 'NONE',  ( 0.9842519685039372579, -0.4726127270767409017, 0.2514405037945247612 ) ) ;
#1030 = ORIENTED_EDGE ( 'NONE', *, *, #2263, .F. ) ;
#1031 = DIRECTION ( 'NONE',  ( 0.000000000000000000, 0.008726535498377168201, -0.9999619230641713097 ) ) ;
#1032 = CARTESIAN_POINT ( 'NONE',  ( 0.9645669291338584417, -0.1061023622047244791, -0.2421259842519685179 ) ) ;
#1033 = ORIENTED_EDGE ( 'NONE', *, *, #3155, .T. ) ;
#1034 = DIRECTION ( 'NONE',  ( 0.000000000000000000, -0.9998476951563912696, -0.01745240643727998670 ) ) ;
#1035 = VERTEX_POINT ( 'NONE', #850 ) ;
#1036 = CARTESIAN_POINT ( 'NONE',  ( 9.701300842076878856E-17, -0.7921974936514154519, -0.1220472440944853770 ) ) ;
#1037 = EDGE_CURVE ( 'NONE', #715, #518, #2011, .T. ) ;
#1038 = CARTESIAN_POINT ( 'NONE',  ( 0.3038787375031080096, -0.9842519685039370358, 0.3297533579769158507 ) ) ;
#1039 = CIRCLE ( 'NONE', #2312, 0.02755905511811022543 ) ;
#1040 = AXIS2_PLACEMENT_3D ( 'NONE', #1318, #2191, #717 ) ;
#1041 = ORIENTED_EDGE ( 'NONE', *, *, #2659, .T. ) ;
#1042 = CARTESIAN_POINT ( 'NONE',  ( 0.1069329059319281267, -0.9645940482268212657, -0.2558434057005143925 ) ) ;
#1043 = VECTOR ( 'NONE', #1123, 39.37007874015748143 ) ;
#1044 = EDGE_CURVE ( 'NONE', #2273, #1923, #933, .T. ) ;
#1045 = CARTESIAN_POINT ( 'NONE',  ( -7.874015748012051872E-05, -0.2086614173228346636, 0.2421259842519685179 ) ) ;
#1046 = ORIENTED_EDGE ( 'NONE', *, *, #1000, .F. ) ;
#1047 = ORIENTED_EDGE ( 'NONE', *, *, #2936, .F. ) ;
#1048 = CARTESIAN_POINT ( 'NONE',  ( 0.9796321227600570669, -0.5102169769178114267, 0.2713995156496544769 ) ) ;
#1049 = EDGE_LOOP ( 'NONE', ( #1543, #1481, #3713, #77 ) ) ;
#1050 = CARTESIAN_POINT ( 'NONE',  ( 0.1017775201786982608, -0.7921974936514154519, 0.1220472440944853909 ) ) ;
#1051 = VECTOR ( 'NONE', #1674, 39.37007874015748143 ) ;
#1052 = CARTESIAN_POINT ( 'NONE',  ( 0.9251968503937008093, -0.2086614173228346636, -0.2421259842519685179 ) ) ;
#1053 = DIRECTION ( 'NONE',  ( 1.000000000000000000, 0.000000000000000000, -0.000000000000000000 ) ) ;
#1054 = EDGE_LOOP ( 'NONE', ( #2034, #2676, #2778, #2960 ) ) ;
#1055 = CARTESIAN_POINT ( 'NONE',  ( 2.410642428784212982E-18, -0.01968503937007873988, 0.3736691458076353833 ) ) ;
#1056 = DIRECTION ( 'NONE',  ( 0.000000000000000000, -0.000000000000000000, -1.000000000000000000 ) ) ;
#1057 = ORIENTED_EDGE ( 'NONE', *, *, #2671, .T. ) ;
#1058 = CARTESIAN_POINT ( 'NONE',  ( 0.9763183186778450207, -0.003892458238831425239, 0.3657354959815434237 ) ) ;
#1059 = CARTESIAN_POINT ( 'NONE',  ( 0.3464566929133858775, 0.000000000000000000, -1.031007827871047886E-16 ) ) ;
#1060 = ORIENTED_EDGE ( 'NONE', *, *, #1945, .F. ) ;
#1061 = DIRECTION ( 'NONE',  ( 0.000000000000000000, -0.008726535498373957228, 0.9999619230641713097 ) ) ;
#1062 = CARTESIAN_POINT ( 'NONE',  ( 0.000000000000000000, -0.01968503937007873988, 0.3539841064375566226 ) ) ;
#1063 = ORIENTED_EDGE ( 'NONE', *, *, #3590, .T. ) ;
#1064 = ORIENTED_EDGE ( 'NONE', *, *, #222, .F. ) ;
#1065 = CARTESIAN_POINT ( 'NONE',  ( 0.3464566929133858775, -0.007677165354330725902, 0.1391836074263032019 ) ) ;
#1066 = ORIENTED_EDGE ( 'NONE', *, *, #184, .F. ) ;
#1067 = DIRECTION ( 'NONE',  ( -0.000000000000000000, 0.9998476951563912696, 0.01745240643727998323 ) ) ;
#1068 = DIRECTION ( 'NONE',  ( -0.000000000000000000, -1.000000000000000000, -0.000000000000000000 ) ) ;
#1069 = DIRECTION ( 'NONE',  ( 5.782191410074442173E-16, -0.9999619230641711987, -0.008726535498373953759 ) ) ;
#1070 = ORIENTED_EDGE ( 'NONE', *, *, #188, .T. ) ;
#1071 = EDGE_CURVE ( 'NONE', #1966, #938, #876, .T. ) ;
#1072 = CYLINDRICAL_SURFACE ( 'NONE', #3513, 0.01968503937007878152 ) ;
#1073 = LINE ( 'NONE', #2855, #1838 ) ;
#1074 = ORIENTED_EDGE ( 'NONE', *, *, #3675, .T. ) ;
#1075 = CARTESIAN_POINT ( 'NONE',  ( 0.6496062992125984925, 0.000000000000000000, 0.2362204724409449064 ) ) ;
#1076 = DIRECTION ( 'NONE',  ( 1.000000000000000000, 1.224606353822380216E-16, -1.068697774553504911E-18 ) ) ;
#1077 = ORIENTED_EDGE ( 'NONE', *, *, #721, .F. ) ;
#1078 = DIRECTION ( 'NONE',  ( -0.01745173972681371768, -0.9998096355853370865, -0.008725214680634543751 ) ) ;
#1079 = CARTESIAN_POINT ( 'NONE',  ( 0.6496062992125984925, 0.000000000000000000, 0.2852362204724405159 ) ) ;
#1080 = ORIENTED_EDGE ( 'NONE', *, *, #681, .F. ) ;
#1081 = EDGE_LOOP ( 'NONE', ( #3277, #3695, #1693, #2218 ) ) ;
#1082 = CARTESIAN_POINT ( 'NONE',  ( 0.09846978115971491419, -0.9816977351335010038, -0.2657222824768686320 ) ) ;
#1083 = ADVANCED_FACE ( 'NONE', ( #588 ), #1568, .T. ) ;
#1084 = CARTESIAN_POINT ( 'NONE',  ( 0.1007781162189986673, -0.8494533081562234411, 0.1215475801710494824 ) ) ;
#1085 = CARTESIAN_POINT ( 'NONE',  ( 0.9251968503937008093, -0.1061023622047244236, 0.2421259842519685179 ) ) ;
#1086 = LINE ( 'NONE', #201, #2416 ) ;
#1087 = ORIENTED_EDGE ( 'NONE', *, *, #659, .T. ) ;
#1088 = PLANE ( 'NONE',  #3096 ) ;
#1089 = PLANE ( 'NONE',  #3582 ) ;
#1090 = ORIENTED_EDGE ( 'NONE', *, *, #2373, .T. ) ;
#1091 = DIRECTION ( 'NONE',  ( 1.000000000000000000, -9.413774641889687059E-29, -1.224606353822390077E-16 ) ) ;
#1092 = DIRECTION ( 'NONE',  ( 0.000000000000000000, 0.000000000000000000, -1.000000000000000000 ) ) ;
#1093 = DIRECTION ( 'NONE',  ( -0.000000000000000000, -0.000000000000000000, -1.000000000000000000 ) ) ;
#1094 = CARTESIAN_POINT ( 'NONE',  ( 0.1184508415065648884, -0.9649104934767652741, -0.2360509323704570450 ) ) ;
#1095 = CIRCLE ( 'NONE', #3029, 0.007677165354330720698 ) ;
#1096 = CARTESIAN_POINT ( 'NONE',  ( 0.9645669291338585527, -0.4055118110236220486, 0.2508549229714903683 ) ) ;
#1097 = AXIS2_PLACEMENT_3D ( 'NONE', #1142, #598, #1465 ) ;
#1098 = CIRCLE ( 'NONE', #3215, 0.04133858267716489926 ) ;
#1099 = ORIENTED_EDGE ( 'NONE', *, *, #3242, .F. ) ;
#1100 = ORIENTED_EDGE ( 'NONE', *, *, #1270, .T. ) ;
#1101 = DIRECTION ( 'NONE',  ( 1.000000000000000000, 1.224606353822379970E-16, -0.000000000000000000 ) ) ;
#1102 = VECTOR ( 'NONE', #3574, 39.37007874015748143 ) ;
#1103 = DIRECTION ( 'NONE',  ( 5.782411586589359611E-16, -1.000000000000000000, 0.000000000000000000 ) ) ;
#1104 = CARTESIAN_POINT ( 'NONE',  ( 0.9338869806713819832, -0.5691911863333465327, -0.2718283990901811387 ) ) ;
#1105 = CIRCLE ( 'NONE', #3163, 0.02755905511811020808 ) ;
#1106 = FACE_OUTER_BOUND ( 'NONE', #1138, .T. ) ;
#1107 = ORIENTED_EDGE ( 'NONE', *, *, #2902, .F. ) ;
#1108 = VECTOR ( 'NONE', #1504, 39.37007874015748854 ) ;
#1109 =( BOUNDED_CURVE ( )  B_SPLINE_CURVE ( 3, ( #648, #1797, #2398, #2956 ),
 .UNSPECIFIED., .F., .T. ) 
 B_SPLINE_CURVE_WITH_KNOTS ( ( 4, 4 ),
 ( 2.530727415391779367, 3.141592653589797557 ),
 .UNSPECIFIED. ) 
 CURVE ( )  GEOMETRIC_REPRESENTATION_ITEM ( )  RATIONAL_B_SPLINE_CURVE ( ( 1.000000000000000000, 0.9691446338321508813, 0.9691446338321508813, 1.000000000000000000 ) ) 
 REPRESENTATION_ITEM ( '' )  );
#1110 = FACE_OUTER_BOUND ( 'NONE', #2035, .T. ) ;
#1111 = LINE ( 'NONE', #2806, #267 ) ;
#1112 = ORIENTED_EDGE ( 'NONE', *, *, #1000, .T. ) ;
#1113 = DIRECTION ( 'NONE',  ( 3.052494025171815525E-17, 0.000000000000000000, -1.000000000000000000 ) ) ;
#1114 = CARTESIAN_POINT ( 'NONE',  ( 0.6496062992125984925, -0.09448818897637792369, 0.2362204724409449064 ) ) ;
#1115 = EDGE_CURVE ( 'NONE', #3689, #2285, #3514, .T. ) ;
#1116 = PLANE ( 'NONE',  #2135 ) ;
#1117 = EDGE_CURVE ( 'NONE', #1889, #2933, #2661, .T. ) ;
#1118 = CARTESIAN_POINT ( 'NONE',  ( 0.09973021694861337882, -0.9683184053292794857, -0.2547700576080598744 ) ) ;
#1119 = EDGE_CURVE ( 'NONE', #1913, #2784, #3018, .T. ) ;
#1120 = ORIENTED_EDGE ( 'NONE', *, *, #3366, .F. ) ;
#1121 = ORIENTED_EDGE ( 'NONE', *, *, #3262, .F. ) ;
#1122 = CARTESIAN_POINT ( 'NONE',  ( 0.6496062992125984925, 0.000000000000000000, -0.2362204724409449064 ) ) ;
#1123 = DIRECTION ( 'NONE',  ( 1.000000000000000000, 1.224606353822379970E-16, 1.068697774553504911E-18 ) ) ;
#1124 = FACE_OUTER_BOUND ( 'NONE', #323, .T. ) ;
#1125 = LINE ( 'NONE', #3637, #1364 ) ;
#1126 = ORIENTED_EDGE ( 'NONE', *, *, #3034, .T. ) ;
#1127 = DIRECTION ( 'NONE',  ( -0.8191417824367097644, -0.5735692509247238835, -0.005005463021664629218 ) ) ;
#1128 = DIRECTION ( 'NONE',  ( 0.000000000000000000, 0.000000000000000000, -1.000000000000000000 ) ) ;
#1129 = ORIENTED_EDGE ( 'NONE', *, *, #1743, .F. ) ;
#1130 = CARTESIAN_POINT ( 'NONE',  ( 0.9635986061524500768, -0.01418019418858565764, -0.3731276627933163281 ) ) ;
#1131 = VECTOR ( 'NONE', #1188, 39.37007874015748143 ) ;
#1132 = CARTESIAN_POINT ( 'NONE',  ( 0.9645669291338588858, -0.9840801863090866686, 0.2755898016351218671 ) ) ;
#1133 = DIRECTION ( 'NONE',  ( 0.000000000000000000, -0.000000000000000000, -1.000000000000000000 ) ) ;
#1134 = CARTESIAN_POINT ( 'NONE',  ( 0.09876879683879172256, -0.9645671383523068965, -0.2557314777178874010 ) ) ;
#1135 = ADVANCED_FACE ( 'NONE', ( #326 ), #3214, .T. ) ;
#1136 = ORIENTED_EDGE ( 'NONE', *, *, #3416, .T. ) ;
#1137 = EDGE_CURVE ( 'NONE', #3124, #1616, #2314, .T. ) ;
#1138 = EDGE_LOOP ( 'NONE', ( #2593, #3458, #3367, #2623 ) ) ;
#1139 = CARTESIAN_POINT ( 'NONE',  ( 0.1088335291715969017, -0.9774717503251831863, -0.2605423708052923559 ) ) ;
#1140 = CARTESIAN_POINT ( 'NONE',  ( 0.1184508415056024222, -0.9647387113287082538, 0.2557352221954887206 ) ) ;
#1141 = EDGE_CURVE ( 'NONE', #518, #715, #3158, .T. ) ;
#1142 = CARTESIAN_POINT ( 'NONE',  ( 1.205321214392102562E-16, -0.4055118110236220486, 0.2508549229714903683 ) ) ;
#1143 = ORIENTED_EDGE ( 'NONE', *, *, #1836, .F. ) ;
#1144 = CARTESIAN_POINT ( 'NONE',  ( 0.9842519685039370358, -0.08232250701203072674, -0.2592337937431169470 ) ) ;
#1145 = CARTESIAN_POINT ( 'NONE',  ( 0.9760981582210024321, -0.3070866141732283561, -0.2421259842519684902 ) ) ;
#1146 = ORIENTED_EDGE ( 'NONE', *, *, #3149, .T. ) ;
#1147 = DIRECTION ( 'NONE',  ( 0.9998476951563911586, -0.01745240643728699498, 3.052029115546694982E-17 ) ) ;
#1148 = EDGE_CURVE ( 'NONE', #1452, #468, #3728, .T. ) ;
#1149 = CARTESIAN_POINT ( 'NONE',  ( 0.3279937077136137469, -0.9842519685039368138, -0.2754195120195770952 ) ) ;
#1150 = CARTESIAN_POINT ( 'NONE',  ( 0.1184448450235649625, -0.9649104804416771541, -0.2557374707763500621 ) ) ;
#1151 = ADVANCED_FACE ( 'NONE', ( #649 ), #2904, .T. ) ;
#1152 = CARTESIAN_POINT ( 'NONE',  ( 0.09616134323028109609, -0.9746786810975236470, -0.2412583506332086902 ) ) ;
#1153 = ORIENTED_EDGE ( 'NONE', *, *, #888, .F. ) ;
#1154 = AXIS2_PLACEMENT_3D ( 'NONE', #3308, #2701, #118 ) ;
#1155 = ORIENTED_EDGE ( 'NONE', *, *, #2963, .F. ) ;
#1156 = DIRECTION ( 'NONE',  ( -1.000000000000000000, -0.000000000000000000, 0.000000000000000000 ) ) ;
#1157 = EDGE_CURVE ( 'NONE', #3370, #2700, #1781, .T. ) ;
#1158 = AXIS2_PLACEMENT_3D ( 'NONE', #532, #3121, #2792 ) ;
#1159 = DIRECTION ( 'NONE',  ( 0.000000000000000000, -1.314184451497577561E-16, -1.000000000000000000 ) ) ;
#1160 = CYLINDRICAL_SURFACE ( 'NONE', #814, 0.04133858267716489926 ) ;
#1161 = DIRECTION ( 'NONE',  ( 0.000000000000000000, 1.000000000000000000, 0.000000000000000000 ) ) ;
#1162 = ORIENTED_EDGE ( 'NONE', *, *, #83, .T. ) ;
#1163 = VECTOR ( 'NONE', #113, 39.37007874015748143 ) ;
#1164 = AXIS2_PLACEMENT_3D ( 'NONE', #490, #3386, #2527 ) ;
#1165 = CARTESIAN_POINT ( 'NONE',  ( 0.9697194472590089376, -0.09791284766912636273, -0.2351609842595961952 ) ) ;
#1166 = AXIS2_PLACEMENT_3D ( 'NONE', #2054, #2038, #3145 ) ;
#1167 = CARTESIAN_POINT ( 'NONE',  ( 0.09846978115971491419, -0.9816977351335010038, -0.2657222824768686320 ) ) ;
#1168 = ORIENTED_EDGE ( 'NONE', *, *, #1646, .F. ) ;
#1169 = VECTOR ( 'NONE', #290, 39.37007874015748143 ) ;
#1170 = DIRECTION ( 'NONE',  ( -7.375650828688892955E-32, 1.275531967630009929E-16, 1.000000000000000000 ) ) ;
#1171 = VECTOR ( 'NONE', #1879, 39.37007874015748143 ) ;
#1172 = CARTESIAN_POINT ( 'NONE',  ( 0.3038787375031059002, -0.9842519685039369248, -0.2754195120195862545 ) ) ;
#1173 = CARTESIAN_POINT ( 'NONE',  ( 0.9299516843607962269, -0.5387842881272461026, 0.3646112332999333350 ) ) ;
#1174 = CARTESIAN_POINT ( 'NONE',  ( 0.1085271438757798856, -0.4055118110236219930, 0.2311721321537319462 ) ) ;
#1175 = ORIENTED_EDGE ( 'NONE', *, *, #3081, .T. ) ;
#1176 = ORIENTED_EDGE ( 'NONE', *, *, #98, .F. ) ;
#1177 = CARTESIAN_POINT ( 'NONE',  ( 0.9251968503937008093, -0.2086614173228346636, 0.2007874015748031815 ) ) ;
#1178 = LINE ( 'NONE', #2646, #2259 ) ;
#1179 = CARTESIAN_POINT ( 'NONE',  ( 0.000000000000000000, -0.01968503937007873988, 0.3539841064375566226 ) ) ;
#1180 = CARTESIAN_POINT ( 'NONE',  ( 0.9328740157480315265, -0.1061023622047244652, 1.353369548331841965E-17 ) ) ;
#1181 = ORIENTED_EDGE ( 'NONE', *, *, #2112, .T. ) ;
#1182 = FACE_OUTER_BOUND ( 'NONE', #1897, .T. ) ;
#1183 = CARTESIAN_POINT ( 'NONE',  ( 0.9697194472590086045, -0.1053901968427652242, -0.2426383334332357922 ) ) ;
#1184 = CARTESIAN_POINT ( 'NONE',  ( 0.8661417322834648047, -0.4724409448818910340, 0.3740157480314960647 ) ) ;
#1185 = EDGE_LOOP ( 'NONE', ( #392, #1239, #1875, #1976, #2691 ) ) ;
#1186 =( BOUNDED_CURVE ( )  B_SPLINE_CURVE ( 3, ( #1431, #3170, #3486, #3716 ),
 .UNSPECIFIED., .F., .F. ) 
 B_SPLINE_CURVE_WITH_KNOTS ( ( 4, 4 ),
 ( 1.570796326794896114, 2.530727415391777146 ),
 .UNSPECIFIED. ) 
 CURVE ( )  GEOMETRIC_REPRESENTATION_ITEM ( )  RATIONAL_B_SPLINE_CURVE ( ( 1.000000000000000000, 0.9246738887854810685, 0.9246738887854810685, 1.000000000000000000 ) ) 
 REPRESENTATION_ITEM ( '' )  );
#1187 = EDGE_CURVE ( 'NONE', #283, #3142, #1208, .T. ) ;
#1188 = DIRECTION ( 'NONE',  ( 0.000000000000000000, 0.000000000000000000, -1.000000000000000000 ) ) ;
#1189 = ORIENTED_EDGE ( 'NONE', *, *, #1857, .F. ) ;
#1190 = EDGE_CURVE ( 'NONE', #423, #342, #1640, .T. ) ;
#1191 = CARTESIAN_POINT ( 'NONE',  ( 0.1008832976352507932, -0.9649630944551109701, 0.2463288019969790132 ) ) ;
#1192 = DIRECTION ( 'NONE',  ( -1.000000000000000000, 0.000000000000000000, -0.000000000000000000 ) ) ;
#1193 = FACE_OUTER_BOUND ( 'NONE', #1623, .T. ) ;
#1194 = ORIENTED_EDGE ( 'NONE', *, *, #1592, .T. ) ;
#1195 = ORIENTED_EDGE ( 'NONE', *, *, #1252, .T. ) ;
#1196 = CARTESIAN_POINT ( 'NONE',  ( 0.8070866141732283561, -0.3070866141732283561, 0.1299212598425196763 ) ) ;
#1197 = CARTESIAN_POINT ( 'NONE',  ( 0.9842519685039370358, -0.07874015748031500117, -0.2618110236220472231 ) ) ;
#1198 = LINE ( 'NONE', #2055, #3526 ) ;
#1199 = CARTESIAN_POINT ( 'NONE',  ( 0.3149606299212598381, -0.4065671831132007807, 0.1299212598425193987 ) ) ;
#1201 = EDGE_LOOP ( 'NONE', ( #1676, #3606, #178, #602 ) ) ;
#1200 = ADVANCED_FACE ( 'NONE', ( #101 ), #3047, .F. ) ;
#1202 = CARTESIAN_POINT ( 'NONE',  ( 0.3038787375031080096, -0.9571738852167755995, 0.3573082157174463092 ) ) ;
#1203 = DIRECTION ( 'NONE',  ( -0.8191417824367105416, -0.5735692509247228843, 0.005005463021665439334 ) ) ;
#1204 = CARTESIAN_POINT ( 'NONE',  ( 0.09842519685039410882, -0.9842519685039370358, 0.3740157480314960647 ) ) ;
#1205 = ORIENTED_EDGE ( 'NONE', *, *, #2703, .F. ) ;
#1206 = ORIENTED_EDGE ( 'NONE', *, *, #1972, .T. ) ;
#1207 = DIRECTION ( 'NONE',  ( 0.000000000000000000, 0.000000000000000000, -1.000000000000000000 ) ) ;
#1208 = LINE ( 'NONE', #1529, #983 ) ;
#1209 = CARTESIAN_POINT ( 'NONE',  ( 0.7848418057626064259, -0.3070866141732283561, 0.1304666198194047722 ) ) ;
#1210 = VERTEX_POINT ( 'NONE', #381 ) ;
#1211 = ORIENTED_EDGE ( 'NONE', *, *, #2774, .T. ) ;
#1212 = DIRECTION ( 'NONE',  ( 8.659274570719393625E-17, -0.7071067811865515695, 0.7071067811865434649 ) ) ;
#1213 = CARTESIAN_POINT ( 'NONE',  ( 0.9743588645116587621, -0.09629172680213532454, 0.2442594543002288843 ) ) ;
#1214 = LINE ( 'NONE', #2385, #2634 ) ;
#1215 = FACE_OUTER_BOUND ( 'NONE', #2412, .T. ) ;
#1216 = ORIENTED_EDGE ( 'NONE', *, *, #1349, .T. ) ;
#1217 = DIRECTION ( 'NONE',  ( -2.829849092041782046E-17, 1.275531967630009929E-16, 1.000000000000000000 ) ) ;
#1218 = AXIS2_PLACEMENT_3D ( 'NONE', #642, #3702, #1502 ) ;
#1219 = CARTESIAN_POINT ( 'NONE',  ( 0.9817674487732152011, -0.09252028250832419753, -0.2518972646090906209 ) ) ;
#1220 = PLANE ( 'NONE',  #2270 ) ;
#1221 = CIRCLE ( 'NONE', #1343, 0.01968503937035611523 ) ;
#1222 = VERTEX_POINT ( 'NONE', #2178 ) ;
#1223 = AXIS2_PLACEMENT_3D ( 'NONE', #2453, #137, #3593 ) ;
#1224 = AXIS2_PLACEMENT_3D ( 'NONE', #2009, #3164, #912 ) ;
#1225 = CARTESIAN_POINT ( 'NONE',  ( 0.000000000000000000, 0.000000000000000000, 0.3740157480314960647 ) ) ;
#1226 = CARTESIAN_POINT ( 'NONE',  ( 0.3239745464936208408, -0.9647387113284291438, -0.2557352221954858340 ) ) ;
#1227 = TOROIDAL_SURFACE ( 'NONE', #3708, 0.04901574803149562343, 0.007677165354330725035 ) ;
#1228 = CARTESIAN_POINT ( 'NONE',  ( 0.6496062992125984925, 0.000000000000000000, -0.2362204724409449064 ) ) ;
#1229 = EDGE_CURVE ( 'NONE', #593, #1434, #2162, .T. ) ;
#1230 = EDGE_LOOP ( 'NONE', ( #1057, #2959, #49, #3595, #633, #3054 ) ) ;
#1231 = ADVANCED_FACE ( 'NONE', ( #705 ), #1854, .F. ) ;
#1232 = VERTEX_POINT ( 'NONE', #3010 ) ;
#1233 = FACE_OUTER_BOUND ( 'NONE', #2456, .T. ) ;
#1234 = ADVANCED_FACE ( 'NONE', ( #3324 ), #1245, .F. ) ;
#1235 = CARTESIAN_POINT ( 'NONE',  ( 0.9842519685039370358, -0.07874015748031494566, 0.2618110236220472231 ) ) ;
#1236 = DIRECTION ( 'NONE',  ( 1.447327124118701461E-46, 2.988928549108039807E-15, -1.000000000000000000 ) ) ;
#1237 = ORIENTED_EDGE ( 'NONE', *, *, #2215, .T. ) ;
#1238 = DIRECTION ( 'NONE',  ( -0.000000000000000000, 1.000000000000000000, -0.000000000000000000 ) ) ;
#1239 = ORIENTED_EDGE ( 'NONE', *, *, #3600, .T. ) ;
#1240 = DIRECTION ( 'NONE',  ( 0.000000000000000000, 0.000000000000000000, 1.000000000000000000 ) ) ;
#1241 = FACE_OUTER_BOUND ( 'NONE', #1328, .T. ) ;
#1242 = VERTEX_POINT ( 'NONE', #417 ) ;
#1243 = CARTESIAN_POINT ( 'NONE',  ( 0.9570994131977024200, -0.01968503937007924989, 0.3736691458076353833 ) ) ;
#1244 = CARTESIAN_POINT ( 'NONE',  ( 0.9842519685039373689, -0.3858267716535433989, 0.2703689231800529558 ) ) ;
#1245 = PLANE ( 'NONE',  #196 ) ;
#1246 = LINE ( 'NONE', #2194, #1588 ) ;
#1247 = ORIENTED_EDGE ( 'NONE', *, *, #2158, .T. ) ;
#1248 = FACE_OUTER_BOUND ( 'NONE', #2759, .T. ) ;
#1249 = EDGE_CURVE ( 'NONE', #145, #2285, #738, .T. ) ;
#1250 = CARTESIAN_POINT ( 'NONE',  ( 0.9817674487732152011, -0.08865391649327145074, 0.2480308985940373467 ) ) ;
#1251 = CARTESIAN_POINT ( 'NONE',  ( 0.000000000000000000, 0.000000000000000000, 0.000000000000000000 ) ) ;
#1252 = EDGE_CURVE ( 'NONE', #1877, #1966, #57, .T. ) ;
#1253 = DIRECTION ( 'NONE',  ( -0.8191520442889910214, -0.5735764363510470476, 0.000000000000000000 ) ) ;
#1254 = ORIENTED_EDGE ( 'NONE', *, *, #3094, .T. ) ;
#1255 = DIRECTION ( 'NONE',  ( 1.000000000000000000, 0.000000000000000000, 0.000000000000000000 ) ) ;
#1256 = ADVANCED_FACE ( 'NONE', ( #453 ), #7, .T. ) ;
#1257 = CARTESIAN_POINT ( 'NONE',  ( 0.7834645669291343539, -0.3070866141732283561, -0.05118110236220525799 ) ) ;
#1258 = LINE ( 'NONE', #3056, #2331 ) ;
#1259 = VERTEX_POINT ( 'NONE', #2127 ) ;
#1260 = LINE ( 'NONE', #2430, #79 ) ;
#1261 = CARTESIAN_POINT ( 'NONE',  ( 0.3740157480314957872, -0.3070866141732293553, 0.1299212598425193987 ) ) ;
#1262 = DIRECTION ( 'NONE',  ( -1.224606353822381203E-16, 1.000000000000000000, 0.000000000000000000 ) ) ;
#1263 = CARTESIAN_POINT ( 'NONE',  ( 0.9566929133858268486, 0.0004809718309486448124, 0.3464608902909656063 ) ) ;
#1264 = EDGE_LOOP ( 'NONE', ( #783, #1317, #2369, #2359 ) ) ;
#1265 = DIRECTION ( 'NONE',  ( -0.01745240643728699498, -0.9998476951563911586, 3.097248694980524826E-16 ) ) ;
#1266 = CARTESIAN_POINT ( 'NONE',  ( 0.9671441588074936035, -0.09842519685039370636, 0.2344488189003037515 ) ) ;
#1267 = PLANE ( 'NONE',  #683 ) ;
#1268 = ORIENTED_EDGE ( 'NONE', *, *, #1859, .T. ) ;
#1269 = CARTESIAN_POINT ( 'NONE',  ( 0.3038787375031080096, -0.9842519685039370358, 0.2754195120195865876 ) ) ;
#1270 = EDGE_CURVE ( 'NONE', #3467, #2012, #2318, .T. ) ;
#1271 = CARTESIAN_POINT ( 'NONE',  ( 2.410642428784212982E-18, -0.01968503937007873988, 0.3539841064375566226 ) ) ;
#1272 = FACE_OUTER_BOUND ( 'NONE', #3511, .T. ) ;
#1273 = ORIENTED_EDGE ( 'NONE', *, *, #14, .F. ) ;
#1274 = AXIS2_PLACEMENT_3D ( 'NONE', #2690, #393, #2561 ) ;
#1275 = EDGE_CURVE ( 'NONE', #3390, #1406, #430, .T. ) ;
#1276 = ORIENTED_EDGE ( 'NONE', *, *, #3265, .T. ) ;
#1277 = CARTESIAN_POINT ( 'NONE',  ( 1.034302947459102340, -0.7913385826771655029, 0.02362579497399610456 ) ) ;
#1278 = VECTOR ( 'NONE', #1903, 39.37007874015748143 ) ;
#1279 = VECTOR ( 'NONE', #3371, 39.37007874015748143 ) ;
#1280 = EDGE_CURVE ( 'NONE', #1894, #3494, #190, .T. ) ;
#1281 = CARTESIAN_POINT ( 'NONE',  ( 0.3740157480314957872, -0.3070866141732275789, -9.178599481512854357E-16 ) ) ;
#1282 = CIRCLE ( 'NONE', #3636, 0.04133858267716489926 ) ;
#1283 = CARTESIAN_POINT ( 'NONE',  ( 0.3716239858910255767, -0.9628919737349213026, -0.2752641738109523617 ) ) ;
#1284 = CIRCLE ( 'NONE', #1526, 0.01968503937007872254 ) ;
#1285 = AXIS2_PLACEMENT_3D ( 'NONE', #1257, #1849, #2723 ) ;
#1286 = VERTEX_POINT ( 'NONE', #2754 ) ;
#1287 = LINE ( 'NONE', #690, #2681 ) ;
#1288 = VECTOR ( 'NONE', #620, 39.37007874015748143 ) ;
#1289 = CARTESIAN_POINT ( 'NONE',  ( 0.9328740157480315265, -0.09842519685039370636, 0.2344488188976377729 ) ) ;
#1290 = LINE ( 'NONE', #3575, #2138 ) ;
#1291 = ORIENTED_EDGE ( 'NONE', *, *, #2829, .T. ) ;
#1292 = CARTESIAN_POINT ( 'NONE',  ( 0.9645669291336671503, -0.4883659356924781592, 0.2515779799633945379 ) ) ;
#1293 = VERTEX_POINT ( 'NONE', #150 ) ;
#1294 = LINE ( 'NONE', #3316, #866 ) ;
#1295 = CARTESIAN_POINT ( 'NONE',  ( 0.6496062992125984925, -0.007677165354330725035, -0.2362204724409449064 ) ) ;
#1296 = ORIENTED_EDGE ( 'NONE', *, *, #1037, .F. ) ;
#1297 = CARTESIAN_POINT ( 'NONE',  ( 0.9645669291338585527, -0.4724409448818909230, 0.2514390046740214713 ) ) ;
#1298 = ADVANCED_FACE ( 'NONE', ( #1816 ), #1303, .F. ) ;
#1299 = EDGE_CURVE ( 'NONE', #3417, #1796, #470, .T. ) ;
#1300 = EDGE_CURVE ( 'NONE', #2560, #2319, #2315, .T. ) ;
#1301 = ORIENTED_EDGE ( 'NONE', *, *, #3011, .F. ) ;
#1302 = CARTESIAN_POINT ( 'NONE',  ( 0.3149606299212598381, -0.3070866141732293553, 0.1299212598425193987 ) ) ;
#1303 = CYLINDRICAL_SURFACE ( 'NONE', #2921, 0.09842519685039365085 ) ;
#1304 = EDGE_CURVE ( 'NONE', #3135, #1293, #2508, .T. ) ;
#1305 = EDGE_LOOP ( 'NONE', ( #3246, #2609, #2794, #3326 ) ) ;
#1306 =( NAMED_UNIT ( * ) SI_UNIT ( $, .STERADIAN. ) SOLID_ANGLE_UNIT ( ) );
#1307 =( BOUNDED_CURVE ( )  B_SPLINE_CURVE ( 3, ( #414, #2413, #678, #2727 ),
 .UNSPECIFIED., .F., .F. ) 
 B_SPLINE_CURVE_WITH_KNOTS ( ( 4, 4 ),
 ( 1.570796326794898334, 3.141592653589794892 ),
 .UNSPECIFIED. ) 
 CURVE ( )  GEOMETRIC_REPRESENTATION_ITEM ( )  RATIONAL_B_SPLINE_CURVE ( ( 1.000000000000000000, 0.8047378541243649375, 0.8047378541243649375, 1.000000000000000000 ) ) 
 REPRESENTATION_ITEM ( '' )  );
#1308 = DIRECTION ( 'NONE',  ( -1.000000000000000000, 0.000000000000000000, 0.000000000000000000 ) ) ;
#1309 = CARTESIAN_POINT ( 'NONE',  ( 0.9842519685039370358, -0.01257198953415732991, -0.3462330500028321656 ) ) ;
#1310 = ORIENTED_EDGE ( 'NONE', *, *, #2210, .F. ) ;
#1311 = CARTESIAN_POINT ( 'NONE',  ( 0.9355003782081068309, -0.5442022595687914244, 0.2520652561797850910 ) ) ;
#1312 = ORIENTED_EDGE ( 'NONE', *, *, #2071, .T. ) ;
#1313 = VECTOR ( 'NONE', #2613, 39.37007874015748143 ) ;
#1314 = DIRECTION ( 'NONE',  ( 0.000000000000000000, 0.000000000000000000, -1.000000000000000000 ) ) ;
#1315 = FACE_OUTER_BOUND ( 'NONE', #3474, .T. ) ;
#1316 = EDGE_CURVE ( 'NONE', #151, #2710, #2562, .T. ) ;
#1317 = ORIENTED_EDGE ( 'NONE', *, *, #159, .T. ) ;
#1318 = CARTESIAN_POINT ( 'NONE',  ( 0.6496062992125984925, 0.000000000000000000, 0.2362204724409449064 ) ) ;
#1319 = ORIENTED_EDGE ( 'NONE', *, *, #2076, .T. ) ;
#1320 = CARTESIAN_POINT ( 'NONE',  ( 0.9728919837925635861, -0.001342894262526804191, -0.3623091610962617115 ) ) ;
#1321 = DIRECTION ( 'NONE',  ( 0.5735764363510448272, -0.8191520442889925757, 0.000000000000000000 ) ) ;
#1322 = ADVANCED_FACE ( 'NONE', ( #3682 ), #1398, .T. ) ;
#1323 = CARTESIAN_POINT ( 'NONE',  ( 0.09876280378032727125, -0.9649104804416770431, -0.2360554295331137309 ) ) ;
#1324 = DIRECTION ( 'NONE',  ( -0.000000000000000000, -2.988928549108039807E-15, 1.000000000000000000 ) ) ;
#1325 = DIRECTION ( 'NONE',  ( -1.000000000000000000, 0.000000000000000000, 0.000000000000000000 ) ) ;
#1326 = VERTEX_POINT ( 'NONE', #2810 ) ;
#1327 =( BOUNDED_SURFACE ( )  B_SPLINE_SURFACE ( 3, 2, ( 
 ( #5, #1686, #2316 ),
 ( #607, #3180, #549 ),
 ( #2922, #2619, #2339 ),
 ( #1707, #3712, #1992 ),
 ( #2870, #306, #3466 ),
 ( #2600, #3498, #1403 ),
 ( #1152, #1118, #3449 ),
 ( #877, #271, #48 ),
 ( #2905, #2283, #1427 ),
 ( #2642, #3431, #2845 ),
 ( #2585, #3729, #894 ),
 ( #1745, #1134, #2297 ) ),
 .UNSPECIFIED., .F., .F., .F. ) 
 B_SPLINE_SURFACE_WITH_KNOTS ( ( 4, 2, 2, 2, 2, 4 ),
 ( 3, 3 ),
 ( 1.570796326794900111, 1.959132085363640030, 2.347467843932370180, 2.735803602501110099, 2.929971481785480059, 3.124139361069850018 ),
 ( 0.000000000000000000, 1.000000000000000000 ),
 .UNSPECIFIED. ) 
 GEOMETRIC_REPRESENTATION_ITEM ( )  RATIONAL_B_SPLINE_SURFACE ( (
 ( 1.000000000000000000, 1.000000000000000000, 1.000000000000000000),
 ( 1.000000000000000000, 1.000151581061510031, 1.000000000000000000),
 ( 1.000000000000000000, 0.9870316654497639508, 1.000000000000000000),
 ( 1.000000000000000000, 0.9399479528010820095, 1.000000000000000000),
 ( 1.000000000000000000, 0.9057945041748179937, 1.000000000000000000),
 ( 1.000000000000000000, 0.8312870731949030256, 1.000000000000000000),
 ( 1.000000000000000000, 0.7910833965685539759, 1.000000000000000000),
 ( 1.000000000000000000, 0.7447655196058240445, 1.000000000000000000),
 ( 1.000000000000000000, 0.7317345658434859512, 1.000000000000000000),
 ( 1.000000000000000000, 0.7133391196213459962, 1.000000000000000000),
 ( 1.000000000000000000, 0.7079803816278960049, 1.000000000000000000),
 ( 1.000000000000000000, 0.7072144605741780277, 1.000000000000000000) ) ) 
 REPRESENTATION_ITEM ( '' )  SURFACE ( )  );
#1328 = EDGE_LOOP ( 'NONE', ( #2504, #237, #2433, #3176, #2871 ) ) ;
#1329 = CARTESIAN_POINT ( 'NONE',  ( 0.9842519685039372579, -0.4724409448818910340, 0.2711247936186226282 ) ) ;
#1330 = VERTEX_POINT ( 'NONE', #2828 ) ;
#1331 = CARTESIAN_POINT ( 'NONE',  ( 0.9842519685039370358, 0.000000000000000000, 0.3740157480314960647 ) ) ;
#1332 = DIRECTION ( 'NONE',  ( -1.000000000000000000, 0.000000000000000000, 0.000000000000000000 ) ) ;
#1333 = DIRECTION ( 'NONE',  ( 0.000000000000000000, 0.000000000000000000, -1.000000000000000000 ) ) ;
#1334 = ORIENTED_EDGE ( 'NONE', *, *, #1829, .F. ) ;
#1335 = DIRECTION ( 'NONE',  ( -5.781530897296982634E-16, 0.9998476951563912696, -0.01745240643727998323 ) ) ;
#1336 = CARTESIAN_POINT ( 'NONE',  ( 0.1085271438757798856, -0.4055118110236220486, 0.2508549229714903683 ) ) ;
#1337 = ORIENTED_EDGE ( 'NONE', *, *, #1044, .F. ) ;
#1338 = DIRECTION ( 'NONE',  ( -0.000000000000000000, 3.097720492815729138E-16, 1.000000000000000000 ) ) ;
#1339 = DIRECTION ( 'NONE',  ( 0.000000000000000000, 0.000000000000000000, -1.000000000000000000 ) ) ;
#1340 = VECTOR ( 'NONE', #3004, 39.37007874015748143 ) ;
#1341 = EDGE_LOOP ( 'NONE', ( #1490, #320, #497, #755 ) ) ;
#1342 = CIRCLE ( 'NONE', #559, 0.01968503937007872254 ) ;
#1343 = AXIS2_PLACEMENT_3D ( 'NONE', #1094, #1078, #3648 ) ;
#1344 = CARTESIAN_POINT ( 'NONE',  ( 0.3740157480314957872, -0.3267716535433062841, -9.766971243148293385E-16 ) ) ;
#1345 = CARTESIAN_POINT ( 'NONE',  ( 0.7283464566929134243, -0.3070866141732283561, 0.1299212598425196763 ) ) ;
#1346 = AXIS2_PLACEMENT_3D ( 'NONE', #144, #1314, #2459 ) ;
#1347 = VECTOR ( 'NONE', #2581, 39.37007874015748143 ) ;
#1348 = DIRECTION ( 'NONE',  ( 0.000000000000000000, 0.000000000000000000, 1.000000000000000000 ) ) ;
#1349 = EDGE_CURVE ( 'NONE', #1445, #2121, #2789, .T. ) ;
#1350 = VERTEX_POINT ( 'NONE', #2279 ) ;
#1351 = ADVANCED_FACE ( 'NONE', ( #1604 ), #3349, .T. ) ;
#1352 = VERTEX_POINT ( 'NONE', #817 ) ;
#1353 = VECTOR ( 'NONE', #1549, 39.37007874015748143 ) ;
#1354 = CARTESIAN_POINT ( 'NONE',  ( 0.1007781162189986396, -0.8494533081562235521, -0.1215475801710493992 ) ) ;
#1355 = CARTESIAN_POINT ( 'NONE',  ( 0.000000000000000000, 0.000000000000000000, 0.1289606468857543431 ) ) ;
#1356 = VECTOR ( 'NONE', #1068, 39.37007874015748143 ) ;
#1357 = CARTESIAN_POINT ( 'NONE',  ( 0.9251968503937008093, 0.000000000000000000, 0.000000000000000000 ) ) ;
#1358 = ORIENTED_EDGE ( 'NONE', *, *, #893, .F. ) ;
#1359 = CARTESIAN_POINT ( 'NONE',  ( 0.1010196322599799107, -1.128340186177984261, -0.2768487395814720475 ) ) ;
#1360 = CARTESIAN_POINT ( 'NONE',  ( 0.9283768364040454468, -0.09842519685039369248, 0.1976074155644584884 ) ) ;
#1361 = ORIENTED_EDGE ( 'NONE', *, *, #589, .F. ) ;
#1362 = CYLINDRICAL_SURFACE ( 'NONE', #2199, 0.01968503937007872254 ) ;
#1363 = DIRECTION ( 'NONE',  ( 0.000000000000000000, -1.275531967630009929E-16, -1.000000000000000000 ) ) ;
#1364 = VECTOR ( 'NONE', #3422, 39.37007874015748854 ) ;
#1365 = CARTESIAN_POINT ( 'NONE',  ( 0.3716239858910270200, -0.9628919737349204144, 0.3300392020501782264 ) ) ;
#1366 = CARTESIAN_POINT ( 'NONE',  ( 0.1069319057054917282, -0.9646513511520408146, -0.2558441573373457234 ) ) ;
#1367 = CARTESIAN_POINT ( 'NONE',  ( -1.156180480219234648E-16, 0.000000000000000000, -0.1391836074263032019 ) ) ;
#1368 = ORIENTED_EDGE ( 'NONE', *, *, #2542, .F. ) ;
#1369 = ORIENTED_EDGE ( 'NONE', *, *, #2974, .F. ) ;
#1370 = CARTESIAN_POINT ( 'NONE',  ( 0.3226095263925320422, -0.9571738852167755995, 0.3573082157174463092 ) ) ;
#1371 = EDGE_CURVE ( 'NONE', #809, #2779, #1098, .T. ) ;
#1372 = CARTESIAN_POINT ( 'NONE',  ( 1.205321214392106506E-16, -0.9842519685039370358, 0.3297533579769158507 ) ) ;
#1373 = CARTESIAN_POINT ( 'NONE',  ( 0.9842519685039370358, -0.4913447952207677383, -0.2712622697875075040 ) ) ;
#1374 = PLANE ( 'NONE',  #3317 ) ;
#1375 = VERTEX_POINT ( 'NONE', #3428 ) ;
#1376 = DIRECTION ( 'NONE',  ( -0.000000000000000000, -1.275531967630009929E-16, -1.000000000000000000 ) ) ;
#1377 = CARTESIAN_POINT ( 'NONE',  ( 0.9180797560475361108, -0.5470971018256223228, 0.3644661325970920962 ) ) ;
#1378 = ORIENTED_EDGE ( 'NONE', *, *, #756, .F. ) ;
#1379 = CARTESIAN_POINT ( 'NONE',  ( 0.9645669291338583307, 0.000000000000000000, -0.3539841064375566226 ) ) ;
#1380 = CARTESIAN_POINT ( 'NONE',  ( 0.9251968503937008093, -0.1061023622047244236, 0.2007874015748031260 ) ) ;
#1381 = EDGE_LOOP ( 'NONE', ( #2289, #479, #3670, #3350, #1337 ) ) ;
#1382 = CARTESIAN_POINT ( 'NONE',  ( 0.07908076253709117598, -0.9842519685039370358, 0.2559055118110240001 ) ) ;
#1383 = CARTESIAN_POINT ( 'NONE',  ( 0.3740157480314960647, -0.3267716535433070058, 0.2501677680273358684 ) ) ;
#1384 = ORIENTED_EDGE ( 'NONE', *, *, #2401, .T. ) ;
#1385 = ORIENTED_EDGE ( 'NONE', *, *, #530, .T. ) ;
#1386 = EDGE_CURVE ( 'NONE', #3332, #996, #3697, .T. ) ;
#1387 = CARTESIAN_POINT ( 'NONE',  ( 0.1079073583960774435, -0.9779759357572314071, -0.2610059140818858370 ) ) ;
#1388 = DIRECTION ( 'NONE',  ( 0.5735764363510448272, -0.8191520442889925757, 0.000000000000000000 ) ) ;
#1389 = DIRECTION ( 'NONE',  ( -0.000000000000000000, -0.000000000000000000, 1.000000000000000000 ) ) ;
#1390 = DIRECTION ( 'NONE',  ( 0.000000000000000000, -1.000000000000000000, -3.469446951953611428E-15 ) ) ;
#1391 = ADVANCED_FACE ( 'NONE', ( #761, #779 ), #2773, .T. ) ;
#1392 = ORIENTED_EDGE ( 'NONE', *, *, #1975, .F. ) ;
#1393 = DIRECTION ( 'NONE',  ( 1.000000000000000000, 0.000000000000000000, -1.224646799147353207E-16 ) ) ;
#1394 = CARTESIAN_POINT ( 'NONE',  ( 0.1138873606647611558, -0.09842519685039370636, 0.1931102362204724088 ) ) ;
#1395 = ADVANCED_FACE ( 'NONE', ( #2483 ), #1944, .T. ) ;
#1396 = ORIENTED_EDGE ( 'NONE', *, *, #3194, .T. ) ;
#1397 = DIRECTION ( 'NONE',  ( -1.000000000000000000, 0.000000000000000000, 0.000000000000000000 ) ) ;
#1398 = CYLINDRICAL_SURFACE ( 'NONE', #2256, 0.02755905511811020808 ) ;
#1399 = EDGE_CURVE ( 'NONE', #476, #3370, #3119, .T. ) ;
#1400 = ORIENTED_EDGE ( 'NONE', *, *, #2208, .T. ) ;
#1401 = CARTESIAN_POINT ( 'NONE',  ( 0.3149606299212598381, 0.000000000000000000, 0.000000000000000000 ) ) ;
#1402 = PRESENTATION_LAYER_ASSIGNMENT (  '', '', ( #1706 ) ) ;
#1403 = CARTESIAN_POINT ( 'NONE',  ( 0.1103105317828114440, -0.9768212811462677614, -0.2598046273967279385 ) ) ;
#1404 = VECTOR ( 'NONE', #1376, 39.37007874015748143 ) ;
#1405 = AXIS2_PLACEMENT_3D ( 'NONE', #1478, #2031, #3179 ) ;
#1406 = VERTEX_POINT ( 'NONE', #529 ) ;
#1407 = ORIENTED_EDGE ( 'NONE', *, *, #2936, .T. ) ;
#1408 = LINE ( 'NONE', #2286, #921 ) ;
#1409 = CIRCLE ( 'NONE', #2322, 0.02755905511811023931 ) ;
#1410 = VECTOR ( 'NONE', #793, 39.37007874015748143 ) ;
#1411 = CARTESIAN_POINT ( 'NONE',  ( 0.07908076253709117598, -0.9645669291338583307, 0.2360539303840697156 ) ) ;
#1412 = FACE_OUTER_BOUND ( 'NONE', #906, .T. ) ;
#1413 = AXIS2_PLACEMENT_3D ( 'NONE', #1263, #3269, #650 ) ;
#1414 = CARTESIAN_POINT ( 'NONE',  ( 0.3038787375031059002, -0.9842519685039369248, -0.3297533579769158507 ) ) ;
#1415 = ORIENTED_EDGE ( 'NONE', *, *, #65, .F. ) ;
#1416 = CIRCLE ( 'NONE', #2203, 0.01968503937008003399 ) ;
#1417 = CARTESIAN_POINT ( 'NONE',  ( 0.9251968503937008093, -0.09842519685039376187, -0.1931102362204724088 ) ) ;
#1418 = CARTESIAN_POINT ( 'NONE',  ( 0.9842519685039373689, -0.3858267716535417335, -0.2703689231800523451 ) ) ;
#1419 = ORIENTED_EDGE ( 'NONE', *, *, #1996, .F. ) ;
#1420 = PLANE ( 'NONE',  #1636 ) ;
#1421 = CARTESIAN_POINT ( 'NONE',  ( 0.9645669291338583307, -0.1061023622047244236, 0.2421259842519685179 ) ) ;
#1422 = EDGE_CURVE ( 'NONE', #3142, #3490, #1642, .T. ) ;
#1423 = EDGE_CURVE ( 'NONE', #2173, #145, #3274, .T. ) ;
#1424 = CARTESIAN_POINT ( 'NONE',  ( 0.1132492665691298556, -0.9842519685039370358, 0.2559946910053247371 ) ) ;
#1425 = FACE_OUTER_BOUND ( 'NONE', #2752, .T. ) ;
#1426 = EDGE_CURVE ( 'NONE', #3610, #676, #164, .T. ) ;
#1427 = CARTESIAN_POINT ( 'NONE',  ( 0.1170373376038275764, -0.9699473217449725571, -0.2564412244862192547 ) ) ;
#1428 = ORIENTED_EDGE ( 'NONE', *, *, #1423, .T. ) ;
#1429 = ORIENTED_EDGE ( 'NONE', *, *, #3328, .T. ) ;
#1430 = DIRECTION ( 'NONE',  ( 1.000000000000000000, -0.000000000000000000, -0.000000000000000000 ) ) ;
#1431 = CARTESIAN_POINT ( 'NONE',  ( 0.9842519685039373689, -0.4724409448818909230, 0.3382060075287675049 ) ) ;
#1432 = DIRECTION ( 'NONE',  ( 0.000000000000000000, 0.000000000000000000, -1.000000000000000000 ) ) ;
#1433 = LINE ( 'NONE', #1751, #2543 ) ;
#1434 = VERTEX_POINT ( 'NONE', #1038 ) ;
#1435 = ADVANCED_FACE ( 'NONE', ( #3063 ), #43, .T. ) ;
#1436 = CARTESIAN_POINT ( 'NONE',  ( 0.9842519685039369248, -0.4724409448818898127, -0.3382060075287674494 ) ) ;
#1437 = CARTESIAN_POINT ( 'NONE',  ( 0.000000000000000000, -0.9566929133858268486, 0.3297533579769158507 ) ) ;
#1438 = EDGE_LOOP ( 'NONE', ( #3680, #701, #2491, #1775, #3052, #2057, #1644, #143, #2531, #1407 ) ) ;
#1439 = CARTESIAN_POINT ( 'NONE',  ( 0.1085271413577260091, -0.4055119552828327367, 0.2508383925032675044 ) ) ;
#1440 = EDGE_CURVE ( 'NONE', #2549, #1445, #2311, .T. ) ;
#1441 = CARTESIAN_POINT ( 'NONE',  ( 0.1184508415056023806, -0.9842519685039370358, 0.2559055118110239446 ) ) ;
#1442 = CARTESIAN_POINT ( 'NONE',  ( 0.000000000000000000, 0.000000000000000000, 0.1289606468857543431 ) ) ;
#1443 = CARTESIAN_POINT ( 'NONE',  ( 2.321364219402941184E-49, 0.000000000000000000, 0.3740157480314960647 ) ) ;
#1444 = EDGE_LOOP ( 'NONE', ( #3064, #541, #1566, #1392 ) ) ;
#1445 = VERTEX_POINT ( 'NONE', #2335 ) ;
#1446 = CARTESIAN_POINT ( 'NONE',  ( -7.874015748012051872E-05, -0.2086614173228346636, 0.2007874015748031815 ) ) ;
#1447 = DIRECTION ( 'NONE',  ( 0.000000000000000000, -1.000000000000000000, 0.000000000000000000 ) ) ;
#1448 = DIRECTION ( 'NONE',  ( -0.000000000000000000, 1.000000000000000000, -0.000000000000000000 ) ) ;
#1449 = ORIENTED_EDGE ( 'NONE', *, *, #2353, .T. ) ;
#1450 = CYLINDRICAL_SURFACE ( 'NONE', #2192, 0.007677165354330737178 ) ;
#1451 = CARTESIAN_POINT ( 'NONE',  ( -7.874015748012051872E-05, -0.2086614173228346636, -0.2421259842519685179 ) ) ;
#1452 = VERTEX_POINT ( 'NONE', #303 ) ;
#1453 = CARTESIAN_POINT ( 'NONE',  ( 0.1138873606647611558, -0.09842519685039370636, 0.1931102362204724088 ) ) ;
#1454 = CARTESIAN_POINT ( 'NONE',  ( 0.6496062992125984925, -0.007543180344280740225, -0.1315076113414412884 ) ) ;
#1455 = CARTESIAN_POINT ( 'NONE',  ( 0.9493721060889972474, -0.5583483847858108362, 0.3370563755737350231 ) ) ;
#1456 = LINE ( 'NONE', #3195, #1776 ) ;
#1457 = ORIENTED_EDGE ( 'NONE', *, *, #2702, .T. ) ;
#1458 = VECTOR ( 'NONE', #1430, 39.37007874015748143 ) ;
#1459 = ORIENTED_EDGE ( 'NONE', *, *, #244, .F. ) ;
#1460 = CARTESIAN_POINT ( 'NONE',  ( 0.6496062992125984925, -0.09448818897637792369, 0.1948818897637799863 ) ) ;
#1461 = VECTOR ( 'NONE', #3552, 39.37007874015748143 ) ;
#1462 = CARTESIAN_POINT ( 'NONE',  ( 0.1282121833600354532, -0.4055118110236220486, -0.2508549229714900353 ) ) ;
#1463 = FACE_OUTER_BOUND ( 'NONE', #2224, .T. ) ;
#1464 = ADVANCED_FACE ( 'NONE', ( #1 ), #1739, .T. ) ;
#1465 = DIRECTION ( 'NONE',  ( 0.000000000000000000, 2.988928549108039807E-15, -1.000000000000000000 ) ) ;
#1466 = ORIENTED_EDGE ( 'NONE', *, *, #1371, .F. ) ;
#1467 = CIRCLE ( 'NONE', #3573, 0.02755905511811022543 ) ;
#1468 = VECTOR ( 'NONE', #3620, 39.37007874015748143 ) ;
#1469 = CARTESIAN_POINT ( 'NONE',  ( 0.9660978349995998915, -0.09842519688059471472, -0.2421259842217592384 ) ) ;
#1470 = VECTOR ( 'NONE', #3394, 39.37007874015748143 ) ;
#1471 = FACE_OUTER_BOUND ( 'NONE', #2644, .T. ) ;
#1472 = ORIENTED_EDGE ( 'NONE', *, *, #3011, .T. ) ;
#1473 = VECTOR ( 'NONE', #1615, 39.37007874015748143 ) ;
#1474 = LINE ( 'NONE', #2638, #3303 ) ;
#1475 = VERTEX_POINT ( 'NONE', #1453 ) ;
#1476 = PRODUCT_DEFINITION_FORMATION_WITH_SPECIFIED_SOURCE ( 'ANY', '', #138, .NOT_KNOWN. ) ;
#1477 = DIRECTION ( 'NONE',  ( 0.000000000000000000, 0.008726535498375379701, 0.9999619230641713097 ) ) ;
#1478 = CARTESIAN_POINT ( 'NONE',  ( 0.6496062992125984925, -0.007677165354330725035, 0.2362204724409449064 ) ) ;
#1479 = EDGE_CURVE ( 'NONE', #3295, #1966, #3495, .T. ) ;
#1480 = ORIENTED_EDGE ( 'NONE', *, *, #3720, .T. ) ;
#1481 = ORIENTED_EDGE ( 'NONE', *, *, #1426, .F. ) ;
#1482 = DIRECTION ( 'NONE',  ( 0.000000000000000000, -0.7071067811865433539, -0.7071067811865514585 ) ) ;
#1483 = DIRECTION ( 'NONE',  ( -5.782411586589359611E-16, 1.000000000000000000, 0.000000000000000000 ) ) ;
#1484 = CARTESIAN_POINT ( 'NONE',  ( 0.6496062992125984925, 0.000000000000000000, -0.2362204724409449064 ) ) ;
#1485 = CARTESIAN_POINT ( 'NONE',  ( 0.3038787375031080651, -0.9842519685039370358, 0.2559055118110239446 ) ) ;
#1486 = ORIENTED_EDGE ( 'NONE', *, *, #1926, .T. ) ;
#1487 = DIRECTION ( 'NONE',  ( 1.000000000000000000, 0.000000000000000000, -0.000000000000000000 ) ) ;
#1488 = CARTESIAN_POINT ( 'NONE',  ( 0.9808210111236390638, -0.09042509422945421704, -0.2501260868729101583 ) ) ;
#1489 = CARTESIAN_POINT ( 'NONE',  ( 0.08698043385811017603, -0.9839040081653831482, -0.2714582391614574486 ) ) ;
#1490 = ORIENTED_EDGE ( 'NONE', *, *, #2601, .F. ) ;
#1491 = ORIENTED_EDGE ( 'NONE', *, *, #2484, .T. ) ;
#1492 = DIRECTION ( 'NONE',  ( -5.782191410074442173E-16, 0.9999619230641713097, -0.008726535498373955493 ) ) ;
#1493 = CARTESIAN_POINT ( 'NONE',  ( 0.1155701697103799913, -0.002017131194935594708, 0.1289430436484995113 ) ) ;
#1494 = CARTESIAN_POINT ( 'NONE',  ( 0.9836348797196963201, -0.01395223231430024920, 0.3529911810491385138 ) ) ;
#1495 = VERTEX_POINT ( 'NONE', #2004 ) ;
#1496 = ORIENTED_EDGE ( 'NONE', *, *, #1621, .F. ) ;
#1497 = CARTESIAN_POINT ( 'NONE',  ( 0.3279937108462677164, -0.9842519685039369248, -0.3297533579769158507 ) ) ;
#1498 = CARTESIAN_POINT ( 'NONE',  ( 0.6496062992125984925, -0.09842519685039373412, -6.112638960486305192E-17 ) ) ;
#1499 = CARTESIAN_POINT ( 'NONE',  ( 0.9180797560475343344, -0.5470971018256222118, -0.3644661325970920962 ) ) ;
#1500 = CARTESIAN_POINT ( 'NONE',  ( 0.3038787375031080096, -0.9842519685039370358, 0.2754195120195865876 ) ) ;
#1501 = VERTEX_POINT ( 'NONE', #1756 ) ;
#1502 = DIRECTION ( 'NONE',  ( 0.000000000000000000, 0.000000000000000000, 1.000000000000000000 ) ) ;
#1503 = DIRECTION ( 'NONE',  ( -1.000000000000000000, 0.000000000000000000, 0.000000000000000000 ) ) ;
#1504 = DIRECTION ( 'NONE',  ( 0.000000000000000000, 0.9999619230641711987, -0.008726535498375093472 ) ) ;
#1505 = VERTEX_POINT ( 'NONE', #890 ) ;
#1506 = ADVANCED_FACE ( 'NONE', ( #2901 ), #987, .T. ) ;
#1507 = CARTESIAN_POINT ( 'NONE',  ( 0.1137533552450366303, -0.1061023622047244375, 0.2007874015748031260 ) ) ;
#1508 = CARTESIAN_POINT ( 'NONE',  ( 0.9491345421766892443, -0.5585679113050910916, 0.3642659088728865679 ) ) ;
#1509 = EDGE_CURVE ( 'NONE', #3610, #3391, #284, .T. ) ;
#1510 = CARTESIAN_POINT ( 'NONE',  ( 0.1156053788663563009, 0.000000000000000000, 0.3740157480314960647 ) ) ;
#1511 = ORIENTED_EDGE ( 'NONE', *, *, #3290, .F. ) ;
#1512 = ORIENTED_EDGE ( 'NONE', *, *, #1575, .T. ) ;
#1513 = CARTESIAN_POINT ( 'NONE',  ( 1.205321214392102562E-16, -0.9842519685039370358, -0.3297533579769158507 ) ) ;
#1514 = DIRECTION ( 'NONE',  ( -1.000000000000000000, -0.000000000000000000, -0.000000000000000000 ) ) ;
#1515 = DIRECTION ( 'NONE',  ( 0.000000000000000000, 0.000000000000000000, 1.000000000000000000 ) ) ;
#1516 = EDGE_LOOP ( 'NONE', ( #2925, #221, #2429, #1176 ) ) ;
#1517 = LINE ( 'NONE', #3507, #494 ) ;
#1518 = VERTEX_POINT ( 'NONE', #1421 ) ;
#1519 = AXIS2_PLACEMENT_3D ( 'NONE', #460, #422, #696 ) ;
#1520 = CARTESIAN_POINT ( 'NONE',  ( 0.4527559055118110520, -0.3070866141732283561, 0.1692913385826703143 ) ) ;
#1521 = CARTESIAN_POINT ( 'NONE',  ( 0.09645474231838213619, -0.9822418227943772173, -0.2667312653331079808 ) ) ;
#1522 = AXIS2_PLACEMENT_3D ( 'NONE', #2952, #945, #619 ) ;
#1523 = VECTOR ( 'NONE', #1324, 39.37007874015748143 ) ;
#1524 = ORIENTED_EDGE ( 'NONE', *, *, #2468, .T. ) ;
#1525 = CIRCLE ( 'NONE', #1285, 0.07874015748031451545 ) ;
#1526 = AXIS2_PLACEMENT_3D ( 'NONE', #2972, #3588, #379 ) ;
#1527 = DIRECTION ( 'NONE',  ( 5.782191410074442173E-16, -0.9999619230641711987, 0.008726535498373955493 ) ) ;
#1528 = AXIS2_PLACEMENT_3D ( 'NONE', #1437, #3425, #3662 ) ;
#1529 = CARTESIAN_POINT ( 'NONE',  ( 0.8622047244094488416, -0.4055118110236214379, 0.05118110236220443920 ) ) ;
#1530 = EDGE_CURVE ( 'NONE', #1602, #423, #1474, .T. ) ;
#1531 = EDGE_CURVE ( 'NONE', #623, #3397, #624, .T. ) ;
#1532 = CARTESIAN_POINT ( 'NONE',  ( 0.9791220168615614172, -0.005978713123122048230, 0.3628547499233397144 ) ) ;
#1533 = ORIENTED_EDGE ( 'NONE', *, *, #291, .T. ) ;
#1534 = EDGE_CURVE ( 'NONE', #809, #715, #2028, .T. ) ;
#1535 = CARTESIAN_POINT ( 'NONE',  ( 0.9328740157480315265, -0.09842519685039370636, 0.2344488188976377729 ) ) ;
#1536 = LINE ( 'NONE', #2982, #1647 ) ;
#1537 = DIRECTION ( 'NONE',  ( 3.052494025171815525E-17, -8.500490268342519415E-35, -1.000000000000000000 ) ) ;
#1538 = EDGE_LOOP ( 'NONE', ( #2550, #2610, #1369, #1030 ) ) ;
#1539 = CARTESIAN_POINT ( 'NONE',  ( 0.9841750919043839030, -0.4917988356569872876, -0.3654313674235178944 ) ) ;
#1540 = CARTESIAN_POINT ( 'NONE',  ( -1.658650296593337840E-33, 9.959862476900959651E-18, 0.1289606468857543153 ) ) ;
#1541 = CARTESIAN_POINT ( 'NONE',  ( 0.1010196322599805074, -1.128340186177984705, 0.2768487395814726026 ) ) ;
#1542 = AXIS2_PLACEMENT_3D ( 'NONE', #2288, #2555, #220 ) ;
#1543 = ORIENTED_EDGE ( 'NONE', *, *, #1922, .F. ) ;
#1544 = CARTESIAN_POINT ( 'NONE',  ( 0.9715092233196807037, -0.5266349214315257932, -0.2715125336699014680 ) ) ;
#1545 = EDGE_CURVE ( 'NONE', #243, #121, #1719, .T. ) ;
#1546 = DIRECTION ( 'NONE',  ( -0.000000000000000000, 1.000000000000000000, -0.000000000000000000 ) ) ;
#1547 = DIRECTION ( 'NONE',  ( 0.000000000000000000, 0.000000000000000000, -1.000000000000000000 ) ) ;
#1548 =( BOUNDED_CURVE ( )  B_SPLINE_CURVE ( 3, ( #2324, #3184, #857, #2909 ),
 .UNSPECIFIED., .F., .F. ) 
 B_SPLINE_CURVE_WITH_KNOTS ( ( 4, 4 ),
 ( 4.072669282415972702, 4.712388980384689674 ),
 .UNSPECIFIED. ) 
 CURVE ( )  GEOMETRIC_REPRESENTATION_ITEM ( )  RATIONAL_B_SPLINE_CURVE ( ( 1.000000000000000000, 0.9661863303884445919, 0.9661863303884445919, 1.000000000000000000 ) ) 
 REPRESENTATION_ITEM ( '' )  );
#1549 = DIRECTION ( 'NONE',  ( 0.000000000000000000, -0.000000000000000000, -1.000000000000000000 ) ) ;
#1550 = EDGE_CURVE ( 'NONE', #1889, #1501, #3208, .T. ) ;
#1551 = ORIENTED_EDGE ( 'NONE', *, *, #565, .F. ) ;
#1552 = CYLINDRICAL_SURFACE ( 'NONE', #856, 0.02755905511811022543 ) ;
#1553 = CARTESIAN_POINT ( 'NONE',  ( 0.09842519685039410882, -0.3070866141732283561, -0.2421259842519685179 ) ) ;
#1554 = DIRECTION ( 'NONE',  ( 1.000000000000000000, 0.000000000000000000, 0.000000000000000000 ) ) ;
#1555 = ORIENTED_EDGE ( 'NONE', *, *, #1622, .T. ) ;
#1556 = DIRECTION ( 'NONE',  ( 0.000000000000000000, -0.9998476951563912696, -0.01745240643728080548 ) ) ;
#1557 = EDGE_CURVE ( 'NONE', #121, #484, #590, .T. ) ;
#1558 = ORIENTED_EDGE ( 'NONE', *, *, #103, .T. ) ;
#1559 = DIRECTION ( 'NONE',  ( 0.000000000000000000, 0.000000000000000000, -1.000000000000000000 ) ) ;
#1560 = DIRECTION ( 'NONE',  ( -0.9998476951563911586, 0.01745240643728079161, 0.000000000000000000 ) ) ;
#1561 = VERTEX_POINT ( 'NONE', #483 ) ;
#1562 = ORIENTED_EDGE ( 'NONE', *, *, #1119, .T. ) ;
#1563 = CARTESIAN_POINT ( 'NONE',  ( 0.9251968503937008093, -0.1061023622047244791, -0.2421259842519685179 ) ) ;
#1564 = DIRECTION ( 'NONE',  ( -1.000000000000000000, -0.000000000000000000, -0.000000000000000000 ) ) ;
#1565 = DIRECTION ( 'NONE',  ( -1.000000000000000000, 4.179535469590359902E-32, -1.980938354118710248E-47 ) ) ;
#1566 = ORIENTED_EDGE ( 'NONE', *, *, #3711, .T. ) ;
#1567 = FILL_AREA_STYLE ('',( #1856 ) ) ;
#1568 =( BOUNDED_SURFACE ( )  B_SPLINE_SURFACE ( 3, 2, ( 
 ( #345, #2091, #2355 ),
 ( #1455, #1508, #1173 ),
 ( #1727, #2007, #2886 ),
 ( #1759, #2337, #892 ),
 ( #3193, #606, #2371 ),
 ( #2920, #287, #3232 ) ),
 .UNSPECIFIED., .F., .F., .F. ) 
 B_SPLINE_SURFACE_WITH_KNOTS ( ( 4, 2, 4 ),
 ( 3, 3 ),
 ( 3.752457891787809086, 4.232423436086249602, 4.712388980384689674 ),
 ( 0.000000000000000000, 1.000000000000000000 ),
 .UNSPECIFIED. ) 
 GEOMETRIC_REPRESENTATION_ITEM ( )  RATIONAL_B_SPLINE_SURFACE ( (
 ( 1.000000000000000000, 0.7121433052451111578, 1.000000000000000000),
 ( 1.000000000000000000, 0.7115822174232530051, 1.000000000000000000),
 ( 1.000000000000000000, 0.7108223560134420138, 1.000000000000000000),
 ( 1.000000000000000000, 0.7090780802637138835, 1.000000000000000000),
 ( 1.000000000000000000, 0.7080944144359526682, 1.000000000000000000),
 ( 1.000000000000000000, 0.7071067811865475727, 1.000000000000000000) ) ) 
 REPRESENTATION_ITEM ( '' )  SURFACE ( )  );
#1569 = CARTESIAN_POINT ( 'NONE',  ( 0.9660978349996005576, -0.09842519688059692129, 0.2421259842217637903 ) ) ;
#1570 = CARTESIAN_POINT ( 'NONE',  ( 0.1119590567921127239, -0.2088976517268467947, -0.2421259842519685179 ) ) ;
#1571 = VERTEX_POINT ( 'NONE', #257 ) ;
#1572 = FACE_OUTER_BOUND ( 'NONE', #1049, .T. ) ;
#1573 = EDGE_CURVE ( 'NONE', #1894, #2516, #2657, .T. ) ;
#1574 = ADVANCED_FACE ( 'NONE', ( #3147 ), #2574, .T. ) ;
#1575 = EDGE_CURVE ( 'NONE', #1501, #427, #1086, .T. ) ;
#1576 = CARTESIAN_POINT ( 'NONE',  ( 0.1085271438757798856, -0.4055118110236219930, 0.2311721321537319462 ) ) ;
#1577 = CARTESIAN_POINT ( 'NONE',  ( 0.9842519685039370358, -0.01968503937007873988, -0.3539841064375566226 ) ) ;
#1578 = VERTEX_POINT ( 'NONE', #2246 ) ;
#1579 = AXIS2_PLACEMENT_3D ( 'NONE', #1617, #1338, #3644 ) ;
#1580 = ADVANCED_FACE ( 'NONE', ( #772 ), #236, .T. ) ;
#1581 = DIRECTION ( 'NONE',  ( -0.000000000000000000, -1.275531967630009929E-16, -1.000000000000000000 ) ) ;
#1582 = VECTOR ( 'NONE', #1736, 39.37007874015748143 ) ;
#1583 = VECTOR ( 'NONE', #629, 39.37007874015748854 ) ;
#1584 = VERTEX_POINT ( 'NONE', #1414 ) ;
#1585 = CARTESIAN_POINT ( 'NONE',  ( 0.6496062992125984925, -0.007677165354330725035, 0.1872047244094492691 ) ) ;
#1586 = VECTOR ( 'NONE', #2106, 39.37007874015748143 ) ;
#1587 = DIRECTION ( 'NONE',  ( -2.829849092041782046E-17, 1.275531967630009929E-16, 1.000000000000000000 ) ) ;
#1588 = VECTOR ( 'NONE', #2417, 39.37007874015748854 ) ;
#1589 = ORIENTED_EDGE ( 'NONE', *, *, #2064, .F. ) ;
#1590 = FACE_OUTER_BOUND ( 'NONE', #2378, .T. ) ;
#1591 = VECTOR ( 'NONE', #998, 39.37007874015748143 ) ;
#1592 = EDGE_CURVE ( 'NONE', #1232, #61, #1125, .T. ) ;
#1593 = CARTESIAN_POINT ( 'NONE',  ( 0.9645669291338583307, -0.1061023622047244236, 0.2421259842519685179 ) ) ;
#1594 = LINE ( 'NONE', #3331, #2074 ) ;
#1595 = VERTEX_POINT ( 'NONE', #3396 ) ;
#1596 = FACE_OUTER_BOUND ( 'NONE', #2445, .T. ) ;
#1597 = VERTEX_POINT ( 'NONE', #2521 ) ;
#1598 = DIRECTION ( 'NONE',  ( 0.000000000000000000, -0.7071067811865487940, 0.7071067811865463515 ) ) ;
#1599 = DIRECTION ( 'NONE',  ( 0.000000000000000000, 0.000000000000000000, -1.000000000000000000 ) ) ;
#1600 = ORIENTED_EDGE ( 'NONE', *, *, #1824, .T. ) ;
#1601 = DIRECTION ( 'NONE',  ( -3.052494025171815525E-17, -3.738103578230257307E-33, 1.000000000000000000 ) ) ;
#1602 = VERTEX_POINT ( 'NONE', #1632 ) ;
#1603 = CARTESIAN_POINT ( 'NONE',  ( 0.9494369740571482197, -0.5344437500986123357, 0.2519800949578039906 ) ) ;
#1604 = FACE_OUTER_BOUND ( 'NONE', #3108, .T. ) ;
#1605 = LENGTH_MEASURE_WITH_UNIT ( LENGTH_MEASURE( 0.02539999999999999897 ), #971 );
#1606 = CARTESIAN_POINT ( 'NONE',  ( 1.171572220389127452E-16, -0.9566929133858268486, 0.3297533579769158507 ) ) ;
#1607 = EDGE_LOOP ( 'NONE', ( #1608, #329, #943, #1802 ) ) ;
#1608 = ORIENTED_EDGE ( 'NONE', *, *, #1141, .F. ) ;
#1609 = DIRECTION ( 'NONE',  ( -1.224606353822379970E-16, 1.000000000000000000, -7.981603366224849845E-14 ) ) ;
#1610 = AXIS2_PLACEMENT_3D ( 'NONE', #808, #3091, #3674 ) ;
#1611 = DIRECTION ( 'NONE',  ( 0.000000000000000000, -0.01745240643727998323, 0.9998476951563912696 ) ) ;
#1612 = CARTESIAN_POINT ( 'NONE',  ( 0.9760981582210022101, -0.1061023622047243542, -0.2421259842519685734 ) ) ;
#1613 = ORIENTED_EDGE ( 'NONE', *, *, #679, .T. ) ;
#1614 = FACE_OUTER_BOUND ( 'NONE', #1305, .T. ) ;
#1615 = DIRECTION ( 'NONE',  ( -8.269688214221259201E-17, -2.988928549108039807E-15, 1.000000000000000000 ) ) ;
#1616 = VERTEX_POINT ( 'NONE', #3658 ) ;
#1617 = CARTESIAN_POINT ( 'NONE',  ( -7.874015748012051872E-05, -0.09842519685039376187, -0.2007874015748031260 ) ) ;
#1618 = DIRECTION ( 'NONE',  ( 1.000000000000000000, 0.000000000000000000, 0.000000000000000000 ) ) ;
#1619 = ADVANCED_FACE ( 'NONE', ( #3718 ), #1961, .T. ) ;
#1620 = EDGE_CURVE ( 'NONE', #1242, #2376, #1675, .T. ) ;
#1621 = EDGE_CURVE ( 'NONE', #1452, #1286, #3358, .T. ) ;
#1622 = EDGE_CURVE ( 'NONE', #1752, #789, #454, .T. ) ;
#1623 = EDGE_LOOP ( 'NONE', ( #2298, #1558, #2688, #767 ) ) ;
#1624 = CARTESIAN_POINT ( 'NONE',  ( 0.09865458491237319438, -0.9647090898684883564, -0.2475684803417949609 ) ) ;
#1625 = CYLINDRICAL_SURFACE ( 'NONE', #2931, 0.01968503937007875723 ) ;
#1626 = ORIENTED_EDGE ( 'NONE', *, *, #1300, .F. ) ;
#1627 = ORIENTED_EDGE ( 'NONE', *, *, #362, .T. ) ;
#1628 = CARTESIAN_POINT ( 'NONE',  ( 0.1017775201786982747, -0.7921974936514154519, -0.1220472440944853493 ) ) ;
#1629 = ORIENTED_EDGE ( 'NONE', *, *, #1901, .T. ) ;
#1630 = CARTESIAN_POINT ( 'NONE',  ( 0.1000744943239248591, -0.8897637795275592509, 0.02362579497399610109 ) ) ;
#1631 = CARTESIAN_POINT ( 'NONE',  ( 0.4527559055118110520, -0.2874015748031530926, 0.1496062992125951896 ) ) ;
#1632 = CARTESIAN_POINT ( 'NONE',  ( 0.1000744943239248591, -0.8897637795275592509, -0.02362579497399607334 ) ) ;
#1633 = ORIENTED_EDGE ( 'NONE', *, *, #2487, .F. ) ;
#1634 = CARTESIAN_POINT ( 'NONE',  ( 0.9566929133858268486, 0.0004809718309486448666, -0.3464608902909656063 ) ) ;
#1635 = DIRECTION ( 'NONE',  ( -1.362669109635907832E-15, -7.981603366224849845E-14, -1.000000000000000000 ) ) ;
#1636 = AXIS2_PLACEMENT_3D ( 'NONE', #2058, #3427, #3257 ) ;
#1637 = EDGE_LOOP ( 'NONE', ( #3131, #2472, #666, #2299 ) ) ;
#1638 = DIRECTION ( 'NONE',  ( 0.000000000000000000, 0.000000000000000000, 1.000000000000000000 ) ) ;
#1639 = CARTESIAN_POINT ( 'NONE',  ( 0.9842519685039370358, -0.9566929133858268486, -0.3297533579769158507 ) ) ;
#1640 = CIRCLE ( 'NONE', #800, 0.09842519685039365085 ) ;
#1641 = VECTOR ( 'NONE', #2161, 39.37007874015748143 ) ;
#1642 = CIRCLE ( 'NONE', #1164, 0.07874015748031451545 ) ;
#1643 = EDGE_CURVE ( 'NONE', #302, #2173, #1717, .T. ) ;
#1644 = ORIENTED_EDGE ( 'NONE', *, *, #726, .F. ) ;
#1645 = CARTESIAN_POINT ( 'NONE',  ( 0.1186353371627346248, -0.9647995796526810386, -0.2557348790323354382 ) ) ;
#1646 = EDGE_CURVE ( 'NONE', #1352, #1595, #1917, .T. ) ;
#1647 = VECTOR ( 'NONE', #1514, 39.37007874015748143 ) ;
#1648 = AXIS2_PLACEMENT_3D ( 'NONE', #1225, #932, #3533 ) ;
#1649 = DIRECTION ( 'NONE',  ( 0.000000000000000000, 0.000000000000000000, -1.000000000000000000 ) ) ;
#1650 = ORIENTED_EDGE ( 'NONE', *, *, #2379, .F. ) ;
#1651 = ORIENTED_EDGE ( 'NONE', *, *, #2024, .F. ) ;
#1652 = VECTOR ( 'NONE', #1325, 39.37007874015748143 ) ;
#1653 = CARTESIAN_POINT ( 'NONE',  ( 0.9493721060889953600, -0.5583483847858112803, -0.3370563755737346900 ) ) ;
#1654 = CARTESIAN_POINT ( 'NONE',  ( 0.9566929133858271816, -0.4729219167128384527, -0.3657608652692980744 ) ) ;
#1655 = CIRCLE ( 'NONE', #32, 0.04901574803149563730 ) ;
#1656 = CARTESIAN_POINT ( 'NONE',  ( 0.6496062992125984925, -0.007677165354330725035, -0.1872047244094492691 ) ) ;
#1657 = CARTESIAN_POINT ( 'NONE',  ( 0.000000000000000000, 0.000000000000000000, 0.3740157480314960647 ) ) ;
#1658 = ORIENTED_EDGE ( 'NONE', *, *, #2607, .T. ) ;
#1659 = CYLINDRICAL_SURFACE ( 'NONE', #2255, 0.02755905511811022543 ) ;
#1660 = CARTESIAN_POINT ( 'NONE',  ( 0.3149606299212598381, -0.4055118110236220486, 0.2508549229714903683 ) ) ;
#1661 = ORIENTED_EDGE ( 'NONE', *, *, #2863, .T. ) ;
#1662 = DIRECTION ( 'NONE',  ( 0.000000000000000000, 0.000000000000000000, 1.000000000000000000 ) ) ;
#1663 = CARTESIAN_POINT ( 'NONE',  ( 0.3464566929133858775, -0.007677165354330725035, 0.1391836074263033407 ) ) ;
#1664 = EDGE_CURVE ( 'NONE', #3391, #1035, #505, .T. ) ;
#1665 = CARTESIAN_POINT ( 'NONE',  ( 0.000000000000000000, 0.000000000000000000, -0.1289606468857543153 ) ) ;
#1666 = DIRECTION ( 'NONE',  ( -0.000000000000000000, 1.275531967630009929E-16, 1.000000000000000000 ) ) ;
#1667 = ADVANCED_FACE ( 'NONE', ( #3694, #3130, #788, #1937 ), #1374, .F. ) ;
#1668 = CARTESIAN_POINT ( 'NONE',  ( 0.3603331111597071756, -0.9469387156878610323, 0.2555798839868549943 ) ) ;
#1669 = ORIENTED_EDGE ( 'NONE', *, *, #338, .F. ) ;
#1670 = ORIENTED_EDGE ( 'NONE', *, *, #1187, .T. ) ;
#1671 = CARTESIAN_POINT ( 'NONE',  ( 0.7874015748031496509, -0.3070866141732283561, 0.1315459132130179509 ) ) ;
#1672 = ADVANCED_FACE ( 'NONE', ( #1106 ), #2092, .T. ) ;
#1673 = CARTESIAN_POINT ( 'NONE',  ( 0.9645669291338584417, -0.1061023622047244791, -0.2421259842519685179 ) ) ;
#1674 = DIRECTION ( 'NONE',  ( 0.01234165475093927135, 0.7070529271412482331, -0.7070529271412441252 ) ) ;
#1675 = LINE ( 'NONE', #3440, #2159 ) ;
#1676 = ORIENTED_EDGE ( 'NONE', *, *, #1945, .T. ) ;
#1677 = EDGE_CURVE ( 'NONE', #2823, #623, #166, .T. ) ;
#1678 = DIRECTION ( 'NONE',  ( 0.000000000000000000, -0.008726535498373969371, 0.9999619230641713097 ) ) ;
#1679 = CYLINDRICAL_SURFACE ( 'NONE', #1528, 0.02755905511811020808 ) ;
#1680 = ORIENTED_EDGE ( 'NONE', *, *, #1044, .T. ) ;
#1681 = CARTESIAN_POINT ( 'NONE',  ( 0.7834645669291343539, -0.3070866141732283561, -0.1299212598425197873 ) ) ;
#1682 = DIRECTION ( 'NONE',  ( -1.000000000000000000, -1.224606353822379970E-16, 0.000000000000000000 ) ) ;
#1683 = VERTEX_POINT ( 'NONE', #1734 ) ;
#1684 = DIRECTION ( 'NONE',  ( -3.052494025171815525E-17, -0.000000000000000000, 1.000000000000000000 ) ) ;
#1685 = VECTOR ( 'NONE', #3379, 39.37007874015748143 ) ;
#1686 = CARTESIAN_POINT ( 'NONE',  ( 0.07908076253709291070, -0.9842519685039370358, -0.2754195120195862545 ) ) ;
#1687 = ORIENTED_EDGE ( 'NONE', *, *, #1975, .T. ) ;
#1688 = ORIENTED_EDGE ( 'NONE', *, *, #1979, .T. ) ;
#1689 = CARTESIAN_POINT ( 'NONE',  ( 0.1043671971696123191, -0.9797378876272173631, -0.2627762470541774031 ) ) ;
#1690 = LINE ( 'NONE', #770, #262 ) ;
#1691 = FACE_OUTER_BOUND ( 'NONE', #2474, .T. ) ;
#1692 = CARTESIAN_POINT ( 'NONE',  ( 0.3603331111597071201, -0.9469387156878610323, 0.2555798839868549388 ) ) ;
#1693 = ORIENTED_EDGE ( 'NONE', *, *, #54, .F. ) ;
#1694 = EDGE_CURVE ( 'NONE', #1028, #3618, #2895, .T. ) ;
#1695 = EDGE_CURVE ( 'NONE', #1683, #1825, #1433, .T. ) ;
#1696 =( BOUNDED_CURVE ( )  B_SPLINE_CURVE ( 3, ( #1418, #2558, #224, #3403 ),
 .UNSPECIFIED., .F., .F. ) 
 B_SPLINE_CURVE_WITH_KNOTS ( ( 4, 4 ),
 ( 4.712388980384694115, 6.283185307179586232 ),
 .UNSPECIFIED. ) 
 CURVE ( )  GEOMETRIC_REPRESENTATION_ITEM ( )  RATIONAL_B_SPLINE_CURVE ( ( 1.000000000000000000, 0.8047378541243661587, 0.8047378541243661587, 1.000000000000000000 ) ) 
 REPRESENTATION_ITEM ( '' )  );
#1697 = ADVANCED_FACE ( 'NONE', ( #2669 ), #2056, .T. ) ;
#1698 = DIRECTION ( 'NONE',  ( 0.000000000000000000, -0.01745240643728080548, -0.9998476951563912696 ) ) ;
#1699 = CARTESIAN_POINT ( 'NONE',  ( 0.9251968503937008093, -0.2086614173228346636, -0.2007874015748030982 ) ) ;
#1700 = ORIENTED_EDGE ( 'NONE', *, *, #2374, .F. ) ;
#1701 = ADVANCED_FACE ( 'NONE', ( #1215 ), #859, .F. ) ;
#1702 = CARTESIAN_POINT ( 'NONE',  ( 0.7834645669291343539, -0.3070866141732283561, -0.05118110236220525799 ) ) ;
#1703 = DIRECTION ( 'NONE',  ( 0.000000000000000000, 7.981603366224849845E-14, 1.000000000000000000 ) ) ;
#1704 = LINE ( 'NONE', #1454, #1347 ) ;
#1705 = LINE ( 'NONE', #1345, #1279 ) ;
#1706 = STYLED_ITEM ( 'NONE', ( #3556 ), #878 ) ;
#1707 = CARTESIAN_POINT ( 'NONE',  ( 0.08889287732388151397, -0.9818213827244213210, -0.2557952824460114627 ) ) ;
#1708 = AXIS2_PLACEMENT_3D ( 'NONE', #2641, #47, #1192 ) ;
#1709 = ORIENTED_EDGE ( 'NONE', *, *, #530, .F. ) ;
#1710 = ORIENTED_EDGE ( 'NONE', *, *, #1148, .T. ) ;
#1711 = CARTESIAN_POINT ( 'NONE',  ( 0.1113376823488206879, -0.9758855688793888206, -0.2592890349121056981 ) ) ;
#1712 = ADVANCED_FACE ( 'NONE', ( #3454 ), #2648, .T. ) ;
#1713 = AXIS2_PLACEMENT_3D ( 'NONE', #2708, #2122, #1598 ) ;
#1714 = VECTOR ( 'NONE', #3368, 39.37007874015748143 ) ;
#1715 = DIRECTION ( 'NONE',  ( -0.000000000000000000, 1.000000000000000000, -0.000000000000000000 ) ) ;
#1716 = AXIS2_PLACEMENT_3D ( 'NONE', #230, #2265, #153 ) ;
#1717 = LINE ( 'NONE', #2838, #3653 ) ;
#1718 = ORIENTED_EDGE ( 'NONE', *, *, #2487, .T. ) ;
#1719 = B_SPLINE_CURVE_WITH_KNOTS ( 'NONE', 3,
 ( #3177, #3156, #2352, #905, #2062, #2580 ),
 .UNSPECIFIED., .F., .F.,
 ( 4, 2, 4 ),
 ( -5.291985230442448828E-06, 0.0003382999199682410396, 0.0006818918251669245974 ),
 .UNSPECIFIED. ) ;
#1720 = CARTESIAN_POINT ( 'NONE',  ( 0.9766643059304475072, -0.1006208047507470421, -0.2460695507656227299 ) ) ;
#1721 = CARTESIAN_POINT ( 'NONE',  ( 0.09876280378032727125, -0.9649104804416770431, -0.2360554295331137309 ) ) ;
#1722 = ADVANCED_FACE ( 'NONE', ( #615 ), #298, .F. ) ;
#1723 = ORIENTED_EDGE ( 'NONE', *, *, #2373, .F. ) ;
#1724 =( BOUNDED_CURVE ( )  B_SPLINE_CURVE ( 3, ( #3141, #834, #2357, #1174 ),
 .UNSPECIFIED., .F., .F. ) 
 B_SPLINE_CURVE_WITH_KNOTS ( ( 4, 4 ),
 ( 2.034489625915244737, 3.605133653665245408 ),
 .UNSPECIFIED. ) 
 CURVE ( )  GEOMETRIC_REPRESENTATION_ITEM ( )  RATIONAL_B_SPLINE_CURVE ( ( 1.000000000000000000, 0.8047737499866898236, 0.8047737499866898236, 1.000000000000000000 ) ) 
 REPRESENTATION_ITEM ( '' )  );
#1725 = CARTESIAN_POINT ( 'NONE',  ( 0.9702423147823022731, -0.008651700886548480476, -0.3705685724321615138 ) ) ;
#1726 = CARTESIAN_POINT ( 'NONE',  ( 0.08332358700897865567, -0.9842519685039370358, 0.2566027552988059401 ) ) ;
#1727 = CARTESIAN_POINT ( 'NONE',  ( 0.9621814599226369280, -0.5437393883322956256, 0.3372518763263239738 ) ) ;
#1728 = DIRECTION ( 'NONE',  ( 0.000000000000000000, 0.000000000000000000, 1.000000000000000000 ) ) ;
#1729 = ORIENTED_EDGE ( 'NONE', *, *, #1300, .T. ) ;
#1730 = ORIENTED_EDGE ( 'NONE', *, *, #811, .T. ) ;
#1731 = CARTESIAN_POINT ( 'NONE',  ( 0.3038787375031059002, -0.9842519685039369248, -0.2754195120195862545 ) ) ;
#1732 = CARTESIAN_POINT ( 'NONE',  ( 0.9842519685039370358, -0.09027138656745881118, -0.2457826151909173473 ) ) ;
#1733 = CARTESIAN_POINT ( 'NONE',  ( 0.9566929133858271816, -0.4729219167128396184, 0.3657608652692979634 ) ) ;
#1734 = CARTESIAN_POINT ( 'NONE',  ( 0.6496062992125984925, -0.09842519685039376187, -0.1299212598425201204 ) ) ;
#1735 = ORIENTED_EDGE ( 'NONE', *, *, #1071, .F. ) ;
#1736 = DIRECTION ( 'NONE',  ( -3.052494025171815525E-17, 0.000000000000000000, 1.000000000000000000 ) ) ;
#1737 = CARTESIAN_POINT ( 'NONE',  ( 0.3603331111597054548, -0.9469387156878624756, -0.2555798839868547168 ) ) ;
#1738 = ORIENTED_EDGE ( 'NONE', *, *, #2770, .F. ) ;
#1739 = PLANE ( 'NONE',  #2805 ) ;
#1740 = CARTESIAN_POINT ( 'NONE',  ( 0.3518701580724570843, -0.9767237528819799897, -0.2753647639009098036 ) ) ;
#1741 = ADVANCED_FACE ( 'NONE', ( #2363 ), #2102, .F. ) ;
#1742 = CARTESIAN_POINT ( 'NONE',  ( 0.7874015748031496509, -0.3070866141732283561, 0.05118110236220473064 ) ) ;
#1743 = EDGE_CURVE ( 'NONE', #1584, #2319, #2618, .T. ) ;
#1744 = EDGE_CURVE ( 'NONE', #1222, #919, #3400, .T. ) ;
#1745 = CARTESIAN_POINT ( 'NONE',  ( 0.09876280378032913088, -0.9649104804416771541, -0.2360554295331137864 ) ) ;
#1746 = ORIENTED_EDGE ( 'NONE', *, *, #1148, .F. ) ;
#1747 = ORIENTED_EDGE ( 'NONE', *, *, #1921, .F. ) ;
#1748 = DIRECTION ( 'NONE',  ( 0.000000000000000000, -1.000000000000000000, 0.000000000000000000 ) ) ;
#1749 = CARTESIAN_POINT ( 'NONE',  ( 0.9760981582210020990, -0.09842519685039376187, -0.2344488188976377452 ) ) ;
#1750 = CARTESIAN_POINT ( 'NONE',  ( 0.6496062992125984925, -0.007677165354330725035, -0.2362204724409449064 ) ) ;
#1751 = CARTESIAN_POINT ( 'NONE',  ( 0.6496062992125984925, -0.09842519685039373412, -0.1299212598425200371 ) ) ;
#1752 = VERTEX_POINT ( 'NONE', #2345 ) ;
#1753 = CARTESIAN_POINT ( 'NONE',  ( 0.9837396194358907220, -0.08590215729433239855, -0.2566585057702365225 ) ) ;
#1754 = CARTESIAN_POINT ( 'NONE',  ( 0.9645669291338583307, -0.09842519685039377575, -0.2344488188976377729 ) ) ;
#1755 = ORIENTED_EDGE ( 'NONE', *, *, #222, .T. ) ;
#1756 = CARTESIAN_POINT ( 'NONE',  ( 0.7874015748031496509, -0.4055118110236217155, 0.1298227730529059043 ) ) ;
#1757 = EDGE_CURVE ( 'NONE', #3074, #1035, #640, .T. ) ;
#1758 = CARTESIAN_POINT ( 'NONE',  ( 0.1184508415056023806, -0.9647387113287082538, 0.2557352221954887761 ) ) ;
#1759 = CARTESIAN_POINT ( 'NONE',  ( 0.9796321227178881319, -0.5102169769988174064, 0.3377004804905480162 ) ) ;
#1760 = CARTESIAN_POINT ( 'NONE',  ( 0.3464566929133858775, -0.007543180344280740225, 0.1315076113414411219 ) ) ;
#1761 = EDGE_LOOP ( 'NONE', ( #1729, #1129, #1334, #1064 ) ) ;
#1762 = CIRCLE ( 'NONE', #2377, 0.09842519685039365085 ) ;
#1763 = ORIENTED_EDGE ( 'NONE', *, *, #2187, .F. ) ;
#1764 = CARTESIAN_POINT ( 'NONE',  ( 0.3714011882054244484, -0.9630479783538749006, 0.3572056830403439465 ) ) ;
#1765 = DIRECTION ( 'NONE',  ( 1.000000000000000000, 0.000000000000000000, 0.000000000000000000 ) ) ;
#1766 = DIRECTION ( 'NONE',  ( 0.000000000000000000, -1.000000000000000000, 0.000000000000000000 ) ) ;
#1767 = DIRECTION ( 'NONE',  ( 0.000000000000000000, 0.000000000000000000, 1.000000000000000000 ) ) ;
#1768 = ORIENTED_EDGE ( 'NONE', *, *, #2747, .T. ) ;
#1769 = LINE ( 'NONE', #2934, #739 ) ;
#1770 = VECTOR ( 'NONE', #1564, 39.37007874015748143 ) ;
#1771 = CARTESIAN_POINT ( 'NONE',  ( 0.09538765581782687741, -0.9842519685039369248, 0.2754195120195865876 ) ) ;
#1772 = VECTOR ( 'NONE', #2223, 39.37007874015748143 ) ;
#1773 = CARTESIAN_POINT ( 'NONE',  ( 0.3716239858910270200, -0.9628919737349204144, 0.2752641738109528058 ) ) ;
#1774 = B_SPLINE_CURVE_WITH_KNOTS ( 'NONE', 3,
 ( #2111, #1532, #936, #1494, #2400, #2480 ),
 .UNSPECIFIED., .F., .F.,
 ( 4, 2, 4 ),
 ( 2.710505431213761085E-20, 0.0003409584291903559276, 0.0006819168583807118551 ),
 .UNSPECIFIED. ) ;
#1775 = ORIENTED_EDGE ( 'NONE', *, *, #210, .T. ) ;
#1776 = VECTOR ( 'NONE', #851, 39.37007874015748854 ) ;
#1777 = CARTESIAN_POINT ( 'NONE',  ( 0.6496062992125984925, -0.007677165354330725035, -0.2362204724409449064 ) ) ;
#1778 = VERTEX_POINT ( 'NONE', #2631 ) ;
#1779 = VECTOR ( 'NONE', #2333, 39.37007874015748143 ) ;
#1780 = CARTESIAN_POINT ( 'NONE',  ( 0.07908076253967298574, -0.9842519685039370358, 0.2463893330148438365 ) ) ;
#1781 = LINE ( 'NONE', #908, #81 ) ;
#1782 = FACE_OUTER_BOUND ( 'NONE', #2230, .T. ) ;
#1783 = ORIENTED_EDGE ( 'NONE', *, *, #3624, .T. ) ;
#1784 = ORIENTED_EDGE ( 'NONE', *, *, #961, .T. ) ;
#1785 = DIRECTION ( 'NONE',  ( 1.000000000000000000, -0.000000000000000000, -0.000000000000000000 ) ) ;
#1786 = LINE ( 'NONE', #1462, #1951 ) ;
#1787 = CARTESIAN_POINT ( 'NONE',  ( -7.874015748012051872E-05, -0.2086614173228346636, 0.2421259842519685179 ) ) ;
#1788 = FACE_OUTER_BOUND ( 'NONE', #534, .T. ) ;
#1789 = ORIENTED_EDGE ( 'NONE', *, *, #2372, .T. ) ;
#1790 = DIRECTION ( 'NONE',  ( 0.9998476951563923798, -0.01745240643721830340, 0.000000000000000000 ) ) ;
#1791 = ADVANCED_FACE ( 'NONE', ( #1788 ), #3473, .T. ) ;
#1792 = CARTESIAN_POINT ( 'NONE',  ( 0.9671441588074936035, -0.09842519685039376187, -0.2344488189003037515 ) ) ;
#1793 = LINE ( 'NONE', #582, #3469 ) ;
#1794 = ADVANCED_FACE ( 'NONE', ( #3488 ), #1267, .F. ) ;
#1795 = ORIENTED_EDGE ( 'NONE', *, *, #1905, .T. ) ;
#1796 = VERTEX_POINT ( 'NONE', #2983 ) ;
#1797 = CARTESIAN_POINT ( 'NONE',  ( 0.3404733972572601686, -0.9515414283684355823, -0.3574065306174394885 ) ) ;
#1798 = DIRECTION ( 'NONE',  ( -3.052494025171815525E-17, 0.000000000000000000, 1.000000000000000000 ) ) ;
#1799 = VECTOR ( 'NONE', #3479, 39.37007874015748143 ) ;
#1800 = FACE_OUTER_BOUND ( 'NONE', #2108, .T. ) ;
#1801 = ORIENTED_EDGE ( 'NONE', *, *, #361, .T. ) ;
#1802 = ORIENTED_EDGE ( 'NONE', *, *, #188, .F. ) ;
#1803 = CARTESIAN_POINT ( 'NONE',  ( 0.3278950401337606957, -0.9842519685035522325, -0.3568355660155693720 ) ) ;
#1804 = CARTESIAN_POINT ( 'NONE',  ( 0.3740157480314957872, -0.3070866141732283561, 0.1692913385826771699 ) ) ;
#1805 = AXIS2_PLACEMENT_3D ( 'NONE', #2386, #3527, #2877 ) ;
#1806 = DIRECTION ( 'NONE',  ( 0.000000000000000000, 2.988928549108039807E-15, -1.000000000000000000 ) ) ;
#1807 = VERTEX_POINT ( 'NONE', #956 ) ;
#1808 = CARTESIAN_POINT ( 'NONE',  ( 0.7795275590551181688, -0.3070866141732283561, 0.1299212598425198983 ) ) ;
#1809 = DIRECTION ( 'NONE',  ( -0.000000000000000000, 1.000000000000000000, -0.000000000000000000 ) ) ;
#1810 = CARTESIAN_POINT ( 'NONE',  ( 0.9645669291338585527, -0.3070866141732283561, -0.2421259842519685179 ) ) ;
#1811 = ADVANCED_FACE ( 'NONE', ( #391 ), #3015, .F. ) ;
#1812 = ORIENTED_EDGE ( 'NONE', *, *, #1024, .F. ) ;
#1813 = EDGE_CURVE ( 'NONE', #712, #243, #439, .T. ) ;
#1814 = EDGE_CURVE ( 'NONE', #1406, #3436, #1290, .T. ) ;
#1815 = CARTESIAN_POINT ( 'NONE',  ( 0.9842519685039370358, -0.01968503937007872948, -0.3461088912561085529 ) ) ;
#1816 = FACE_OUTER_BOUND ( 'NONE', #2969, .T. ) ;
#1817 =( BOUNDED_CURVE ( )  B_SPLINE_CURVE ( 3, ( #2262, #3083, #493, #833 ),
 .UNSPECIFIED., .F., .T. ) 
 B_SPLINE_CURVE_WITH_KNOTS ( ( 4, 4 ),
 ( 1.560643607823950507, 2.851840952153747999 ),
 .UNSPECIFIED. ) 
 CURVE ( )  GEOMETRIC_REPRESENTATION_ITEM ( )  RATIONAL_B_SPLINE_CURVE ( ( 1.000000000000000000, 0.8658264686611448768, 0.8658264686611448768, 1.000000000000000000 ) ) 
 REPRESENTATION_ITEM ( '' )  );
#1818 = DIRECTION ( 'NONE',  ( 0.000000000000000000, 0.000000000000000000, -1.000000000000000000 ) ) ;
#1819 = ORIENTED_EDGE ( 'NONE', *, *, #2274, .F. ) ;
#1820 = VERTEX_POINT ( 'NONE', #3594 ) ;
#1821 = CARTESIAN_POINT ( 'NONE',  ( 0.3149606299212598381, -0.3070866141732293553, 0.1299212598425193987 ) ) ;
#1822 = VECTOR ( 'NONE', #3000, 39.37007874015748854 ) ;
#1823 = CARTESIAN_POINT ( 'NONE',  ( 0.9355003782080985042, -0.5442022595687756592, -0.2520652561797847024 ) ) ;
#1825 = VERTEX_POINT ( 'NONE', #154 ) ;
#1824 = EDGE_CURVE ( 'NONE', #2121, #3197, #1594, .T. ) ;
#1826 = LINE ( 'NONE', #374, #3153 ) ;
#1827 = ORIENTED_EDGE ( 'NONE', *, *, #2263, .T. ) ;
#1828 = DIRECTION ( 'NONE',  ( -1.000000000000000000, 0.000000000000000000, 0.000000000000000000 ) ) ;
#1829 = EDGE_CURVE ( 'NONE', #215, #1584, #861, .T. ) ;
#1830 = CARTESIAN_POINT ( 'NONE',  ( 0.9842519685039370358, -0.09476856591144482145, -0.2502797945349034547 ) ) ;
#1831 = VECTOR ( 'NONE', #1581, 39.37007874015748143 ) ;
#1832 = VECTOR ( 'NONE', #2399, 39.37007874015748143 ) ;
#1833 = EDGE_LOOP ( 'NONE', ( #632, #3628, #1994, #225 ) ) ;
#1834 = AXIS2_PLACEMENT_3D ( 'NONE', #1355, #1031, #461 ) ;
#1835 = AXIS2_PLACEMENT_3D ( 'NONE', #2235, #489, #182 ) ;
#1836 = EDGE_CURVE ( 'NONE', #2310, #1807, #139, .T. ) ;
#1837 = CARTESIAN_POINT ( 'NONE',  ( 2.452713940226291819E-18, -0.02002859067789921135, -0.3736661476807927040 ) ) ;
#1838 = VECTOR ( 'NONE', #2233, 39.37007874015748143 ) ;
#1839 = FACE_OUTER_BOUND ( 'NONE', #2518, .T. ) ;
#1840 = DIRECTION ( 'NONE',  ( -4.179535469590359902E-32, -1.000000000000000000, 0.000000000000000000 ) ) ;
#1841 = AXIS2_PLACEMENT_3D ( 'NONE', #2850, #3439, #256 ) ;
#1842 = CARTESIAN_POINT ( 'NONE',  ( 0.3464566929133858775, 0.000000000000000000, 0.1316392780441159038 ) ) ;
#1843 = ORIENTED_EDGE ( 'NONE', *, *, #29, .F. ) ;
#1844 =( BOUNDED_CURVE ( )  B_SPLINE_CURVE ( 3, ( #637, #2948, #2876, #1733 ),
 .UNSPECIFIED., .F., .F. ) 
 B_SPLINE_CURVE_WITH_KNOTS ( ( 4, 4 ),
 ( 3.752457891787809974, 4.712388980384690562 ),
 .UNSPECIFIED. ) 
 CURVE ( )  GEOMETRIC_REPRESENTATION_ITEM ( )  RATIONAL_B_SPLINE_CURVE ( ( 1.000000000000000000, 0.9246738887854811795, 0.9246738887854811795, 1.000000000000000000 ) ) 
 REPRESENTATION_ITEM ( '' )  );
#1845 = CARTESIAN_POINT ( 'NONE',  ( 0.9744806878734747491, -0.09594067723289295690, 0.2379023011659656128 ) ) ;
#1846 = CARTESIAN_POINT ( 'NONE',  ( 0.9461748386142992961, -0.5320280966862480643, -0.2519590138698457049 ) ) ;
#1847 = ORIENTED_EDGE ( 'NONE', *, *, #893, .T. ) ;
#1848 = LINE ( 'NONE', #2155, #2614 ) ;
#1849 = DIRECTION ( 'NONE',  ( 0.000000000000000000, -1.000000000000000000, 0.000000000000000000 ) ) ;
#1850 = CARTESIAN_POINT ( 'NONE',  ( 0.6496062992125984925, -0.007677165354330725035, -8.594602350335583145E-17 ) ) ;
#1851 = ORIENTED_EDGE ( 'NONE', *, *, #566, .F. ) ;
#1852 = LINE ( 'NONE', #3602, #2620 ) ;
#1853 = CARTESIAN_POINT ( 'NONE',  ( 0.3464566929133858775, -0.09842519685039373412, -7.828114888861199676E-17 ) ) ;
#1854 = PLANE ( 'NONE',  #496 ) ;
#1855 = EDGE_LOOP ( 'NONE', ( #367, #935, #2087, #2602 ) ) ;
#1856 = FILL_AREA_STYLE_COLOUR ( '', #2977 ) ;
#1857 = EDGE_CURVE ( 'NONE', #1595, #1597, #724, .T. ) ;
#1858 = DIRECTION ( 'NONE',  ( 0.01745174210552360300, 0.9998096356151561226, -0.008725206505940209106 ) ) ;
#1859 = EDGE_CURVE ( 'NONE', #2266, #3229, #3609, .T. ) ;
#1860 = CARTESIAN_POINT ( 'NONE',  ( 0.09876280378032725737, -0.9649104804416789305, -0.2754195120195862545 ) ) ;
#1861 = ORIENTED_EDGE ( 'NONE', *, *, #1386, .F. ) ;
#1862 = FACE_OUTER_BOUND ( 'NONE', #2113, .T. ) ;
#1863 = ORIENTED_EDGE ( 'NONE', *, *, #2396, .F. ) ;
#1864 = CARTESIAN_POINT ( 'NONE',  ( 0.3603331111597054548, -0.9469387156878624756, -0.2555798839868547168 ) ) ;
#1865 = DIRECTION ( 'NONE',  ( 1.000000000000000000, -0.000000000000000000, 0.000000000000000000 ) ) ;
#1866 = ORIENTED_EDGE ( 'NONE', *, *, #184, .T. ) ;
#1867 = LINE ( 'NONE', #428, #1831 ) ;
#1868 = CARTESIAN_POINT ( 'NONE',  ( 0.9842519685039372579, -0.3070866141732283561, -0.2618110236220472231 ) ) ;
#1869 = EDGE_CURVE ( 'NONE', #1326, #434, #1027, .T. ) ;
#1870 = CARTESIAN_POINT ( 'NONE',  ( 0.3518701580724570843, -0.9767237528819803227, -0.2753647639009098591 ) ) ;
#1871 = ORIENTED_EDGE ( 'NONE', *, *, #3325, .T. ) ;
#1872 = CARTESIAN_POINT ( 'NONE',  ( 0.7795275590551181688, -0.3068887695602594556, 0.1690934939697082973 ) ) ;
#1873 = CYLINDRICAL_SURFACE ( 'NONE', #1223, 0.01968503937007875723 ) ;
#1874 = FACE_OUTER_BOUND ( 'NONE', #2358, .T. ) ;
#1875 = ORIENTED_EDGE ( 'NONE', *, *, #721, .T. ) ;
#1876 = DIRECTION ( 'NONE',  ( 0.000000000000000000, 7.981603366224849845E-14, 1.000000000000000000 ) ) ;
#1877 = VERTEX_POINT ( 'NONE', #420 ) ;
#1878 = CARTESIAN_POINT ( 'NONE',  ( 0.9569639135847618494, -0.01979957115020926361, 0.3736691458076353833 ) ) ;
#1879 = DIRECTION ( 'NONE',  ( -1.000000000000000000, 0.000000000000000000, 0.000000000000000000 ) ) ;
#1880 = ORIENTED_EDGE ( 'NONE', *, *, #3325, .F. ) ;
#1881 = AXIS2_PLACEMENT_3D ( 'NONE', #3491, #901, #2951 ) ;
#1882 = CARTESIAN_POINT ( 'NONE',  ( 0.9763183186778450207, -0.003892458238831425239, 0.3657354959815434237 ) ) ;
#1883 = VECTOR ( 'NONE', #2198, 39.37007874015748143 ) ;
#1884 = ORIENTED_EDGE ( 'NONE', *, *, #521, .T. ) ;
#1885 = PLANE ( 'NONE',  #1579 ) ;
#1886 = AXIS2_PLACEMENT_3D ( 'NONE', #1498, #52, #1159 ) ;
#1887 = AXIS2_PLACEMENT_3D ( 'NONE', #2808, #3062, #3664 ) ;
#1888 = VECTOR ( 'NONE', #2942, 39.37007874015748143 ) ;
#1889 = VERTEX_POINT ( 'NONE', #973 ) ;
#1890 = CARTESIAN_POINT ( 'NONE',  ( 0.6496062992125984925, -0.09448818897637792369, -0.1948818897637799863 ) ) ;
#1891 = AXIS2_PLACEMENT_3D ( 'NONE', #1787, #1766, #3237 ) ;
#1892 = ADVANCED_FACE ( 'NONE', ( #1874 ), #3002, .T. ) ;
#1893 = DIRECTION ( 'NONE',  ( 1.000000000000000000, -0.000000000000000000, -2.252887631138710800E-16 ) ) ;
#1894 = VERTEX_POINT ( 'NONE', #3313 ) ;
#1895 = ORIENTED_EDGE ( 'NONE', *, *, #565, .T. ) ;
#1896 = CARTESIAN_POINT ( 'NONE',  ( 0.9225961059400638042, -0.5532379282862873726, 0.2521441092660837713 ) ) ;
#1897 = EDGE_LOOP ( 'NONE', ( #2387, #2013, #1629, #2715 ) ) ;
#1898 = CARTESIAN_POINT ( 'NONE',  ( 0.6496062992125984925, 0.000000000000000000, 0.1316392780441159038 ) ) ;
#1899 = CARTESIAN_POINT ( 'NONE',  ( 0.3464566929133858775, 0.000000000000000000, -0.1316392780441158483 ) ) ;
#1900 = ORIENTED_EDGE ( 'NONE', *, *, #1423, .F. ) ;
#1901 = EDGE_CURVE ( 'NONE', #292, #73, #2705, .T. ) ;
#1902 =( BOUNDED_CURVE ( )  B_SPLINE_CURVE ( 3, ( #2697, #100, #2414, #3551 ),
 .UNSPECIFIED., .F., .T. ) 
 B_SPLINE_CURVE_WITH_KNOTS ( ( 4, 4 ),
 ( -1.776356839400250465E-15, 1.570796326794896780 ),
 .UNSPECIFIED. ) 
 CURVE ( )  GEOMETRIC_REPRESENTATION_ITEM ( )  RATIONAL_B_SPLINE_CURVE ( ( 1.000000000000000000, 0.8047378541243644934, 0.8047378541243644934, 1.000000000000000000 ) ) 
 REPRESENTATION_ITEM ( '' )  );
#1903 = DIRECTION ( 'NONE',  ( 1.000000000000000000, 1.224606353822379970E-16, -1.068697774553504719E-18 ) ) ;
#1904 = CARTESIAN_POINT ( 'NONE',  ( 0.9328740157480315265, -0.09842519685039376187, -0.1931102362204724088 ) ) ;
#1905 = EDGE_CURVE ( 'NONE', #3154, #593, #1342, .T. ) ;
#1906 = ORIENTED_EDGE ( 'NONE', *, *, #239, .F. ) ;
#1907 = CARTESIAN_POINT ( 'NONE',  ( 0.09842519685039410882, -0.2086614173228346636, -0.2421259842519685179 ) ) ;
#1908 = CARTESIAN_POINT ( 'NONE',  ( 0.3558167612671778723, -0.9403169173962481198, -0.3300392020501781709 ) ) ;
#1909 = ORIENTED_EDGE ( 'NONE', *, *, #1249, .T. ) ;
#1910 = CARTESIAN_POINT ( 'NONE',  ( 0.1102451620773764601, -0.3070866141732283561, 0.2421259842519685179 ) ) ;
#1911 = CARTESIAN_POINT ( 'NONE',  ( 0.1184448450235649625, -0.9649104804416771541, -0.2557374707763500621 ) ) ;
#1912 = ORIENTED_EDGE ( 'NONE', *, *, #2829, .F. ) ;
#1913 = VERTEX_POINT ( 'NONE', #710 ) ;
#1914 = PLANE ( 'NONE',  #254 ) ;
#1915 = DIRECTION ( 'NONE',  ( 1.000000000000000000, 0.000000000000000000, 0.000000000000000000 ) ) ;
#1916 = CARTESIAN_POINT ( 'NONE',  ( 0.9225961059400630271, -0.5532379282862873726, -0.2521441092660834937 ) ) ;
#1917 = LINE ( 'NONE', #2800, #2033 ) ;
#1918 = ORIENTED_EDGE ( 'NONE', *, *, #863, .F. ) ;
#1919 = DIRECTION ( 'NONE',  ( 1.000000000000000000, 1.779203565104411133E-14, 0.000000000000000000 ) ) ;
#1920 = CARTESIAN_POINT ( 'NONE',  ( 0.6496062992125984925, -0.09448818897637786818, -0.2362204724409449064 ) ) ;
#1921 = EDGE_CURVE ( 'NONE', #3103, #3074, #3276, .T. ) ;
#1922 = EDGE_CURVE ( 'NONE', #676, #994, #407, .T. ) ;
#1923 = VERTEX_POINT ( 'NONE', #2167 ) ;
#1924 = CYLINDRICAL_SURFACE ( 'NONE', #3040, 0.04133858267716489926 ) ;
#1925 = CARTESIAN_POINT ( 'NONE',  ( 0.3716239858910255767, -0.9628919737349213026, -0.2752641738109526393 ) ) ;
#1926 = EDGE_CURVE ( 'NONE', #2340, #3370, #2897, .T. ) ;
#1927 = CARTESIAN_POINT ( 'NONE',  ( 0.9251968503937008093, -0.2086614173228346636, 0.2007874015748031815 ) ) ;
#1928 = LINE ( 'NONE', #1382, #260 ) ;
#1929 = DIRECTION ( 'NONE',  ( 0.000000000000000000, 0.000000000000000000, 1.000000000000000000 ) ) ;
#1930 = EDGE_LOOP ( 'NONE', ( #413, #673, #957, #2844 ) ) ;
#1931 = VERTEX_POINT ( 'NONE', #2144 ) ;
#1932 = DIRECTION ( 'NONE',  ( 0.000000000000000000, 0.000000000000000000, -1.000000000000000000 ) ) ;
#1933 = B_SPLINE_CURVE_WITH_KNOTS ( 'NONE', 3,
 ( #3109, #2796, #2848, #1977, #1711, #3732, #1139, #1387, #837, #519, #1689, #2226, #1082 ),
 .UNSPECIFIED., .F., .F.,
 ( 4, 2, 2, 1, 2, 2, 4 ),
 ( 0.000000000000000000, 0.3340594531017015423, 0.4175743163771262756, 0.4593317480148371157, 0.4802104638336941456, 0.5010891796525512865, 0.6681189062034027515 ),
 .UNSPECIFIED. ) ;
#1934 =( BOUNDED_CURVE ( )  B_SPLINE_CURVE ( 3, ( #1394, #3700, #1984, #2578 ),
 .UNSPECIFIED., .F., .T. ) 
 B_SPLINE_CURVE_WITH_KNOTS ( ( 4, 4 ),
 ( 3.141592653589794892, 4.712388980384693227 ),
 .UNSPECIFIED. ) 
 CURVE ( )  GEOMETRIC_REPRESENTATION_ITEM ( )  RATIONAL_B_SPLINE_CURVE ( ( 1.000000000000000000, 0.8047378541243646044, 0.8047378541243646044, 1.000000000000000000 ) ) 
 REPRESENTATION_ITEM ( '' )  );
#1935 = DIRECTION ( 'NONE',  ( 1.000000000000000000, 0.000000000000000000, 0.000000000000000000 ) ) ;
#1936 = DIRECTION ( 'NONE',  ( -5.782411586589359611E-16, 1.000000000000000000, 0.000000000000000000 ) ) ;
#1937 = FACE_OUTER_BOUND ( 'NONE', #937, .T. ) ;
#1938 = ORIENTED_EDGE ( 'NONE', *, *, #1857, .T. ) ;
#1939 = DIRECTION ( 'NONE',  ( 0.000000000000000000, -1.000000000000000000, 0.000000000000000000 ) ) ;
#1940 = CARTESIAN_POINT ( 'NONE',  ( 0.3149606299212598381, -0.3070866141732283561, 0.2499959792912975765 ) ) ;
#1941 = VECTOR ( 'NONE', #3715, 39.37007874015748143 ) ;
#1942 = VERTEX_POINT ( 'NONE', #3287 ) ;
#1943 = CARTESIAN_POINT ( 'NONE',  ( 0.9645669291338585527, -0.5053793768143747256, 0.2517264540147312046 ) ) ;
#1944 = CYLINDRICAL_SURFACE ( 'NONE', #3097, 0.007677165354330720698 ) ;
#1945 = EDGE_CURVE ( 'NONE', #1445, #3451, #2475, .T. ) ;
#1946 = VECTOR ( 'NONE', #2220, 39.37007874015748143 ) ;
#1947 = AXIS2_PLACEMENT_3D ( 'NONE', #2785, #1939, #525 ) ;
#1948 = ORIENTED_EDGE ( 'NONE', *, *, #467, .F. ) ;
#1949 = CARTESIAN_POINT ( 'NONE',  ( 0.9645669291338583307, -0.1061023622047244236, 0.2421259842519685179 ) ) ;
#1950 = EDGE_CURVE ( 'NONE', #145, #21, #3044, .T. ) ;
#1951 = VECTOR ( 'NONE', #2077, 39.37007874015748143 ) ;
#1952 = FACE_OUTER_BOUND ( 'NONE', #3210, .T. ) ;
#1953 = EDGE_CURVE ( 'NONE', #2933, #1505, #702, .T. ) ;
#1954 = ORIENTED_EDGE ( 'NONE', *, *, #3413, .T. ) ;
#1955 = ORIENTED_EDGE ( 'NONE', *, *, #730, .T. ) ;
#1956 = FACE_OUTER_BOUND ( 'NONE', #1444, .T. ) ;
#1957 = LINE ( 'NONE', #2849, #85 ) ;
#1958 = AXIS2_PLACEMENT_3D ( 'NONE', #2137, #1865, #2189 ) ;
#1959 = APPLICATION_CONTEXT ( 'automotive_design' ) ;
#1960 = DIRECTION ( 'NONE',  ( 0.000000000000000000, 0.000000000000000000, -1.000000000000000000 ) ) ;
#1961 = CYLINDRICAL_SURFACE ( 'NONE', #704, 0.01968503937007875723 ) ;
#1962 = ORIENTED_EDGE ( 'NONE', *, *, #651, .T. ) ;
#1963 =( BOUNDED_CURVE ( )  B_SPLINE_CURVE ( 3, ( #1810, #1145, #3509, #301 ),
 .UNSPECIFIED., .F., .F. ) 
 B_SPLINE_CURVE_WITH_KNOTS ( ( 4, 4 ),
 ( 3.141592653589793560, 4.712388980384689674 ),
 .UNSPECIFIED. ) 
 CURVE ( )  GEOMETRIC_REPRESENTATION_ITEM ( )  RATIONAL_B_SPLINE_CURVE ( ( 1.000000000000000000, 0.8047378541243650485, 0.8047378541243650485, 1.000000000000000000 ) ) 
 REPRESENTATION_ITEM ( '' )  );
#1964 = CARTESIAN_POINT ( 'NONE',  ( 0.1166805905161475837, -0.4055118110236204942, -0.2508549229714899798 ) ) ;
#1965 = CARTESIAN_POINT ( 'NONE',  ( 0.1017775201786982608, -0.7921974936514154519, 0.1220472440944853909 ) ) ;
#1966 = VERTEX_POINT ( 'NONE', #2125 ) ;
#1967 = PLANE ( 'NONE',  #1835 ) ;
#1968 = DIRECTION ( 'NONE',  ( 0.000000000000000000, -1.000000000000000000, 1.275531967630009929E-16 ) ) ;
#1969 = CARTESIAN_POINT ( 'NONE',  ( 0.1137533552450366581, -0.1061023622047244791, -0.2007874015748031260 ) ) ;
#1970 = CARTESIAN_POINT ( 'NONE',  ( 0.9842519685039372579, -0.09476856591144483533, 0.2502797945349033992 ) ) ;
#1971 = LINE ( 'NONE', #1045, #1169 ) ;
#1972 = EDGE_CURVE ( 'NONE', #243, #2817, #3566, .T. ) ;
#1973 = ORIENTED_EDGE ( 'NONE', *, *, #1921, .T. ) ;
#1974 = EDGE_CURVE ( 'NONE', #1584, #789, #3320, .T. ) ;
#1975 = EDGE_CURVE ( 'NONE', #919, #1210, #1260, .T. ) ;
#1976 = ORIENTED_EDGE ( 'NONE', *, *, #2768, .T. ) ;
#1977 = CARTESIAN_POINT ( 'NONE',  ( 0.1123193221167941569, -0.9751495005546734207, -0.2587982781040836788 ) ) ;
#1978 = DIRECTION ( 'NONE',  ( -1.000000000000000000, 0.000000000000000000, 0.000000000000000000 ) ) ;
#1979 = EDGE_CURVE ( 'NONE', #3347, #3271, #1852, .T. ) ;
#1980 = DIRECTION ( 'NONE',  ( -0.8191417824366578060, -0.5735692509247990456, -0.005005463021597875324 ) ) ;
#1981 = CARTESIAN_POINT ( 'NONE',  ( 0.3716239858910269644, -0.9628919737349204144, 0.2752641738109528058 ) ) ;
#1982 = EDGE_LOOP ( 'NONE', ( #3263, #279, #2160, #3252, #610 ) ) ;
#1983 = CARTESIAN_POINT ( 'NONE',  ( 0.9566929133858271816, -0.4724409448818898127, -0.3382060075287676160 ) ) ;
#1984 = CARTESIAN_POINT ( 'NONE',  ( 0.1138318538024797599, -0.1016051828607383717, 0.2007874015748031260 ) ) ;
#1985 = ORIENTED_EDGE ( 'NONE', *, *, #811, .F. ) ;
#1986 =( BOUNDED_SURFACE ( )  B_SPLINE_SURFACE ( 3, 2, ( 
 ( #1329, #1029, #2186 ),
 ( #2440, #3333, #1292 ),
 ( #1048, #409, #3596 ),
 ( #2760, #2492, #156 ),
 ( #2207, #3561, #1311 ),
 ( #2473, #749, #1896 ) ),
 .UNSPECIFIED., .F., .F., .F. ) 
 B_SPLINE_SURFACE_WITH_KNOTS ( ( 4, 2, 4 ),
 ( 3, 3 ),
 ( 4.712388980384689674, 5.192354524683130634, 5.672320068981570707 ),
 ( 0.000000000000000000, 1.000000000000000000 ),
 .UNSPECIFIED. ) 
 GEOMETRIC_REPRESENTATION_ITEM ( )  RATIONAL_B_SPLINE_SURFACE ( (
 ( 1.000000000000000000, 0.7071067811865482389, 1.000000000000000000),
 ( 1.000000000000000000, 0.7076006038448816593, 1.000000000000000000),
 ( 1.000000000000000000, 0.7080930205210508310, 1.000000000000000000),
 ( 1.000000000000000000, 0.7089669398650401133, 1.000000000000000000),
 ( 1.000000000000000000, 0.7093480556067329745, 1.000000000000000000),
 ( 1.000000000000000000, 0.7096296073984845743, 1.000000000000000000) ) ) 
 REPRESENTATION_ITEM ( '' )  SURFACE ( )  );
#1987 = PLANE ( 'NONE',  #1881 ) ;
#1988 = DIRECTION ( 'NONE',  ( 0.01745174210552020294, 0.9998096356151561226, 0.008725206505940212576 ) ) ;
#1989 = EDGE_CURVE ( 'NONE', #1602, #2637, #3302, .T. ) ;
#1990 = CARTESIAN_POINT ( 'NONE',  ( 0.9338869806713837596, -0.5691911863333467547, 0.3740157480314960647 ) ) ;
#1991 = CARTESIAN_POINT ( 'NONE',  ( 0.1186363429794464186, -0.9647419564440020689, -0.2557343761617404954 ) ) ;
#1992 = CARTESIAN_POINT ( 'NONE',  ( 0.09870499211066773027, -0.9818213827244213210, -0.2656073972327976374 ) ) ;
#1993 = ORIENTED_EDGE ( 'NONE', *, *, #1037, .T. ) ;
#1994 = ORIENTED_EDGE ( 'NONE', *, *, #213, .T. ) ;
#1995 = CARTESIAN_POINT ( 'NONE',  ( 0.3038787375031080096, -0.9571738852167755995, 0.3573082157174463092 ) ) ;
#1996 = EDGE_CURVE ( 'NONE', #302, #386, #3114, .T. ) ;
#1997 = FACE_OUTER_BOUND ( 'NONE', #1607, .T. ) ;
#1998 = CARTESIAN_POINT ( 'NONE',  ( 0.9461748386142992961, -0.5320280966862480643, -0.2519590138698457049 ) ) ;
#1999 = DIRECTION ( 'NONE',  ( -0.000000000000000000, -0.000000000000000000, -1.000000000000000000 ) ) ;
#2000 = VERTEX_POINT ( 'NONE', #2767 ) ;
#2001 = DIRECTION ( 'NONE',  ( 1.000000000000000000, 0.000000000000000000, -0.000000000000000000 ) ) ;
#2002 = CARTESIAN_POINT ( 'NONE',  ( 0.3038787375031080096, -0.9842519685039370358, 0.2754195120195865876 ) ) ;
#2003 = ORIENTED_EDGE ( 'NONE', *, *, #2489, .T. ) ;
#2004 = CARTESIAN_POINT ( 'NONE',  ( 0.6496062992125984925, -0.09842519685039372024, 0.1299212598425200371 ) ) ;
#2005 = VECTOR ( 'NONE', #3138, 39.37007874015748143 ) ;
#2006 =( BOUNDED_CURVE ( )  B_SPLINE_CURVE ( 3, ( #3629, #2424, #729, #2735 ),
 .UNSPECIFIED., .F., .T. ) 
 B_SPLINE_CURVE_WITH_KNOTS ( ( 4, 4 ),
 ( 2.034489625915107514, 3.605133653665109517 ),
 .UNSPECIFIED. ) 
 CURVE ( )  GEOMETRIC_REPRESENTATION_ITEM ( )  RATIONAL_B_SPLINE_CURVE ( ( 1.000000000000000000, 0.8047737499866896016, 0.8047737499866896016, 1.000000000000000000 ) ) 
 REPRESENTATION_ITEM ( '' )  );
#2007 = CARTESIAN_POINT ( 'NONE',  ( 0.9619534950954967689, -0.5440308468092798222, 0.3645196542774821191 ) ) ;
#2008 = VECTOR ( 'NONE', #294, 39.37007874015748143 ) ;
#2009 = CARTESIAN_POINT ( 'NONE',  ( 1.365923996832131609E-16, -0.9566929133858268486, -0.3297533579769158507 ) ) ;
#2010 = AXIS2_PLACEMENT_3D ( 'NONE', #3721, #1393, #775 ) ;
#2011 = CIRCLE ( 'NONE', #3631, 0.04133858267716489926 ) ;
#2012 = VERTEX_POINT ( 'NONE', #1837 ) ;
#2013 = ORIENTED_EDGE ( 'NONE', *, *, #29, .T. ) ;
#2014 = LINE ( 'NONE', #595, #3625 ) ;
#2015 = VECTOR ( 'NONE', #1765, 39.37007874015748143 ) ;
#2016 = LINE ( 'NONE', #334, #3278 ) ;
#2017 = PLANE ( 'NONE',  #1891 ) ;
#2018 = AXIS2_PLACEMENT_3D ( 'NONE', #1228, #2662, #402 ) ;
#2019 = CARTESIAN_POINT ( 'NONE',  ( 0.3279581377012905641, -0.9842519685035187038, 0.2559055118111372429 ) ) ;
#2020 = ORIENTED_EDGE ( 'NONE', *, *, #14, .T. ) ;
#2021 = VECTOR ( 'NONE', #2709, 39.37007874015748143 ) ;
#2022 = CARTESIAN_POINT ( 'NONE',  ( 0.9842519685032431465, -0.08181958830177754605, -0.2587315928005936017 ) ) ;
#2023 = DIRECTION ( 'NONE',  ( 0.9998476951563912696, -0.01745240643728350471, 0.000000000000000000 ) ) ;
#2024 = EDGE_CURVE ( 'NONE', #2833, #510, #23, .T. ) ;
#2025 = EDGE_CURVE ( 'NONE', #342, #3436, #3023, .T. ) ;
#2026 = EDGE_LOOP ( 'NONE', ( #2041, #2706, #1626, #3022 ) ) ;
#2027 = EDGE_CURVE ( 'NONE', #30, #3390, #1307, .T. ) ;
#2028 = LINE ( 'NONE', #3445, #1799 ) ;
#2029 = ADVANCED_FACE ( 'NONE', ( #3008 ), #128, .F. ) ;
#2030 = CARTESIAN_POINT ( 'NONE',  ( 0.1184508415056023528, -0.9842519685039370358, 0.2754195120195865876 ) ) ;
#2031 = DIRECTION ( 'NONE',  ( -0.000000000000000000, 1.000000000000000000, -0.000000000000000000 ) ) ;
#2032 = DIRECTION ( 'NONE',  ( 0.000000000000000000, -0.000000000000000000, -1.000000000000000000 ) ) ;
#2033 = VECTOR ( 'NONE', #1069, 39.37007874015748143 ) ;
#2034 = ORIENTED_EDGE ( 'NONE', *, *, #3624, .F. ) ;
#2035 = EDGE_LOOP ( 'NONE', ( #1755, #1827, #192, #2409, #3301, #265, #1254 ) ) ;
#2036 = APPLICATION_CONTEXT ( 'automotive_design' ) ;
#2037 = CARTESIAN_POINT ( 'NONE',  ( 0.3716239858910269644, -0.9628919737349204144, 0.3300392020501781709 ) ) ;
#2038 = DIRECTION ( 'NONE',  ( 0.000000000000000000, -1.000000000000000000, 0.000000000000000000 ) ) ;
#2039 = FACE_OUTER_BOUND ( 'NONE', #3719, .T. ) ;
#2040 = CARTESIAN_POINT ( 'NONE',  ( 0.9842519685039374799, -0.3152404244561632929, 0.2502797945349034547 ) ) ;
#2041 = ORIENTED_EDGE ( 'NONE', *, *, #2506, .T. ) ;
#2042 = CARTESIAN_POINT ( 'NONE',  ( 0.9677210779251962380, -0.09839104246852205249, -0.2421601386338393114 ) ) ;
#2043 = DIRECTION ( 'NONE',  ( 1.000000000000000000, 0.000000000000000000, 0.000000000000000000 ) ) ;
#2044 = ORIENTED_EDGE ( 'NONE', *, *, #213, .F. ) ;
#2045 = CARTESIAN_POINT ( 'NONE',  ( 0.4527559055118110520, -0.3070866141732322974, 0.2057086614173264105 ) ) ;
#2046 = EDGE_CURVE ( 'NONE', #938, #3621, #1867, .T. ) ;
#2047 = EDGE_CURVE ( 'NONE', #2319, #476, #2539, .T. ) ;
#2048 = CARTESIAN_POINT ( 'NONE',  ( 0.1081724486689857601, -0.9648994999504316716, 0.2536154554742971468 ) ) ;
#2049 = CARTESIAN_POINT ( 'NONE',  ( 0.9251968503937008093, -0.09842519685039370636, 0.2344488188976377729 ) ) ;
#2050 = ORIENTED_EDGE ( 'NONE', *, *, #635, .T. ) ;
#2051 = ORIENTED_EDGE ( 'NONE', *, *, #1275, .T. ) ;
#2052 = LINE ( 'NONE', #368, #3691 ) ;
#2053 = VECTOR ( 'NONE', #1161, 39.37007874015748143 ) ;
#2054 = CARTESIAN_POINT ( 'NONE',  ( 0.6496062992125984925, -0.007677165354330725035, 0.2362204724409449064 ) ) ;
#2055 = CARTESIAN_POINT ( 'NONE',  ( 0.9842519685039372579, -0.3267716535433071168, 0.3740157480314960647 ) ) ;
#2056 = CYLINDRICAL_SURFACE ( 'NONE', #2294, 0.007677165354330720698 ) ;
#2057 = ORIENTED_EDGE ( 'NONE', *, *, #1757, .T. ) ;
#2058 = CARTESIAN_POINT ( 'NONE',  ( 1.034302947459102340, -0.8897637795275591399, -0.02362579497399901543 ) ) ;
#2059 = CARTESIAN_POINT ( 'NONE',  ( 0.9660960224118838591, -0.5466381725081366216, -0.3372130841690569869 ) ) ;
#2060 = CARTESIAN_POINT ( 'NONE',  ( 0.09240481186717029727, -0.9830984424913865594, -0.2687572884929278483 ) ) ;
#2061 = ORIENTED_EDGE ( 'NONE', *, *, #1575, .F. ) ;
#2062 = CARTESIAN_POINT ( 'NONE',  ( 0.9791218488023453181, -0.005978588068876479998, -0.3628549226009581963 ) ) ;
#2063 = ORIENTED_EDGE ( 'NONE', *, *, #471, .T. ) ;
#2064 = EDGE_CURVE ( 'NONE', #518, #2833, #924, .T. ) ;
#2065 = CARTESIAN_POINT ( 'NONE',  ( 0.07908076253709120373, -0.9842519685039370358, 0.2360539303840697156 ) ) ;
#2066 = DIRECTION ( 'NONE',  ( -0.000000000000000000, -0.000000000000000000, -1.000000000000000000 ) ) ;
#2067 = FACE_OUTER_BOUND ( 'NONE', #67, .T. ) ;
#2068 = ADVANCED_FACE ( 'NONE', ( #486 ), #1659, .T. ) ;
#2069 = ORIENTED_EDGE ( 'NONE', *, *, #2293, .T. ) ;
#2070 = AXIS2_PLACEMENT_3D ( 'NONE', #1122, #855, #537 ) ;
#2071 = EDGE_CURVE ( 'NONE', #3113, #3451, #845, .T. ) ;
#2072 = ORIENTED_EDGE ( 'NONE', *, *, #2025, .F. ) ;
#2073 = CARTESIAN_POINT ( 'NONE',  ( 0.9645669291338584417, -0.09842519685039376187, -0.2344488188976377729 ) ) ;
#2074 = VECTOR ( 'NONE', #120, 39.37007874015748143 ) ;
#2075 = CIRCLE ( 'NONE', #3093, 0.007677165354330737178 ) ;
#2076 = EDGE_CURVE ( 'NONE', #1286, #1889, #3677, .T. ) ;
#2077 = DIRECTION ( 'NONE',  ( -0.01745174210552003641, -0.9998096356151561226, -0.008725206505940170942 ) ) ;
#2078 = CARTESIAN_POINT ( 'NONE',  ( 0.9645669291338584417, -0.2086614173228341362, -0.2618110236220472231 ) ) ;
#2079 = DIRECTION ( 'NONE',  ( 0.000000000000000000, 1.000000000000000000, -1.275531967630010915E-16 ) ) ;
#2080 = ORIENTED_EDGE ( 'NONE', *, *, #3312, .T. ) ;
#2081 = CIRCLE ( 'NONE', #3039, 0.02755905511811023931 ) ;
#2082 = CARTESIAN_POINT ( 'NONE',  ( 1.365923996832131609E-16, -0.8897637795275592509, -0.02362579497399607334 ) ) ;
#2083 = AXIS2_PLACEMENT_3D ( 'NONE', #2598, #2941, #46 ) ;
#2084 = CARTESIAN_POINT ( 'NONE',  ( 0.9744806878734753042, -0.1026488799363958343, -0.2446105038694694755 ) ) ;
#2085 = VECTOR ( 'NONE', #3372, 39.37007874015748854 ) ;
#2086 = DIRECTION ( 'NONE',  ( 0.01745174210552359606, 0.9998096356151559005, 0.008725206505943418345 ) ) ;
#2087 = ORIENTED_EDGE ( 'NONE', *, *, #3309, .F. ) ;
#2088 = VECTOR ( 'NONE', #412, 39.37007874015748143 ) ;
#2089 = ORIENTED_EDGE ( 'NONE', *, *, #2112, .F. ) ;
#2090 = LINE ( 'NONE', #984, #2143 ) ;
#2091 = CARTESIAN_POINT ( 'NONE',  ( 0.9336641829857811326, -0.5693471909523012409, 0.3640777558467273023 ) ) ;
#2092 =( BOUNDED_SURFACE ( )  B_SPLINE_SURFACE ( 3, 2, ( 
 ( #1981, #540, #1692 ),
 ( #2851, #3171, #899 ),
 ( #2949, #2019, #3505 ),
 ( #1500, #1485, #37 ) ),
 .UNSPECIFIED., .F., .F., .T. ) 
 B_SPLINE_SURFACE_WITH_KNOTS ( ( 4, 4 ),
 ( 3, 3 ),
 ( 5.672320068981569818, 6.283185307179586232 ),
 ( 0.000000000000000000, 1.000000000000000000 ),
 .UNSPECIFIED. ) 
 GEOMETRIC_REPRESENTATION_ITEM ( )  RATIONAL_B_SPLINE_SURFACE ( (
 ( 1.000000000000000000, 0.7096296073984840191, 1.000000000000000000),
 ( 1.000000000000000000, 0.7099898437968024112, 1.000000000000000000),
 ( 1.000000000000000000, 0.7101865875446109477, 1.000000000000000000),
 ( 1.000000000000000000, 0.7101853756232834325, 1.000000000000000000) ) ) 
 REPRESENTATION_ITEM ( '' )  SURFACE ( )  );
#2093 = CARTESIAN_POINT ( 'NONE',  ( 0.7821986739264167321, -0.3070866141732283561, 0.1299212598425200371 ) ) ;
#2094 = EDGE_LOOP ( 'NONE', ( #1948, #410, #2306, #397 ) ) ;
#2095 = ORIENTED_EDGE ( 'NONE', *, *, #3523, .F. ) ;
#2096 = DIRECTION ( 'NONE',  ( 1.000000000000000000, 0.000000000000000000, -0.000000000000000000 ) ) ;
#2097 = B_SPLINE_CURVE_WITH_KNOTS ( 'NONE', 3,
 ( #1167, #3476, #1521, #3206, #318, #903, #887, #2060, #340, #1489, #867, #946 ),
 .UNSPECIFIED., .F., .F.,
 ( 4, 1, 1, 2, 2, 2, 4 ),
 ( 0.6681189062034028625, 0.7096038012392871241, 0.7303462487572298656, 0.7407174725162021245, 0.7510886962751742724, 0.8340584863469473476, 0.9999980664904936090 ),
 .UNSPECIFIED. ) ;
#2098 = EDGE_CURVE ( 'NONE', #3271, #442, #204, .T. ) ;
#2099 = FACE_OUTER_BOUND ( 'NONE', #3724, .T. ) ;
#2100 = ADVANCED_FACE ( 'NONE', ( #1110 ), #1088, .T. ) ;
#2101 = EDGE_CURVE ( 'NONE', #1293, #1778, #556, .T. ) ;
#2102 = CYLINDRICAL_SURFACE ( 'NONE', #2742, 0.04133858267716489926 ) ;
#2103 = ORIENTED_EDGE ( 'NONE', *, *, #1005, .F. ) ;
#2104 = CARTESIAN_POINT ( 'NONE',  ( 0.000000000000000000, -1.204954089833547430E-16, -0.3740157480314960647 ) ) ;
#2105 = ADVANCED_FACE ( 'NONE', ( #3661 ), #1072, .T. ) ;
#2106 = DIRECTION ( 'NONE',  ( -1.000000000000000000, -0.000000000000000000, -1.224606353822275939E-16 ) ) ;
#2107 = CARTESIAN_POINT ( 'NONE',  ( 0.6496062992125984925, -0.007677165354330725035, -0.2775590551181097987 ) ) ;
#2108 = EDGE_LOOP ( 'NONE', ( #1415, #970, #895, #1046 ) ) ;
#2109 = CARTESIAN_POINT ( 'NONE',  ( 0.3346456692913384878, -0.3070866141732277455, 0.1299212598425193987 ) ) ;
#2110 = CARTESIAN_POINT ( 'NONE',  ( 0.1138873606647611558, -0.09842519685039370636, 0.2007874015748031260 ) ) ;
#2111 = CARTESIAN_POINT ( 'NONE',  ( 0.9763183186778450207, -0.003892458238831425239, 0.3657354959815434237 ) ) ;
#2112 = EDGE_CURVE ( 'NONE', #2549, #3295, #621, .T. ) ;
#2113 = EDGE_LOOP ( 'NONE', ( #1627, #359, #2721, #2834 ) ) ;
#2114 = VERTEX_POINT ( 'NONE', #2523 ) ;
#2115 = DIRECTION ( 'NONE',  ( -8.659274570719323367E-17, 0.7071067811865435759, 0.7071067811865515695 ) ) ;
#2116 = CARTESIAN_POINT ( 'NONE',  ( 0.7283464566929134243, -0.3070866141732283561, 0.1118089582344145710 ) ) ;
#2117 = CARTESIAN_POINT ( 'NONE',  ( 0.3038787375031059002, -0.9566929133858267376, -0.3297533579769158507 ) ) ;
#2118 = ORIENTED_EDGE ( 'NONE', *, *, #1926, .F. ) ;
#2119 = DIRECTION ( 'NONE',  ( 0.000000000000000000, 1.000000000000000000, 0.000000000000000000 ) ) ;
#2120 = ADVANCED_FACE ( 'NONE', ( #3364 ), #3213, .F. ) ;
#2121 = VERTEX_POINT ( 'NONE', #3381 ) ;
#2122 = DIRECTION ( 'NONE',  ( 8.659274570718663928E-17, -0.7071067811865454633, -0.7071067811865495711 ) ) ;
#2123 = CARTESIAN_POINT ( 'NONE',  ( 0.6496062992125984925, -0.007543180344280740225, -0.1315076113414413439 ) ) ;
#2124 = ORIENTED_EDGE ( 'NONE', *, *, #1115, .F. ) ;
#2125 = CARTESIAN_POINT ( 'NONE',  ( 0.9645669291338583307, -0.09842519685039370636, 0.2344488188976377729 ) ) ;
#2126 = CARTESIAN_POINT ( 'NONE',  ( 0.6496062992125984925, -0.007543180344280738490, 0.1315076113414412606 ) ) ;
#2127 = CARTESIAN_POINT ( 'NONE',  ( 0.07908076253709120373, -0.9842519685039370358, -0.2754195120195862545 ) ) ;
#2128 = LINE ( 'NONE', #3616, #2630 ) ;
#2129 = ORIENTED_EDGE ( 'NONE', *, *, #1371, .T. ) ;
#2130 = CARTESIAN_POINT ( 'NONE',  ( 0.9803084019902852386, -0.09083753427690170745, 0.2449956698747902950 ) ) ;
#2131 = CIRCLE ( 'NONE', #2918, 0.01968503937007879193 ) ;
#2132 = DIRECTION ( 'NONE',  ( 1.000000000000000000, 3.660260892358842421E-31, -1.224606353822390077E-16 ) ) ;
#2133 = ORIENTED_EDGE ( 'NONE', *, *, #635, .F. ) ;
#2134 = DIRECTION ( 'NONE',  ( 0.000000000000000000, 0.01745240643728080548, -0.9998476951563912696 ) ) ;
#2135 = AXIS2_PLACEMENT_3D ( 'NONE', #1401, #2567, #3388 ) ;
#2136 = CARTESIAN_POINT ( 'NONE',  ( 0.3139315029444003646, -0.9647349062035271983, -0.2557351889886639307 ) ) ;
#2137 = CARTESIAN_POINT ( 'NONE',  ( 0.6496062992125984925, -0.007677165354330725035, 0.1391836074263033407 ) ) ;
#2138 = VECTOR ( 'NONE', #3543, 39.37007874015748854 ) ;
#2139 = PRODUCT_DEFINITION_CONTEXT ( 'detailed design', #2036, 'design' ) ;
#2140 = AXIS2_PLACEMENT_3D ( 'NONE', #2045, #603, #1703 ) ;
#2141 = VERTEX_POINT ( 'NONE', #3115 ) ;
#2142 = AXIS2_PLACEMENT_3D ( 'NONE', #1271, #2476, #2988 ) ;
#2143 = VECTOR ( 'NONE', #3231, 39.37007874015748143 ) ;
#2144 = CARTESIAN_POINT ( 'NONE',  ( 0.3558167612671791491, -0.9407978892271957605, 0.3575940597907086294 ) ) ;
#2145 = EDGE_CURVE ( 'NONE', #2000, #712, #1467, .T. ) ;
#2146 = VECTOR ( 'NONE', #2880, 39.37007874015748143 ) ;
#2147 = LINE ( 'NONE', #3266, #1770 ) ;
#2148 = CARTESIAN_POINT ( 'NONE',  ( 0.9645669291338583307, -0.09842519685039370636, 0.2344488188976377729 ) ) ;
#2149 = AXIS2_PLACEMENT_3D ( 'NONE', #1750, #3201, #2910 ) ;
#2150 = EDGE_LOOP ( 'NONE', ( #3444, #1688, #974, #3520 ) ) ;
#2151 = PLANE ( 'NONE',  #1154 ) ;
#2152 = CARTESIAN_POINT ( 'NONE',  ( 0.9817674487732147570, -0.09252028250832375345, 0.2518972646090898437 ) ) ;
#2153 = DIRECTION ( 'NONE',  ( -1.000000000000000000, 0.000000000000000000, -0.000000000000000000 ) ) ;
#2154 = ORIENTED_EDGE ( 'NONE', *, *, #643, .F. ) ;
#2155 = CARTESIAN_POINT ( 'NONE',  ( 0.9842519685039373689, -0.4053400288287721809, 0.2705392127955882353 ) ) ;
#2156 = LINE ( 'NONE', #3243, #807 ) ;
#2157 = CARTESIAN_POINT ( 'NONE',  ( 0.9251968503937008093, -0.2086614173228346636, -0.2421259842519685179 ) ) ;
#2158 = EDGE_CURVE ( 'NONE', #2649, #3387, #2861, .T. ) ;
#2159 = VECTOR ( 'NONE', #1999, 39.37007874015748143 ) ;
#2160 = ORIENTED_EDGE ( 'NONE', *, *, #1814, .F. ) ;
#2161 = DIRECTION ( 'NONE',  ( 1.000000000000000000, 0.000000000000000000, -0.000000000000000000 ) ) ;
#2162 = LINE ( 'NONE', #684, #1832 ) ;
#2163 = ORIENTED_EDGE ( 'NONE', *, *, #3127, .F. ) ;
#2164 = CARTESIAN_POINT ( 'NONE',  ( 0.7834645669291337988, -0.3070866141732283561, 0.05118110236220473064 ) ) ;
#2165 = VECTOR ( 'NONE', #569, 39.37007874015748143 ) ;
#2166 = CARTESIAN_POINT ( 'NONE',  ( 0.1282061880186330938, -0.4060270660973799850, 0.2311736305897964527 ) ) ;
#2167 = CARTESIAN_POINT ( 'NONE',  ( 0.1156053788663563009, 5.691349986800548372E-17, 0.1289606468857543153 ) ) ;
#2168 = ORIENTED_EDGE ( 'NONE', *, *, #1643, .T. ) ;
#2169 = CARTESIAN_POINT ( 'NONE',  ( 1.172161221549316484E-16, -0.9571738852167755995, -0.3573082157174463092 ) ) ;
#2170 = ORIENTED_EDGE ( 'NONE', *, *, #238, .T. ) ;
#2171 = CARTESIAN_POINT ( 'NONE',  ( 0.1119590567921126961, -0.2088976517268467947, 0.2421259842519685179 ) ) ;
#2172 = CARTESIAN_POINT ( 'NONE',  ( 0.9842519685039369248, -0.4724409448818898127, 0.3740157480314960647 ) ) ;
#2173 = VERTEX_POINT ( 'NONE', #1055 ) ;
#2174 = CARTESIAN_POINT ( 'NONE',  ( 0.9605058178576116878, -0.01680575742176814921, 0.3736691458076354944 ) ) ;
#2175 = ORIENTED_EDGE ( 'NONE', *, *, #1621, .T. ) ;
#2176 = ADVANCED_FACE ( 'NONE', ( #1614 ), #542, .T. ) ;
#2177 = DIRECTION ( 'NONE',  ( -0.000000000000000000, 1.000000000000000000, -0.000000000000000000 ) ) ;
#2178 = CARTESIAN_POINT ( 'NONE',  ( 0.6496062992125984925, -0.09448818897637792369, -0.2775590551181097987 ) ) ;
#2179 = ORIENTED_EDGE ( 'NONE', *, *, #570, .F. ) ;
#2180 = PLANE ( 'NONE',  #2802 ) ;
#2181 = CARTESIAN_POINT ( 'NONE',  ( 0.9842519685039372579, -0.3267716535433071168, 0.2618110236220472231 ) ) ;
#2182 = EDGE_CURVE ( 'NONE', #3390, #3113, #3095, .T. ) ;
#2183 = EDGE_CURVE ( 'NONE', #1796, #1028, #179, .T. ) ;
#2184 = DIRECTION ( 'NONE',  ( -5.781530897296982634E-16, 0.9998476951563912696, -0.01745240643727998323 ) ) ;
#2185 = ORIENTED_EDGE ( 'NONE', *, *, #2396, .T. ) ;
#2186 = CARTESIAN_POINT ( 'NONE',  ( 0.9645669291338584417, -0.4726127270767409017, 0.2514405037945247612 ) ) ;
#2187 = EDGE_CURVE ( 'NONE', #3355, #646, #3334, .T. ) ;
#2188 = FACE_BOUND ( 'NONE', #3061, .T. ) ;
#2189 = DIRECTION ( 'NONE',  ( 0.000000000000000000, 0.000000000000000000, -1.000000000000000000 ) ) ;
#2190 = ORIENTED_EDGE ( 'NONE', *, *, #83, .F. ) ;
#2191 = DIRECTION ( 'NONE',  ( 0.000000000000000000, -1.000000000000000000, 0.000000000000000000 ) ) ;
#2192 = AXIS2_PLACEMENT_3D ( 'NONE', #3508, #1503, #922 ) ;
#2193 = AXIS2_PLACEMENT_3D ( 'NONE', #2698, #3568, #3305 ) ;
#2194 = CARTESIAN_POINT ( 'NONE',  ( 1.219581628607226520, -0.3359832178749834197, -0.3681511391486979590 ) ) ;
#2195 = ORIENTED_EDGE ( 'NONE', *, *, #1426, .T. ) ;
#2196 = LINE ( 'NONE', #2526, #264 ) ;
#2197 = VECTOR ( 'NONE', #520, 39.37007874015748143 ) ;
#2198 = DIRECTION ( 'NONE',  ( 0.000000000000000000, 1.275531967630009929E-16, 1.000000000000000000 ) ) ;
#2199 = AXIS2_PLACEMENT_3D ( 'NONE', #3619, #1397, #1662 ) ;
#2200 = AXIS2_PLACEMENT_3D ( 'NONE', #758, #969, #3060 ) ;
#2201 = CARTESIAN_POINT ( 'NONE',  ( 0.3716239858910270200, -0.9628919737349204144, 0.3740157480314960647 ) ) ;
#2202 = CARTESIAN_POINT ( 'NONE',  ( 0.9251968503937008093, -0.1061023622047244236, 0.2421259842519685179 ) ) ;
#2203 = AXIS2_PLACEMENT_3D ( 'NONE', #3421, #1980, #3129 ) ;
#2204 = CARTESIAN_POINT ( 'NONE',  ( 0.09842519685039209654, -0.9647387113287082538, 0.2557352221954887206 ) ) ;
#2205 = ORIENTED_EDGE ( 'NONE', *, *, #863, .T. ) ;
#2206 = EDGE_LOOP ( 'NONE', ( #1466, #387, #1993, #507 ) ) ;
#2207 = CARTESIAN_POINT ( 'NONE',  ( 0.9493721076768165679, -0.5583483836740079642, 0.2717495460024401677 ) ) ;
#2208 = EDGE_CURVE ( 'NONE', #2700, #712, #398, .T. ) ;
#2209 = ORIENTED_EDGE ( 'NONE', *, *, #1664, .T. ) ;
#2210 = EDGE_CURVE ( 'NONE', #434, #1942, #2366, .T. ) ;
#2211 = PLANE ( 'NONE',  #2923 ) ;
#2212 = DIRECTION ( 'NONE',  ( 0.000000000000000000, 0.000000000000000000, -1.000000000000000000 ) ) ;
#2213 = DIRECTION ( 'NONE',  ( -1.000000000000000000, 0.000000000000000000, 0.000000000000000000 ) ) ;
#2214 = ORIENTED_EDGE ( 'NONE', *, *, #2582, .F. ) ;
#2215 = EDGE_CURVE ( 'NONE', #93, #1578, #2499, .T. ) ;
#2216 = CARTESIAN_POINT ( 'NONE',  ( 0.1282121833600354810, -0.4055118110236205498, -0.2508549229714900353 ) ) ;
#2217 = CARTESIAN_POINT ( 'NONE',  ( 0.9251968503937008093, -0.1061023622047244236, 0.2007874015748031260 ) ) ;
#2218 = ORIENTED_EDGE ( 'NONE', *, *, #2607, .F. ) ;
#2219 = FACE_OUTER_BOUND ( 'NONE', #1081, .T. ) ;
#2220 = DIRECTION ( 'NONE',  ( 1.000000000000000000, 0.000000000000000000, 0.000000000000000000 ) ) ;
#2221 = EDGE_LOOP ( 'NONE', ( #3045, #3426, #1041, #2999, #1900 ) ) ;
#2222 = CARTESIAN_POINT ( 'NONE',  ( 0.09865600771106002032, -0.9646275778228657893, -0.2475670532751477471 ) ) ;
#2223 = DIRECTION ( 'NONE',  ( 1.728321507385005009E-30, -2.988928549108039807E-15, 1.000000000000000000 ) ) ;
#2224 = EDGE_LOOP ( 'NONE', ( #3007, #2168, #2238, #731 ) ) ;
#2225 = ORIENTED_EDGE ( 'NONE', *, *, #3587, .F. ) ;
#2226 = CARTESIAN_POINT ( 'NONE',  ( 0.1016469368883590185, -0.9807974226967642872, -0.2641318202087681311 ) ) ;
#2227 = CYLINDRICAL_SURFACE ( 'NONE', #91, 0.01968503937007875723 ) ;
#2228 = CARTESIAN_POINT ( 'NONE',  ( 0.3740157480314957872, -0.3070866141732283561, 0.1692913385826771699 ) ) ;
#2229 = ADVANCED_FACE ( 'NONE', ( #58 ), #1450, .F. ) ;
#2230 = EDGE_LOOP ( 'NONE', ( #197, #3026, #2939, #1512 ) ) ;
#2231 =( BOUNDED_SURFACE ( )  B_SPLINE_SURFACE ( 3, 2, ( 
 ( #1104, #539, #1916 ),
 ( #3657, #2821, #2245 ),
 ( #2535, #3395, #1998 ),
 ( #787, #219, #3717 ),
 ( #1373, #3673, #176 ),
 ( #3072, #771, #2520 ) ),
 .UNSPECIFIED., .F., .F., .F. ) 
 B_SPLINE_SURFACE_WITH_KNOTS ( ( 4, 2, 4 ),
 ( 3, 3 ),
 ( 0.6108652381980169688, 1.090830782496460039, 1.570796326794900111 ),
 ( 0.000000000000000000, 1.000000000000000000 ),
 .UNSPECIFIED. ) 
 GEOMETRIC_REPRESENTATION_ITEM ( )  RATIONAL_B_SPLINE_SURFACE ( (
 ( 1.000000000000000000, 0.7096296073984850183, 1.000000000000000000),
 ( 1.000000000000000000, 0.7093480556068340048, 1.000000000000000000),
 ( 1.000000000000000000, 0.7089669398649069976, 1.000000000000000000),
 ( 1.000000000000000000, 0.7080930205211839468, 1.000000000000000000),
 ( 1.000000000000000000, 0.7076006038447819613, 1.000000000000000000),
 ( 1.000000000000000000, 0.7071067811865480168, 1.000000000000000000) ) ) 
 REPRESENTATION_ITEM ( '' )  SURFACE ( )  );
#2232 = DIRECTION ( 'NONE',  ( -0.000000000000000000, 1.000000000000000000, -0.000000000000000000 ) ) ;
#2233 = DIRECTION ( 'NONE',  ( 0.000000000000000000, -0.000000000000000000, -1.000000000000000000 ) ) ;
#2234 = ORIENTED_EDGE ( 'NONE', *, *, #485, .T. ) ;
#2235 = CARTESIAN_POINT ( 'NONE',  ( 1.205321214392102562E-16, -0.9842519685039370358, 0.2559055118110240001 ) ) ;
#2236 = DIRECTION ( 'NONE',  ( 0.000000000000000000, -1.000000000000000000, 0.000000000000000000 ) ) ;
#2237 = EDGE_CURVE ( 'NONE', #3143, #2984, #740, .T. ) ;
#2238 = ORIENTED_EDGE ( 'NONE', *, *, #2353, .F. ) ;
#2239 = FACE_OUTER_BOUND ( 'NONE', #1930, .T. ) ;
#2240 = CARTESIAN_POINT ( 'NONE',  ( 0.3464566929133858775, -0.007677165354330725035, -1.031007827871047886E-16 ) ) ;
#2241 = VERTEX_POINT ( 'NONE', #3737 ) ;
#2242 = ORIENTED_EDGE ( 'NONE', *, *, #3523, .T. ) ;
#2243 = CARTESIAN_POINT ( 'NONE',  ( 0.9842519685039369248, -0.4724409448818898127, -0.3382060075287674494 ) ) ;
#2244 = CARTESIAN_POINT ( 'NONE',  ( 0.000000000000000000, 0.000000000000000000, 0.3740157480314960647 ) ) ;
#2245 = CARTESIAN_POINT ( 'NONE',  ( 0.9355003782080985042, -0.5442022595687756592, -0.2520652561797847024 ) ) ;
#2246 = CARTESIAN_POINT ( 'NONE',  ( 0.07908076253709117598, -0.9842519685039370358, 0.2360539303840697156 ) ) ;
#2247 = ORIENTED_EDGE ( 'NONE', *, *, #3562, .F. ) ;
#2248 = CARTESIAN_POINT ( 'NONE',  ( 0.9842519685039370358, 0.000000000000000000, -0.3740157480314960647 ) ) ;
#2249 = CARTESIAN_POINT ( 'NONE',  ( 0.3149606299212598381, -0.3070866141732283561, 0.2499959792912975765 ) ) ;
#2250 = CIRCLE ( 'NONE', #797, 0.07874015748031457096 ) ;
#2251 = ORIENTED_EDGE ( 'NONE', *, *, #3132, .T. ) ;
#2252 =( BOUNDED_CURVE ( )  B_SPLINE_CURVE ( 3, ( #3304, #3024, #967, #1244 ),
 .UNSPECIFIED., .F., .T. ) 
 B_SPLINE_CURVE_WITH_KNOTS ( ( 4, 4 ),
 ( 3.141592653589792672, 4.712388980384687009 ),
 .UNSPECIFIED. ) 
 CURVE ( )  GEOMETRIC_REPRESENTATION_ITEM ( )  RATIONAL_B_SPLINE_CURVE ( ( 1.000000000000000000, 0.8047378541243654926, 0.8047378541243654926, 1.000000000000000000 ) ) 
 REPRESENTATION_ITEM ( '' )  );
#2253 = CARTESIAN_POINT ( 'NONE',  ( 0.3740157480314957872, -0.3267716535433066727, 0.1299212598425193987 ) ) ;
#2254 = DIRECTION ( 'NONE',  ( -0.8191109929416036106, -0.5735476918881527997, -0.01001131220133501774 ) ) ;
#2255 = AXIS2_PLACEMENT_3D ( 'NONE', #1634, #1335, #2803 ) ;
#2256 = AXIS2_PLACEMENT_3D ( 'NONE', #1639, #1618, #1092 ) ;
#2257 = ADVANCED_FACE ( 'NONE', ( #2348 ), #680, .F. ) ;
#2258 = EDGE_CURVE ( 'NONE', #2779, #809, #3157, .T. ) ;
#2259 = VECTOR ( 'NONE', #2343, 39.37007874015748143 ) ;
#2260 = VECTOR ( 'NONE', #25, 39.37007874015748143 ) ;
#2261 = ORIENTED_EDGE ( 'NONE', *, *, #1190, .F. ) ;
#2262 = CARTESIAN_POINT ( 'NONE',  ( 0.8070851938233867262, -0.3070866141732283561, 0.1692913385826703421 ) ) ;
#2263 = EDGE_CURVE ( 'NONE', #215, #583, #600, .T. ) ;
#2264 = CIRCLE ( 'NONE', #1224, 0.02755905511811020808 ) ;
#2265 = DIRECTION ( 'NONE',  ( 7.375650828688892955E-32, -1.275531967630009929E-16, -1.000000000000000000 ) ) ;
#2266 = VERTEX_POINT ( 'NONE', #561 ) ;
#2267 = ORIENTED_EDGE ( 'NONE', *, *, #3127, .T. ) ;
#2268 = CARTESIAN_POINT ( 'NONE',  ( 0.9299516843607711358, -0.5387842881272120188, -0.3646112332999340011 ) ) ;
#2269 = LINE ( 'NONE', #2780, #1470 ) ;
#2270 = AXIS2_PLACEMENT_3D ( 'NONE', #1204, #2023, #2367 ) ;
#2271 = DIRECTION ( 'NONE',  ( -0.01234165475093912043, -0.7070529271412421268, -0.7070529271412501204 ) ) ;
#2272 = DIRECTION ( 'NONE',  ( 0.000000000000000000, 1.000000000000000000, 0.000000000000000000 ) ) ;
#2273 = VERTEX_POINT ( 'NONE', #3492 ) ;
#2274 = EDGE_CURVE ( 'NONE', #1561, #468, #2762, .T. ) ;
#2275 = CARTESIAN_POINT ( 'NONE',  ( 0.8070866141732283561, -0.3070866141732283561, 0.1299212598425196763 ) ) ;
#2276 = DIRECTION ( 'NONE',  ( 5.781530897296982634E-16, -0.9998476951563912696, 0.01745240643727998323 ) ) ;
#2277 = ORIENTED_EDGE ( 'NONE', *, *, #2027, .F. ) ;
#2278 = LINE ( 'NONE', #2104, #2856 ) ;
#2279 = CARTESIAN_POINT ( 'NONE',  ( 0.9645669291338583307, 0.000000000000000000, -0.3539841064375566226 ) ) ;
#2280 =( BOUNDED_CURVE ( )  B_SPLINE_CURVE ( 3, ( #3322, #1320, #452, #1379 ),
 .UNSPECIFIED., .F., .T. ) 
 B_SPLINE_CURVE_WITH_KNOTS ( ( 4, 4 ),
 ( 0.9310766288261795864, 1.570796326794896558 ),
 .UNSPECIFIED. ) 
 CURVE ( )  GEOMETRIC_REPRESENTATION_ITEM ( )  RATIONAL_B_SPLINE_CURVE ( ( 1.000000000000000000, 0.9661863303884445919, 0.9661863303884445919, 1.000000000000000000 ) ) 
 REPRESENTATION_ITEM ( '' )  );
#2281 = DIRECTION ( 'NONE',  ( -1.000000000000000000, -1.224606353822379970E-16, 9.700831051638440109E-30 ) ) ;
#2282 = DIRECTION ( 'NONE',  ( -0.000000000000000000, -0.9999619230641710876, -0.008726535498399757770 ) ) ;
#2283 = CARTESIAN_POINT ( 'NONE',  ( 0.09932786595315314104, -0.9652194080912481766, -0.2551724086035244699 ) ) ;
#2284 = ORIENTED_EDGE ( 'NONE', *, *, #2210, .T. ) ;
#2285 = VERTEX_POINT ( 'NONE', #1540 ) ;
#2286 = CARTESIAN_POINT ( 'NONE',  ( 0.8070866141732283561, -0.3070866141732283561, 0.1692913385826703421 ) ) ;
#2287 = LINE ( 'NONE', #2495, #874 ) ;
#2288 = CARTESIAN_POINT ( 'NONE',  ( 0.3038787375031063442, -0.9645669291338585527, -0.2754195120195862545 ) ) ;
#2289 = ORIENTED_EDGE ( 'NONE', *, *, #3362, .F. ) ;
#2290 = DIRECTION ( 'NONE',  ( 0.000000000000000000, 0.000000000000000000, 1.000000000000000000 ) ) ;
#2291 = ORIENTED_EDGE ( 'NONE', *, *, #447, .F. ) ;
#2292 = CARTESIAN_POINT ( 'NONE',  ( 0.4527559055118110520, -0.3070866141732283561, 0.1692913385826703143 ) ) ;
#2293 = EDGE_CURVE ( 'NONE', #2310, #2241, #1525, .T. ) ;
#2294 = AXIS2_PLACEMENT_3D ( 'NONE', #884, #352, #1767 ) ;
#2295 = CARTESIAN_POINT ( 'NONE',  ( 0.1184508415056024222, -0.9842519685039370358, 0.2754195120195865876 ) ) ;
#2296 = DIRECTION ( 'NONE',  ( 0.01745174210552010927, 0.9998096356151561226, 0.008725206505943420079 ) ) ;
#2297 = CARTESIAN_POINT ( 'NONE',  ( 0.1184448450235649625, -0.9649104804416771541, -0.2557374707763500066 ) ) ;
#2298 = ORIENTED_EDGE ( 'NONE', *, *, #517, .T. ) ;
#2299 = ORIENTED_EDGE ( 'NONE', *, *, #2513, .F. ) ;
#2300 = CARTESIAN_POINT ( 'NONE',  ( 0.3149606299212598381, -0.3070866141732283006, 0.2421259842519685179 ) ) ;
#2301 = EDGE_CURVE ( 'NONE', #258, #1561, #3699, .T. ) ;
#2302 = CARTESIAN_POINT ( 'NONE',  ( 0.9842519685039373689, -0.4724409448818898127, -0.2711247936186220731 ) ) ;
#2303 =( LENGTH_UNIT ( ) NAMED_UNIT ( * ) SI_UNIT ( $, .METRE. ) );
#2304 = ADVANCED_FACE ( 'NONE', ( #3260 ), #3281, .T. ) ;
#2305 = CARTESIAN_POINT ( 'NONE',  ( 0.3283102012719197327, -0.9842519685039370358, -0.3297533579769157952 ) ) ;
#2306 = ORIENTED_EDGE ( 'NONE', *, *, #3360, .F. ) ;
#2307 = EDGE_CURVE ( 'NONE', #1330, #2241, #124, .T. ) ;
#2308 = CARTESIAN_POINT ( 'NONE',  ( 0.9842519685039370358, -0.07874015748031500117, -0.2618110236220472231 ) ) ;
#2309 = LINE ( 'NONE', #2693, #991 ) ;
#2310 = VERTEX_POINT ( 'NONE', #110 ) ;
#2311 = LINE ( 'NONE', #584, #501 ) ;
#2312 = AXIS2_PLACEMENT_3D ( 'NONE', #441, #1556, #2134 ) ;
#2313 = DIRECTION ( 'NONE',  ( 0.000000000000000000, -1.000000000000000000, 0.000000000000000000 ) ) ;
#2314 = LINE ( 'NONE', #3464, #3460 ) ;
#2315 = CIRCLE ( 'NONE', #2685, 0.02755905511811023931 ) ;
#2316 = CARTESIAN_POINT ( 'NONE',  ( 0.07908076253709291070, -0.9842519685039370358, -0.2754195120195862545 ) ) ;
#2317 = VECTOR ( 'NONE', #790, 39.37007874015748143 ) ;
#2318 = CIRCLE ( 'NONE', #20, 0.01968503937007873988 ) ;
#2319 = VERTEX_POINT ( 'NONE', #411 ) ;
#2320 = ORIENTED_EDGE ( 'NONE', *, *, #447, .T. ) ;
#2321 = FACE_OUTER_BOUND ( 'NONE', #3614, .T. ) ;
#2322 = AXIS2_PLACEMENT_3D ( 'NONE', #3377, #2534, #1388 ) ;
#2323 = AXIS2_PLACEMENT_3D ( 'NONE', #3709, #780, #3685 ) ;
#2324 = CARTESIAN_POINT ( 'NONE',  ( 0.9763183186778450207, -0.003892458238831425239, 0.3657354959815434237 ) ) ;
#2325 = DIRECTION ( 'NONE',  ( 0.000000000000000000, -1.000000000000000000, 0.000000000000000000 ) ) ;
#2326 = VECTOR ( 'NONE', #1635, 39.37007874015748143 ) ;
#2327 = CARTESIAN_POINT ( 'NONE',  ( 0.09842519685039410882, -0.3070866141732283561, 0.2421259842519685179 ) ) ;
#2328 = EDGE_LOOP ( 'NONE', ( #112, #711, #2694, #896 ) ) ;
#2329 = EDGE_CURVE ( 'NONE', #1375, #302, #277, .T. ) ;
#2330 = EDGE_CURVE ( 'NONE', #1616, #994, #3005, .T. ) ;
#2331 = VECTOR ( 'NONE', #2741, 39.37007874015748143 ) ;
#2332 = DIRECTION ( 'NONE',  ( -0.000000000000000000, 1.000000000000000000, -0.000000000000000000 ) ) ;
#2333 = DIRECTION ( 'NONE',  ( 7.375650828688892955E-32, -1.275531967630009929E-16, -1.000000000000000000 ) ) ;
#2334 = ORIENTED_EDGE ( 'NONE', *, *, #1622, .F. ) ;
#2335 = CARTESIAN_POINT ( 'NONE',  ( 0.9251968503937008093, -0.1061023622047244791, -0.2421259842519685179 ) ) ;
#2336 = CARTESIAN_POINT ( 'NONE',  ( 0.3716239858910255212, -0.9628919737349210806, -0.2752641738109657954 ) ) ;
#2337 = CARTESIAN_POINT ( 'NONE',  ( 0.9794907917951642951, -0.5106352893316422614, 0.3651025759015816274 ) ) ;
#2338 = EDGE_LOOP ( 'NONE', ( #2813, #1021, #2291, #2546 ) ) ;
#2339 = CARTESIAN_POINT ( 'NONE',  ( 0.08927138472355275467, -0.9837510780636733454, -0.2703242009263575052 ) ) ;
#2340 = VERTEX_POINT ( 'NONE', #962 ) ;
#2341 = VERTEX_POINT ( 'NONE', #443 ) ;
#2342 = CARTESIAN_POINT ( 'NONE',  ( 0.09842519685039410882, -0.1061023622047244791, -0.2344488188976377729 ) ) ;
#2343 = DIRECTION ( 'NONE',  ( 1.000000000000000000, 0.000000000000000000, 0.000000000000000000 ) ) ;
#2344 = DIRECTION ( 'NONE',  ( -1.000000000000000000, 0.000000000000000000, 0.000000000000000000 ) ) ;
#2345 = CARTESIAN_POINT ( 'NONE',  ( 0.3038787375031061222, -0.9647387113287086979, -0.2557352221954883320 ) ) ;
#2346 = ORIENTED_EDGE ( 'NONE', *, *, #2586, .F. ) ;
#2347 = CARTESIAN_POINT ( 'NONE',  ( 0.9566929133858268486, -0.02002859067789921135, -0.3736661476807927040 ) ) ;
#2348 = FACE_OUTER_BOUND ( 'NONE', #171, .T. ) ;
#2349 = CARTESIAN_POINT ( 'NONE',  ( 0.3038787375031080096, -0.9842519685039370358, 0.2754195120195865876 ) ) ;
#2350 = ADVANCED_FACE ( 'NONE', ( #3547 ), #3581, .T. ) ;
#2351 = EDGE_LOOP ( 'NONE', ( #742, #2103, #3450 ) ) ;
#2352 = CARTESIAN_POINT ( 'NONE',  ( 0.9836346552989632119, -0.01395156838332498907, -0.3529919864642417915 ) ) ;
#2353 = EDGE_CURVE ( 'NONE', #117, #2173, #2625, .T. ) ;
#2354 = CARTESIAN_POINT ( 'NONE',  ( 0.000000000000000000, 0.000000000000000000, 0.3539841064375566226 ) ) ;
#2355 = CARTESIAN_POINT ( 'NONE',  ( 0.9180797560475358887, -0.5470971018256223228, 0.3644661325970920407 ) ) ;
#2356 = ADVANCED_FACE ( 'NONE', ( #2427 ), #3612, .T. ) ;
#2357 = CARTESIAN_POINT ( 'NONE',  ( 0.1085271438757798995, -0.4055118110236220486, 0.2427024077177378503 ) ) ;
#2358 = EDGE_LOOP ( 'NONE', ( #1107, #904, #657, #3701, #2080, #1670, #3597, #1291, #2775, #231 ) ) ;
#2359 = ORIENTED_EDGE ( 'NONE', *, *, #1695, .T. ) ;
#2360 = CARTESIAN_POINT ( 'NONE',  ( 0.3038787375031065108, -0.9842519685039370358, -0.3568355660155373421 ) ) ;
#2361 = DIRECTION ( 'NONE',  ( 0.000000000000000000, -0.7071067811865495711, 0.7071067811865454633 ) ) ;
#2362 = FACE_OUTER_BOUND ( 'NONE', #608, .T. ) ;
#2363 = FACE_OUTER_BOUND ( 'NONE', #3107, .T. ) ;
#2364 = ORIENTED_EDGE ( 'NONE', *, *, #750, .F. ) ;
#2365 = CARTESIAN_POINT ( 'NONE',  ( 0.1138873606647611558, -0.09842519685039370636, 0.2007874015748031260 ) ) ;
#2366 = LINE ( 'NONE', #581, #1582 ) ;
#2367 = DIRECTION ( 'NONE',  ( 0.01745240643728350471, 0.9998476951563912696, 0.000000000000000000 ) ) ;
#2368 = EDGE_LOOP ( 'NONE', ( #2596, #2407, #1533, #2639, #3549, #3218 ) ) ;
#2369 = ORIENTED_EDGE ( 'NONE', *, *, #2653, .T. ) ;
#2370 = CARTESIAN_POINT ( 'NONE',  ( 0.09106073083942481383, -0.9803933034661024282, -0.2514595754149208662 ) ) ;
#2371 = CARTESIAN_POINT ( 'NONE',  ( 0.9566929133855756051, -0.4874148685926681379, 0.3655078898532340692 ) ) ;
#2372 = EDGE_CURVE ( 'NONE', #1232, #3235, #2081, .T. ) ;
#2373 = EDGE_CURVE ( 'NONE', #1752, #3314, #3342, .T. ) ;
#2374 = EDGE_CURVE ( 'NONE', #2622, #1820, #2156, .T. ) ;
#2375 = LINE ( 'NONE', #346, #3043 ) ;
#2376 = VERTEX_POINT ( 'NONE', #424 ) ;
#2377 = AXIS2_PLACEMENT_3D ( 'NONE', #233, #1101, #3671 ) ;
#2378 = EDGE_LOOP ( 'NONE', ( #1162, #1194, #2020, #759 ) ) ;
#2379 = EDGE_CURVE ( 'NONE', #1452, #3074, #1294, .T. ) ;
#2380 = CARTESIAN_POINT ( 'NONE',  ( 0.3518701539014389978, -0.9767237558025579913, 0.3298541021487530478 ) ) ;
#2381 =( BOUNDED_CURVE ( )  B_SPLINE_CURVE ( 3, ( #3437, #1749, #1732, #1197 ),
 .UNSPECIFIED., .F., .F. ) 
 B_SPLINE_CURVE_WITH_KNOTS ( ( 4, 4 ),
 ( 3.141592653589793116, 4.712388980384689674 ),
 .UNSPECIFIED. ) 
 CURVE ( )  GEOMETRIC_REPRESENTATION_ITEM ( )  RATIONAL_B_SPLINE_CURVE ( ( 1.000000000000000000, 0.8047378541243649375, 0.8047378541243649375, 1.000000000000000000 ) ) 
 REPRESENTATION_ITEM ( '' )  );
#2382 = AXIS2_PLACEMENT_3D ( 'NONE', #3442, #261, #1678 ) ;
#2383 = CIRCLE ( 'NONE', #3335, 0.01968503937007873641 ) ;
#2384 = LINE ( 'NONE', #1821, #744 ) ;
#2385 = CARTESIAN_POINT ( 'NONE',  ( 0.000000000000000000, 0.000000000000000000, 0.3740157480314960647 ) ) ;
#2386 = CARTESIAN_POINT ( 'NONE',  ( 1.219581628607226520, -0.3355022460440346133, -0.3405962814081675005 ) ) ;
#2387 = ORIENTED_EDGE ( 'NONE', *, *, #485, .F. ) ;
#2388 = VECTOR ( 'NONE', #34, 39.37007874015748143 ) ;
#2389 = DIRECTION ( 'NONE',  ( 0.000000000000000000, 0.000000000000000000, 1.000000000000000000 ) ) ;
#2390 = CIRCLE ( 'NONE', #2083, 0.01968503937007881968 ) ;
#2391 = CARTESIAN_POINT ( 'NONE',  ( 0.9803084019902860158, -0.09083753427690087479, -0.2449956698747901840 ) ) ;
#2392 = AXIS2_PLACEMENT_3D ( 'NONE', #1025, #2530, #3066 ) ;
#2393 = DIRECTION ( 'NONE',  ( -0.000000000000000000, 1.000000000000000000, 2.988928549108039413E-15 ) ) ;
#2394 = VERTEX_POINT ( 'NONE', #1576 ) ;
#2395 = CIRCLE ( 'NONE', #2149, 0.04133858267716489926 ) ;
#2396 = EDGE_CURVE ( 'NONE', #919, #1222, #2565, .T. ) ;
#2397 = ADVANCED_FACE ( 'NONE', ( #2410 ), #2740, .T. ) ;
#2398 = CARTESIAN_POINT ( 'NONE',  ( 0.3226095263925298773, -0.9571738852167755995, -0.3573082157174463092 ) ) ;
#2399 = DIRECTION ( 'NONE',  ( 0.000000000000000000, -0.000000000000000000, 1.000000000000000000 ) ) ;
#2400 = CARTESIAN_POINT ( 'NONE',  ( 0.9842519685039372579, -0.01682171634077666081, 0.3495473218707708662 ) ) ;
#2401 = EDGE_CURVE ( 'NONE', #2637, #3165, #3238, .T. ) ;
#2402 = ORIENTED_EDGE ( 'NONE', *, *, #1440, .F. ) ;
#2403 = ORIENTED_EDGE ( 'NONE', *, *, #659, .F. ) ;
#2404 = CARTESIAN_POINT ( 'NONE',  ( 0.3714011882054225056, -0.9630479783538747895, -0.3572056830403439465 ) ) ;
#2405 = CARTESIAN_POINT ( 'NONE',  ( 0.9842519685032431465, -0.08181958830177461783, 0.2587315928005908816 ) ) ;
#2406 = CARTESIAN_POINT ( 'NONE',  ( 0.3716239858910255767, -0.9628919737349213026, 0.3740157480314960647 ) ) ;
#2407 = ORIENTED_EDGE ( 'NONE', *, *, #1545, .T. ) ;
#2408 = CARTESIAN_POINT ( 'NONE',  ( 0.6496062992125984925, 0.000000000000000000, 0.2775590551181097987 ) ) ;
#2409 = ORIENTED_EDGE ( 'NONE', *, *, #2576, .T. ) ;
#2410 = FACE_OUTER_BOUND ( 'NONE', #1381, .T. ) ;
#2411 = DIRECTION ( 'NONE',  ( 0.000000000000000000, 0.000000000000000000, 1.000000000000000000 ) ) ;
#2412 = EDGE_LOOP ( 'NONE', ( #1396, #3352, #373, #1812 ) ) ;
#2413 = CARTESIAN_POINT ( 'NONE',  ( 0.1138318538024797738, -0.1016051828607383994, -0.2007874015748031538 ) ) ;
#2414 = CARTESIAN_POINT ( 'NONE',  ( 0.9283768364040453358, -0.09842519685039377575, -0.1976074155644585162 ) ) ;
#2415 = CARTESIAN_POINT ( 'NONE',  ( 0.3438715873361204989, -0.9584651987591495947, -0.2556804740807098741 ) ) ;
#2416 = VECTOR ( 'NONE', #2272, 39.37007874015748143 ) ;
#2417 = DIRECTION ( 'NONE',  ( -0.8191109929416037216, -0.5735476918881526887, 0.01001131220133501601 ) ) ;
#2418 = ORIENTED_EDGE ( 'NONE', *, *, #3286, .F. ) ;
#2419 = LINE ( 'NONE', #2756, #618 ) ;
#2420 = CARTESIAN_POINT ( 'NONE',  ( 0.9251968503937008093, -0.1061023622047244236, 0.2421259842519685179 ) ) ;
#2421 = APPLICATION_PROTOCOL_DEFINITION ( 'draft international standard', 'automotive_design', 1998, #1959 ) ;
#2422 = DIRECTION ( 'NONE',  ( 0.000000000000000000, 0.000000000000000000, 1.000000000000000000 ) ) ;
#2423 = EDGE_LOOP ( 'NONE', ( #3067, #2839, #3207, #2522 ) ) ;
#2424 = CARTESIAN_POINT ( 'NONE',  ( 0.1069157365617148109, -0.9649399194029415483, 0.2557369781117510010 ) ) ;
#2425 = ADVANCED_FACE ( 'NONE', ( #175 ), #255, .T. ) ;
#2426 = EDGE_CURVE ( 'NONE', #1578, #2266, #3461, .T. ) ;
#2427 = FACE_OUTER_BOUND ( 'NONE', #880, .T. ) ;
#2428 = CARTESIAN_POINT ( 'NONE',  ( 0.1017775201786982747, -0.7921974936514154519, -0.1220472440944853493 ) ) ;
#2429 = ORIENTED_EDGE ( 'NONE', *, *, #2047, .T. ) ;
#2430 = CARTESIAN_POINT ( 'NONE',  ( 0.6496062992125984925, 0.000000000000000000, -0.1948818897637799863 ) ) ;
#2431 = CARTESIAN_POINT ( 'NONE',  ( 0.09842519685039410882, -0.3070866141732283561, 0.2421259842519685179 ) ) ;
#2432 = CARTESIAN_POINT ( 'NONE',  ( 0.6496062992125984925, -0.09448818897637786818, 0.2362204724409449064 ) ) ;
#2433 = ORIENTED_EDGE ( 'NONE', *, *, #2576, .F. ) ;
#2434 = ADVANCED_FACE ( 'NONE', ( #2188, #752 ), #2211, .F. ) ;
#2435 = LINE ( 'NONE', #1553, #625 ) ;
#2436 = CIRCLE ( 'NONE', #1218, 0.02755905511811020808 ) ;
#2437 = SHAPE_DEFINITION_REPRESENTATION ( #3373, #873 ) ;
#2438 = DIRECTION ( 'NONE',  ( 0.000000000000000000, 0.000000000000000000, -1.000000000000000000 ) ) ;
#2439 = ORIENTED_EDGE ( 'NONE', *, *, #1836, .T. ) ;
#2440 = CARTESIAN_POINT ( 'NONE',  ( 0.9842519685039372579, -0.4913447952207695146, 0.2712622697875081146 ) ) ;
#2441 = VECTOR ( 'NONE', #3559, 39.37007874015748143 ) ;
#2442 = ORIENTED_EDGE ( 'NONE', *, *, #604, .F. ) ;
#2443 = CARTESIAN_POINT ( 'NONE',  ( 0.9251968503937008093, 0.000000000000000000, 0.000000000000000000 ) ) ;
#2444 = VECTOR ( 'NONE', #2840, 39.37007874015748143 ) ;
#2445 = EDGE_LOOP ( 'NONE', ( #1784, #2403, #1738, #1669 ) ) ;
#2446 = CARTESIAN_POINT ( 'NONE',  ( 0.9759220372818598888, -0.5173588432305862295, -0.2714460189552052038 ) ) ;
#2447 = VECTOR ( 'NONE', #2816, 39.37007874015748143 ) ;
#2448 = DIRECTION ( 'NONE',  ( -0.000000000000000000, -2.988928549108039807E-15, 1.000000000000000000 ) ) ;
#2449 = CARTESIAN_POINT ( 'NONE',  ( 0.9842519685039370358, -0.07874015748031493178, 0.2618110236220472231 ) ) ;
#2450 = B_SPLINE_CURVE_WITH_KNOTS ( 'NONE', 3,
 ( #1302, #2109, #1002, #1261 ),
 .UNSPECIFIED., .F., .F.,
 ( 4, 4 ),
 ( 0.000000000000000000, 1.000000000000000000 ),
 .UNSPECIFIED. ) ;
#2451 = ORIENTED_EDGE ( 'NONE', *, *, #2930, .T. ) ;
#2452 = LINE ( 'NONE', #990, #1822 ) ;
#2453 = CARTESIAN_POINT ( 'NONE',  ( 0.9645669291338585527, -0.3267716535433071168, 0.05118110236220473064 ) ) ;
#2454 =( NAMED_UNIT ( * ) PLANE_ANGLE_UNIT ( ) SI_UNIT ( $, .RADIAN. ) );
#2455 = CARTESIAN_POINT ( 'NONE',  ( 0.9225961059400629161, -0.5532379282862874836, -0.2521441092660833272 ) ) ;
#2456 = EDGE_LOOP ( 'NONE', ( #1310, #247, #836, #1361 ) ) ;
#2457 = CARTESIAN_POINT ( 'NONE',  ( 0.6496062992125984925, 0.000000000000000000, -0.2775590551181097987 ) ) ;
#2458 = ORIENTED_EDGE ( 'NONE', *, *, #2466, .F. ) ;
#2459 = DIRECTION ( 'NONE',  ( -1.000000000000000000, 0.000000000000000000, 0.000000000000000000 ) ) ;
#2460 = CARTESIAN_POINT ( 'NONE',  ( 0.1085271413577260230, -0.4055119552828327367, -0.1299212598425196763 ) ) ;
#2461 = ORIENTED_EDGE ( 'NONE', *, *, #1479, .T. ) ;
#2462 = CARTESIAN_POINT ( 'NONE',  ( 0.9615540034974123795, -0.5426961494102777728, -0.2716298012484946178 ) ) ;
#2463 = ORIENTED_EDGE ( 'NONE', *, *, #3720, .F. ) ;
#2464 = FACE_OUTER_BOUND ( 'NONE', #1185, .T. ) ;
#2465 = DIRECTION ( 'NONE',  ( 0.000000000000000000, 2.988928549108039807E-15, -1.000000000000000000 ) ) ;
#2466 = EDGE_CURVE ( 'NONE', #3203, #1028, #2269, .T. ) ;
#2467 = EDGE_CURVE ( 'NONE', #343, #1406, #3356, .T. ) ;
#2468 = EDGE_CURVE ( 'NONE', #1820, #3203, #1690, .T. ) ;
#2469 = ORIENTED_EDGE ( 'NONE', *, *, #405, .F. ) ;
#2470 = LINE ( 'NONE', #2204, #1652 ) ;
#2471 = CARTESIAN_POINT ( 'NONE',  ( 0.9607170576806300932, -0.5040927537733386199, -0.2517152258255551112 ) ) ;
#2472 = ORIENTED_EDGE ( 'NONE', *, *, #2208, .F. ) ;
#2473 = CARTESIAN_POINT ( 'NONE',  ( 0.9338869806713836486, -0.5691911863333467547, 0.2718283990901816383 ) ) ;
#2474 = EDGE_LOOP ( 'NONE', ( #1912, #2654, #2439, #181 ) ) ;
#2475 =( BOUNDED_CURVE ( )  B_SPLINE_CURVE ( 3, ( #1563, #399, #2993, #3344 ),
 .UNSPECIFIED., .F., .F. ) 
 B_SPLINE_CURVE_WITH_KNOTS ( ( 4, 4 ),
 ( 2.351557653143513997E-15, 1.570796326794896780 ),
 .UNSPECIFIED. ) 
 CURVE ( )  GEOMETRIC_REPRESENTATION_ITEM ( )  RATIONAL_B_SPLINE_CURVE ( ( 1.000000000000000000, 0.8047378541243654926, 0.8047378541243654926, 1.000000000000000000 ) ) 
 REPRESENTATION_ITEM ( '' )  );
#2476 = DIRECTION ( 'NONE',  ( -1.000000000000000000, -1.224606353822379970E-16, 0.000000000000000000 ) ) ;
#2477 = CARTESIAN_POINT ( 'NONE',  ( 0.3740157480314957872, -0.3070866141732283561, 0.1692913385826771699 ) ) ;
#2478 = ORIENTED_EDGE ( 'NONE', *, *, #1744, .T. ) ;
#2479 = CARTESIAN_POINT ( 'NONE',  ( 0.9703688855642904620, -0.008548786869413125752, 0.3704900477461568475 ) ) ;
#2480 = CARTESIAN_POINT ( 'NONE',  ( 0.9842519685039370358, -0.01968503937007872948, 0.3461088912561085529 ) ) ;
#2481 = EDGE_LOOP ( 'NONE', ( #1155, #1700, #2050, #421 ) ) ;
#2482 = CARTESIAN_POINT ( 'NONE',  ( 0.1156053788663563009, -8.277900400297139831E-20, -0.1289606468857543153 ) ) ;
#2483 = FACE_OUTER_BOUND ( 'NONE', #2917, .T. ) ;
#2484 = EDGE_CURVE ( 'NONE', #1495, #272, #3128, .T. ) ;
#2485 = CARTESIAN_POINT ( 'NONE',  ( 0.6496062992125984925, -0.007677165354330725035, 0.2362204724409449064 ) ) ;
#2486 = SURFACE_STYLE_USAGE ( .BOTH. , #3272 ) ;
#2487 = EDGE_CURVE ( 'NONE', #766, #423, #198, .T. ) ;
#2488 = DIRECTION ( 'NONE',  ( 0.000000000000000000, -1.000000000000000000, 0.000000000000000000 ) ) ;
#2489 = EDGE_CURVE ( 'NONE', #3074, #2341, #1957, .T. ) ;
#2490 = ORIENTED_EDGE ( 'NONE', *, *, #1509, .T. ) ;
#2491 = ORIENTED_EDGE ( 'NONE', *, *, #2719, .T. ) ;
#2492 = CARTESIAN_POINT ( 'NONE',  ( 0.9621011577073470544, -0.5438410970532299160, 0.2520621043622887081 ) ) ;
#2493 = VECTOR ( 'NONE', #2448, 39.37007874015748143 ) ;
#2494 = DIRECTION ( 'NONE',  ( 0.000000000000000000, -0.9998476951563912696, -0.01745240643727998323 ) ) ;
#2495 = CARTESIAN_POINT ( 'NONE',  ( 0.1104411683361230939, -0.2958574231302472657, 0.1411504508855010165 ) ) ;
#2496 = DIRECTION ( 'NONE',  ( -0.000000000000000000, -2.988928549108039807E-15, 1.000000000000000000 ) ) ;
#2497 = ORIENTED_EDGE ( 'NONE', *, *, #60, .T. ) ;
#2498 = AXIS2_PLACEMENT_3D ( 'NONE', #3348, #760, #737 ) ;
#2499 =( BOUNDED_CURVE ( )  B_SPLINE_CURVE ( 3, ( #339, #1771, #2594, #300 ),
 .UNSPECIFIED., .F., .T. ) 
 B_SPLINE_CURVE_WITH_KNOTS ( ( 4, 4 ),
 ( 2.034489625915107514, 3.605133653665108184 ),
 .UNSPECIFIED. ) 
 CURVE ( )  GEOMETRIC_REPRESENTATION_ITEM ( )  RATIONAL_B_SPLINE_CURVE ( ( 1.000000000000000000, 0.8047737499866898236, 0.8047737499866898236, 1.000000000000000000 ) ) 
 REPRESENTATION_ITEM ( '' )  );
#2500 = CARTESIAN_POINT ( 'NONE',  ( 1.057225082133347087E-16, -0.4055118110236217155, 0.1299212598425186216 ) ) ;
#2501 = AXIS2_PLACEMENT_3D ( 'NONE', #2117, #670, #2422 ) ;
#2502 = CIRCLE ( 'NONE', #1158, 0.01968503937007873295 ) ;
#2503 = LINE ( 'NONE', #3641, #2989 ) ;
#2504 = ORIENTED_EDGE ( 'NONE', *, *, #291, .F. ) ;
#2505 = CYLINDRICAL_SURFACE ( 'NONE', #2498, 0.007677165354330737178 ) ;
#2506 = EDGE_CURVE ( 'NONE', #3639, #2700, #1409, .T. ) ;
#2507 = TOROIDAL_SURFACE ( 'NONE', #1166, 0.04901574803149562343, 0.007677165354330725035 ) ;
#2508 = LINE ( 'NONE', #3665, #2617 ) ;
#2509 = VECTOR ( 'NONE', #1893, 39.37007874015748143 ) ;
#2510 = LINE ( 'NONE', #1344, #2866 ) ;
#2511 = CARTESIAN_POINT ( 'NONE',  ( 0.3464566929133858775, 0.000000000000000000, -0.1391836074263033962 ) ) ;
#2512 = VECTOR ( 'NONE', #2086, 39.37007874015748854 ) ;
#2513 = EDGE_CURVE ( 'NONE', #2000, #3639, #535, .T. ) ;
#2514 = DIRECTION ( 'NONE',  ( -1.000000000000000000, 0.000000000000000000, 0.000000000000000000 ) ) ;
#2515 = ORIENTED_EDGE ( 'NONE', *, *, #2717, .F. ) ;
#2516 = VERTEX_POINT ( 'NONE', #480 ) ;
#2517 = CARTESIAN_POINT ( 'NONE',  ( 0.1000744943239247897, -0.8897637795275592509, -0.08088378968779434686 ) ) ;
#2518 = EDGE_LOOP ( 'NONE', ( #3240, #3433, #1985, #1906 ) ) ;
#2519 = CARTESIAN_POINT ( 'NONE',  ( 0.1155701697103799913, -0.002017131194935594708, -0.1289430436484994835 ) ) ;
#2520 = CARTESIAN_POINT ( 'NONE',  ( 0.9645669291338583307, -0.4726127270767401800, -0.2514405037945244281 ) ) ;
#2521 = CARTESIAN_POINT ( 'NONE',  ( 0.9225961059400629161, -0.5532379282862874836, -0.2521441092660833272 ) ) ;
#2522 = ORIENTED_EDGE ( 'NONE', *, *, #1399, .F. ) ;
#2523 = CARTESIAN_POINT ( 'NONE',  ( 3.648982983682035067E-35, -1.986479422437751087E-19, -0.1289606468857543153 ) ) ;
#2524 = CARTESIAN_POINT ( 'NONE',  ( 0.8622047244094488416, -0.4055118110236211604, -0.05118110236220525799 ) ) ;
#2525 = ORIENTED_EDGE ( 'NONE', *, *, #612, .F. ) ;
#2526 = CARTESIAN_POINT ( 'NONE',  ( 0.000000000000000000, 0.000000000000000000, -0.3539841064375566226 ) ) ;
#2527 = DIRECTION ( 'NONE',  ( 0.000000000000000000, 2.602085213965225236E-15, -1.000000000000000000 ) ) ;
#2528 = FACE_OUTER_BOUND ( 'NONE', #498, .T. ) ;
#2529 = CARTESIAN_POINT ( 'NONE',  ( 0.09876766203773451602, -0.9646843707371266508, -0.2358625311168120187 ) ) ;
#2530 = DIRECTION ( 'NONE',  ( -0.8191417824367114298, -0.5735692509247214410, 0.005005463021665427191 ) ) ;
#2531 = ORIENTED_EDGE ( 'NONE', *, *, #2330, .F. ) ;
#2532 = VERTEX_POINT ( 'NONE', #2820 ) ;
#2533 = CARTESIAN_POINT ( 'NONE',  ( 0.3558167612671791491, -0.9407978892271957605, 0.3575940597907086294 ) ) ;
#2534 = DIRECTION ( 'NONE',  ( -0.8191109929416052760, -0.5735476918881504682, 0.01001131220133544796 ) ) ;
#2535 = CARTESIAN_POINT ( 'NONE',  ( 0.9621814598804685481, -0.5437393884132992739, -0.2716433036939425727 ) ) ;
#2536 = DIRECTION ( 'NONE',  ( 0.000000000000000000, -0.000000000000000000, -1.000000000000000000 ) ) ;
#2537 = EDGE_LOOP ( 'NONE', ( #2277, #3468, #168, #3353 ) ) ;
#2538 = EDGE_CURVE ( 'NONE', #1434, #1242, #218, .T. ) ;
#2539 = LINE ( 'NONE', #3698, #2444 ) ;
#2540 = LINE ( 'NONE', #3678, #3406 ) ;
#2541 = ORIENTED_EDGE ( 'NONE', *, *, #585, .F. ) ;
#2542 = EDGE_CURVE ( 'NONE', #343, #2114, #805, .T. ) ;
#2543 = VECTOR ( 'NONE', #314, 39.37007874015748143 ) ;
#2544 = CARTESIAN_POINT ( 'NONE',  ( 0.7952755905511811330, -0.3070866141733051280, 0.1299212598424428766 ) ) ;
#2545 = DIRECTION ( 'NONE',  ( -0.000000000000000000, 1.000000000000000000, -0.000000000000000000 ) ) ;
#2546 = ORIENTED_EDGE ( 'NONE', *, *, #134, .F. ) ;
#2547 = CARTESIAN_POINT ( 'NONE',  ( 0.3740157480314957872, -0.4065671831132007807, 0.1299212598425193987 ) ) ;
#2548 = DIRECTION ( 'NONE',  ( -1.224606353822383175E-16, 1.000000000000000000, 0.000000000000000000 ) ) ;
#2549 = VERTEX_POINT ( 'NONE', #1673 ) ;
#2550 = ORIENTED_EDGE ( 'NONE', *, *, #1829, .T. ) ;
#2551 = CARTESIAN_POINT ( 'NONE',  ( 0.9338869806713815391, -0.5691911863333467547, -0.3369112748565616378 ) ) ;
#2552 = ADVANCED_FACE ( 'NONE', ( #2553 ), #3692, .T. ) ;
#2553 = FACE_OUTER_BOUND ( 'NONE', #1516, .T. ) ;
#2554 = CARTESIAN_POINT ( 'NONE',  ( 0.3149606299212598381, -0.3070866141732293553, 0.1299212598425193987 ) ) ;
#2555 = DIRECTION ( 'NONE',  ( 1.000000000000000000, -1.765266260657542258E-15, 1.749928233874846449E-15 ) ) ;
#2556 = ORIENTED_EDGE ( 'NONE', *, *, #1545, .F. ) ;
#2557 = DIRECTION ( 'NONE',  ( 0.5735764363510471586, -0.8191520442889910214, 0.000000000000000000 ) ) ;
#2558 = CARTESIAN_POINT ( 'NONE',  ( 0.9842519685039375910, -0.3973580007406856129, -0.2589378865140279373 ) ) ;
#2559 = VECTOR ( 'NONE', #1487, 39.37007874015748143 ) ;
#2560 = VERTEX_POINT ( 'NONE', #538 ) ;
#2561 = DIRECTION ( 'NONE',  ( 0.5735764363510463815, -0.8191520442889914655, 0.000000000000000000 ) ) ;
#2562 = LINE ( 'NONE', #1380, #1946 ) ;
#2563 = VECTOR ( 'NONE', #162, 39.37007874015748143 ) ;
#2564 = AXIS2_PLACEMENT_3D ( 'NONE', #1059, #2236, #1339 ) ;
#2565 = CIRCLE ( 'NONE', #2985, 0.04133858267716489926 ) ;
#2566 = DIRECTION ( 'NONE',  ( 0.000000000000000000, -0.9999619230641711987, 0.008726535498377166467 ) ) ;
#2567 = DIRECTION ( 'NONE',  ( 1.000000000000000000, 0.000000000000000000, 0.000000000000000000 ) ) ;
#2568 = AXIS2_PLACEMENT_3D ( 'NONE', #328, #573, #1728 ) ;
#2569 = PLANE ( 'NONE',  #871 ) ;
#2570 = ORIENTED_EDGE ( 'NONE', *, *, #643, .T. ) ;
#2571 = ORIENTED_EDGE ( 'NONE', *, *, #3438, .F. ) ;
#2572 = CARTESIAN_POINT ( 'NONE',  ( 0.9842519685039373689, -0.4724409448818909230, 0.2711247936186226282 ) ) ;
#2573 = PLANE ( 'NONE',  #1841 ) ;
#2574 = CYLINDRICAL_SURFACE ( 'NONE', #594, 0.01968503937007872254 ) ;
#2575 = ORIENTED_EDGE ( 'NONE', *, *, #3194, .F. ) ;
#2576 = EDGE_CURVE ( 'NONE', #2012, #484, #3055, .T. ) ;
#2577 = CARTESIAN_POINT ( 'NONE',  ( 0.9645669291338584417, -0.1061023622047244930, -0.2344488188976377729 ) ) ;
#2578 = CARTESIAN_POINT ( 'NONE',  ( 0.1137533552450366303, -0.1061023622047244375, 0.2007874015748031260 ) ) ;
#2579 = ORIENTED_EDGE ( 'NONE', *, *, #909, .F. ) ;
#2580 = CARTESIAN_POINT ( 'NONE',  ( 0.9763183186778450207, -0.003892458238831418733, -0.3657354959815433126 ) ) ;
#2581 = DIRECTION ( 'NONE',  ( -1.000000000000000000, 9.009809351996198136E-35, 2.252887631138710800E-16 ) ) ;
#2582 = EDGE_CURVE ( 'NONE', #1778, #1913, #1786, .T. ) ;
#2583 = LINE ( 'NONE', #2202, #2738 ) ;
#2584 = EDGE_CURVE ( 'NONE', #662, #1232, #1186, .T. ) ;
#2585 = CARTESIAN_POINT ( 'NONE',  ( 0.09874056817544095421, -0.9661843573925432693, -0.2360999007435267971 ) ) ;
#2586 = EDGE_CURVE ( 'NONE', #766, #2637, #577, .T. ) ;
#2587 = ORIENTED_EDGE ( 'NONE', *, *, #3383, .T. ) ;
#2588 = EDGE_LOOP ( 'NONE', ( #1730, #2205, #2955, #847 ) ) ;
#2589 = DIRECTION ( 'NONE',  ( 1.000000000000000000, 0.000000000000000000, 0.000000000000000000 ) ) ;
#2590 = LINE ( 'NONE', #1446, #2015 ) ;
#2591 = DIRECTION ( 'NONE',  ( -1.447327124118701461E-46, -2.988928549108039807E-15, 1.000000000000000000 ) ) ;
#2592 = DIRECTION ( 'NONE',  ( 0.000000000000000000, 0.000000000000000000, 1.000000000000000000 ) ) ;
#2593 = ORIENTED_EDGE ( 'NONE', *, *, #2187, .T. ) ;
#2594 = CARTESIAN_POINT ( 'NONE',  ( 0.07908076253709121761, -0.9842519685039369248, 0.2591144815120814404 ) ) ;
#2595 = PLANE ( 'NONE',  #203 ) ;
#2596 = ORIENTED_EDGE ( 'NONE', *, *, #1972, .F. ) ;
#2597 = DIRECTION ( 'NONE',  ( 0.000000000000000000, 0.000000000000000000, -1.000000000000000000 ) ) ;
#2598 = CARTESIAN_POINT ( 'NONE',  ( 0.9225961059400624720, -0.5530661460914374494, -0.2718283990901810832 ) ) ;
#2599 = CARTESIAN_POINT ( 'NONE',  ( 0.1184488426782578652, -0.9647959706067658070, -0.2557357218896377793 ) ) ;
#2600 = CARTESIAN_POINT ( 'NONE',  ( 0.09469564715995197612, -0.9768212811462677614, -0.2441897427738689008 ) ) ;
#2601 = EDGE_CURVE ( 'NONE', #1210, #3319, #1282, .T. ) ;
#2602 = ORIENTED_EDGE ( 'NONE', *, *, #1531, .F. ) ;
#2603 = ADVANCED_FACE ( 'NONE', ( #12 ), #3222, .T. ) ;
#2604 = ORIENTED_EDGE ( 'NONE', *, *, #3383, .F. ) ;
#2605 = FACE_OUTER_BOUND ( 'NONE', #2915, .T. ) ;
#2606 = CARTESIAN_POINT ( 'NONE',  ( 0.1000744943239248591, -0.8897637795275592509, 0.02362579497399610109 ) ) ;
#2607 = EDGE_CURVE ( 'NONE', #3124, #815, #2590, .T. ) ;
#2608 = DIRECTION ( 'NONE',  ( -0.000000000000000000, 1.000000000000000000, -0.000000000000000000 ) ) ;
#2609 = ORIENTED_EDGE ( 'NONE', *, *, #2627, .T. ) ;
#2610 = ORIENTED_EDGE ( 'NONE', *, *, #839, .F. ) ;
#2611 = CARTESIAN_POINT ( 'NONE',  ( 0.9803084019902827961, -0.09555551122757202642, -0.2497136468254580188 ) ) ;
#2612 = ORIENTED_EDGE ( 'NONE', *, *, #3679, .F. ) ;
#2613 = DIRECTION ( 'NONE',  ( 1.000000000000000000, -1.779863651756288612E-30, 1.224606353822293688E-16 ) ) ;
#2614 = VECTOR ( 'NONE', #142, 39.37007874015748143 ) ;
#2615 = CARTESIAN_POINT ( 'NONE',  ( 0.09616134323028109609, -0.9746786810975236470, -0.2412583506332086902 ) ) ;
#2616 = CARTESIAN_POINT ( 'NONE',  ( 0.3149606299212598381, -0.4055118110236217155, 0.1299212598425193987 ) ) ;
#2617 = VECTOR ( 'NONE', #1988, 39.37007874015748143 ) ;
#2618 =( BOUNDED_CURVE ( )  B_SPLINE_CURVE ( 3, ( #656, #2305, #335, #278 ),
 .UNSPECIFIED., .F., .T. ) 
 B_SPLINE_CURVE_WITH_KNOTS ( ( 4, 4 ),
 ( 3.141592653589789563, 3.752457891787806865 ),
 .UNSPECIFIED. ) 
 CURVE ( )  GEOMETRIC_REPRESENTATION_ITEM ( )  RATIONAL_B_SPLINE_CURVE ( ( 1.000000000000000000, 0.9691446338321509923, 0.9691446338321509923, 1.000000000000000000 ) ) 
 REPRESENTATION_ITEM ( '' )  );
#2619 = CARTESIAN_POINT ( 'NONE',  ( 0.08680070362485749202, -0.9831845966672088100, -0.2676995709318244487 ) ) ;
#2620 = VECTOR ( 'NONE', #99, 39.37007874015748143 ) ;
#2621 = VECTOR ( 'NONE', #1170, 39.37007874015748143 ) ;
#2622 = VERTEX_POINT ( 'NONE', #1140 ) ;
#2623 = ORIENTED_EDGE ( 'NONE', *, *, #2930, .F. ) ;
#2624 = CARTESIAN_POINT ( 'NONE',  ( 0.3517018730922547576, -0.9767738669273584584, -0.3569660967640829741 ) ) ;
#2625 = CIRCLE ( 'NONE', #2142, 0.01968503937007873988 ) ;
#2626 = AXIS2_PLACEMENT_3D ( 'NONE', #2678, #2753, #719 ) ;
#2627 = EDGE_CURVE ( 'NONE', #2340, #68, #3502, .T. ) ;
#2628 = CARTESIAN_POINT ( 'NONE',  ( 0.6496062992125984925, 0.000000000000000000, -0.2852362204724405159 ) ) ;
#2629 = LINE ( 'NONE', #578, #3167 ) ;
#2630 = VECTOR ( 'NONE', #1818, 39.37007874015748143 ) ;
#2631 = CARTESIAN_POINT ( 'NONE',  ( 0.1282121833600354810, -0.4055118110236205498, -0.2508549229714900353 ) ) ;
#2632 = VERTEX_POINT ( 'NONE', #350 ) ;
#2633 = CARTESIAN_POINT ( 'NONE',  ( 0.7834645669291337988, -0.3070866141732283561, 0.05118110236220473064 ) ) ;
#2634 = VECTOR ( 'NONE', #3525, 39.37007874015748143 ) ;
#2635 = DIRECTION ( 'NONE',  ( -1.000000000000000000, 0.000000000000000000, 0.000000000000000000 ) ) ;
#2636 = ADVANCED_FACE ( 'NONE', ( #898 ), #2893, .F. ) ;
#2637 = VERTEX_POINT ( 'NONE', #2606 ) ;
#2638 = CARTESIAN_POINT ( 'NONE',  ( 1.366966725261908133E-16, -0.8897637795275592509, -0.02362579497399607334 ) ) ;
#2639 = ORIENTED_EDGE ( 'NONE', *, *, #288, .F. ) ;
#2640 = CARTESIAN_POINT ( 'NONE',  ( 2.452713940226306456E-18, -0.02002859067789921135, 0.3736661476807927040 ) ) ;
#2641 = CARTESIAN_POINT ( 'NONE',  ( 0.09842519685039410882, -0.2086614173228346636, 0.2421259842519685179 ) ) ;
#2642 = CARTESIAN_POINT ( 'NONE',  ( 0.09859427344195552390, -0.9674560318517795299, -0.2363924902098602510 ) ) ;
#2643 = EDGE_LOOP ( 'NONE', ( #3500, #3251, #2320, #3058 ) ) ;
#2644 = EDGE_LOOP ( 'NONE', ( #250, #762, #2190, #1087 ) ) ;
#2645 = CARTESIAN_POINT ( 'NONE',  ( 0.3716239858910250216, -0.9628919737349204144, -0.3300392020501781709 ) ) ;
#2646 = CARTESIAN_POINT ( 'NONE',  ( 1.205321214392102562E-16, -0.3070866141732284116, 0.2499959792912975765 ) ) ;
#2647 = DIRECTION ( 'NONE',  ( -0.000000000000000000, -0.000000000000000000, 1.000000000000000000 ) ) ;
#2648 = CYLINDRICAL_SURFACE ( 'NONE', #1805, 0.02755905511811018380 ) ;
#2649 = VERTEX_POINT ( 'NONE', #2628 ) ;
#2650 = CARTESIAN_POINT ( 'NONE',  ( 0.3716239858910255212, -0.9628919737349210806, -0.2752641738109657954 ) ) ;
#2651 = CARTESIAN_POINT ( 'NONE',  ( 0.9743588645116662006, -0.09629172680213358981, -0.2442594543002246654 ) ) ;
#2652 = CARTESIAN_POINT ( 'NONE',  ( 0.000000000000000000, 0.000000000000000000, -0.1289606468857543153 ) ) ;
#2653 = EDGE_CURVE ( 'NONE', #1495, #1683, #3402, .T. ) ;
#2654 = ORIENTED_EDGE ( 'NONE', *, *, #333, .T. ) ;
#2655 = EDGE_CURVE ( 'NONE', #3295, #653, #2381, .T. ) ;
#2656 = ADVANCED_FACE ( 'NONE', ( #1997 ), #2507, .T. ) ;
#2657 = CIRCLE ( 'NONE', #1610, 0.1391836074263033129 ) ;
#2658 = ORIENTED_EDGE ( 'NONE', *, *, #1280, .F. ) ;
#2659 = EDGE_CURVE ( 'NONE', #386, #21, #1548, .T. ) ;
#2660 = CARTESIAN_POINT ( 'NONE',  ( 0.09874056817544095421, -0.9661843573925432693, -0.2360999007435267971 ) ) ;
#2661 = LINE ( 'NONE', #3448, #2862 ) ;
#2662 = DIRECTION ( 'NONE',  ( 0.000000000000000000, -1.000000000000000000, 0.000000000000000000 ) ) ;
#2663 = ORIENTED_EDGE ( 'NONE', *, *, #2046, .T. ) ;
#2664 = ORIENTED_EDGE ( 'NONE', *, *, #3446, .T. ) ;
#2665 = CARTESIAN_POINT ( 'NONE',  ( 0.3279937108462693263, -0.9842519685039370358, 0.3297533579769158507 ) ) ;
#2666 = DIMENSIONAL_EXPONENTS ( 1.000000000000000000, 0.000000000000000000, 0.000000000000000000, 0.000000000000000000, 0.000000000000000000, 0.000000000000000000, 0.000000000000000000 ) ;
#2667 = CARTESIAN_POINT ( 'NONE',  ( 0.9842519685039370358, -0.07874015748031494566, 0.2618110236220472231 ) ) ;
#2668 = LINE ( 'NONE', #883, #444 ) ;
#2669 = FACE_OUTER_BOUND ( 'NONE', #310, .T. ) ;
#2670 =( BOUNDED_CURVE ( )  B_SPLINE_CURVE ( 3, ( #511, #1943, #1603, #2842 ),
 .UNSPECIFIED., .F., .T. ) 
 B_SPLINE_CURVE_WITH_KNOTS ( ( 4, 4 ),
 ( 4.712388980384688786, 5.672320068981570707 ),
 .UNSPECIFIED. ) 
 CURVE ( )  GEOMETRIC_REPRESENTATION_ITEM ( )  RATIONAL_B_SPLINE_CURVE ( ( 1.000000000000000000, 0.9246738887854810685, 0.9246738887854810685, 1.000000000000000000 ) ) 
 REPRESENTATION_ITEM ( '' )  );
#2672 = ORIENTED_EDGE ( 'NONE', *, *, #2401, .F. ) ;
#2671 = EDGE_CURVE ( 'NONE', #3397, #2549, #2016, .T. ) ;
#2673 = DIRECTION ( 'NONE',  ( 0.000000000000000000, 0.000000000000000000, -1.000000000000000000 ) ) ;
#2674 = DIRECTION ( 'NONE',  ( 0.5735764363510448272, -0.8191520442889926867, 0.000000000000000000 ) ) ;
#2675 = CARTESIAN_POINT ( 'NONE',  ( 0.7834645669291337988, -0.4055118110236214379, 0.05118110236220473064 ) ) ;
#2676 = ORIENTED_EDGE ( 'NONE', *, *, #1399, .T. ) ;
#2677 = EDGE_CURVE ( 'NONE', #2896, #1375, #2875, .T. ) ;
#2678 = CARTESIAN_POINT ( 'NONE',  ( 0.8070866141732283561, -0.3070866141732283561, 0.1692913385826771699 ) ) ;
#2679 = CARTESIAN_POINT ( 'NONE',  ( 0.7795275590551181688, -0.3070866141732283561, 0.1299212598425198983 ) ) ;
#2680 = ORIENTED_EDGE ( 'NONE', *, *, #450, .F. ) ;
#2681 = VECTOR ( 'NONE', #707, 39.37007874015748854 ) ;
#2682 = ORIENTED_EDGE ( 'NONE', *, *, #2963, .T. ) ;
#2683 = LINE ( 'NONE', #2073, #3457 ) ;
#2684 = AXIS2_PLACEMENT_3D ( 'NONE', #40, #2332, #2913 ) ;
#2685 = AXIS2_PLACEMENT_3D ( 'NONE', #1908, #209, #1321 ) ;
#2686 = DIRECTION ( 'NONE',  ( 5.782411586589359611E-16, -1.000000000000000000, 0.000000000000000000 ) ) ;
#2687 = CARTESIAN_POINT ( 'NONE',  ( 0.7283464566929134243, -0.3070866141732284116, 0.2499959792912975765 ) ) ;
#2688 = ORIENTED_EDGE ( 'NONE', *, *, #3408, .F. ) ;
#2689 = VECTOR ( 'NONE', #3293, 39.37007874015748143 ) ;
#2690 = CARTESIAN_POINT ( 'NONE',  ( 0.3558167612671792601, -0.9403169173962473426, 0.3300392020501782264 ) ) ;
#2691 = ORIENTED_EDGE ( 'NONE', *, *, #2098, .T. ) ;
#2692 = DIRECTION ( 'NONE',  ( 0.01745174210552359606, 0.9998096356151559005, -0.008725206505940205637 ) ) ;
#2693 = CARTESIAN_POINT ( 'NONE',  ( 0.000000000000000000, 0.000000000000000000, 0.1289606468857543431 ) ) ;
#2694 = ORIENTED_EDGE ( 'NONE', *, *, #1422, .F. ) ;
#2695 = VECTOR ( 'NONE', #2799, 39.37007874015748143 ) ;
#2696 = CARTESIAN_POINT ( 'NONE',  ( 0.9842519685039370358, -0.01968503937007872948, 0.3740157480314960647 ) ) ;
#2697 = CARTESIAN_POINT ( 'NONE',  ( 0.9251968503937008093, -0.1061023622047244930, -0.2007874015748031260 ) ) ;
#2698 = CARTESIAN_POINT ( 'NONE',  ( 0.7874015748031496509, -0.3267716535433071168, 0.1164942662332224405 ) ) ;
#2699 = EDGE_CURVE ( 'NONE', #3103, #1286, #1178, .T. ) ;
#2700 = VERTEX_POINT ( 'NONE', #3200 ) ;
#2701 = DIRECTION ( 'NONE',  ( -0.5735764363510471586, 0.8191520442889911324, 0.000000000000000000 ) ) ;
#2702 = EDGE_CURVE ( 'NONE', #3584, #938, #3617, .T. ) ;
#2703 = EDGE_CURVE ( 'NONE', #1326, #3397, #2435, .T. ) ;
#2704 = CARTESIAN_POINT ( 'NONE',  ( 0.9834984264585646674, -0.08496366285131042029, 0.2555875182510518040 ) ) ;
#2705 = LINE ( 'NONE', #107, #2980 ) ;
#2706 = ORIENTED_EDGE ( 'NONE', *, *, #2971, .F. ) ;
#2707 = CARTESIAN_POINT ( 'NONE',  ( 0.9796321227178880209, -0.5102169769988162962, -0.3377004804905480717 ) ) ;
#2708 = CARTESIAN_POINT ( 'NONE',  ( 0.7795275590551181688, -0.3068887695602628973, 0.1690934939697048833 ) ) ;
#2709 = DIRECTION ( 'NONE',  ( -3.931831059615368417E-18, 0.9998476951563912696, -0.01745240643727998323 ) ) ;
#2710 = VERTEX_POINT ( 'NONE', #438 ) ;
#2711 = CARTESIAN_POINT ( 'NONE',  ( 0.3038787375031059002, -0.9842519685039369248, -0.3740157480314960647 ) ) ;
#2712 = DIRECTION ( 'NONE',  ( 0.000000000000000000, 0.000000000000000000, 1.000000000000000000 ) ) ;
#2713 = CARTESIAN_POINT ( 'NONE',  ( 0.000000000000000000, 0.000000000000000000, 0.3740157480314960647 ) ) ;
#2714 = FACE_OUTER_BOUND ( 'NONE', #2588, .T. ) ;
#2715 = ORIENTED_EDGE ( 'NONE', *, *, #3679, .T. ) ;
#2716 = LINE ( 'NONE', #435, #316 ) ;
#2717 = EDGE_CURVE ( 'NONE', #3618, #3610, #2384, .T. ) ;
#2718 = CARTESIAN_POINT ( 'NONE',  ( 0.9803084019902857937, -0.09555551122757285909, 0.2497136468254609609 ) ) ;
#2719 = EDGE_CURVE ( 'NONE', #1518, #623, #2732, .T. ) ;
#2720 = CARTESIAN_POINT ( 'NONE',  ( 0.3740157480314957872, 0.000000000000000000, 0.000000000000000000 ) ) ;
#2721 = ORIENTED_EDGE ( 'NONE', *, *, #2183, .F. ) ;
#2722 = CARTESIAN_POINT ( 'NONE',  ( 0.4527559055118110520, -0.3070866141732322974, 0.2057086614173264105 ) ) ;
#2723 = DIRECTION ( 'NONE',  ( 0.000000000000000000, 0.000000000000000000, -1.000000000000000000 ) ) ;
#2724 = CARTESIAN_POINT ( 'NONE',  ( 0.6496062992125984925, 0.000000000000000000, -0.1872047244094492691 ) ) ;
#2725 = ORIENTED_EDGE ( 'NONE', *, *, #3264, .T. ) ;
#2726 = ORIENTED_EDGE ( 'NONE', *, *, #3081, .F. ) ;
#2727 = CARTESIAN_POINT ( 'NONE',  ( 0.1138873606647611836, -0.09842519685039376187, -0.1931102362204724088 ) ) ;
#2728 = DIRECTION ( 'NONE',  ( -1.000000000000000000, -0.000000000000000000, -0.000000000000000000 ) ) ;
#2729 = CARTESIAN_POINT ( 'NONE',  ( 0.9842519685039372579, -0.09027138656745874179, 0.2457826151909173751 ) ) ;
#2730 = ORIENTED_EDGE ( 'NONE', *, *, #2426, .T. ) ;
#2731 = SURFACE_STYLE_FILL_AREA ( #1567 ) ;
#2732 = LINE ( 'NONE', #3524, #2865 ) ;
#2733 = DIRECTION ( 'NONE',  ( -1.000000000000000000, -0.000000000000000000, 0.000000000000000000 ) ) ;
#2734 = ORIENTED_EDGE ( 'NONE', *, *, #98, .T. ) ;
#2735 = CARTESIAN_POINT ( 'NONE',  ( 0.09876280378032724350, -0.9649104804416789305, 0.2360539303840697156 ) ) ;
#2736 = ADVANCED_FACE ( 'NONE', ( #655 ), #1873, .T. ) ;
#2737 = VECTOR ( 'NONE', #2001, 39.37007874015748143 ) ;
#2738 = VECTOR ( 'NONE', #1666, 39.37007874015748143 ) ;
#2739 = ORIENTED_EDGE ( 'NONE', *, *, #3384, .T. ) ;
#2740 = PLANE ( 'NONE',  #1834 ) ;
#2741 = DIRECTION ( 'NONE',  ( -1.000000000000000000, -0.000000000000000000, 0.000000000000000000 ) ) ;
#2742 = AXIS2_PLACEMENT_3D ( 'NONE', #2911, #1448, #3239 ) ;
#2743 = AXIS2_PLACEMENT_3D ( 'NONE', #674, #2967, #1828 ) ;
#2744 = AXIS2_PLACEMENT_3D ( 'NONE', #1907, #208, #816 ) ;
#2745 = EDGE_LOOP ( 'NONE', ( #3181, #1861, #2154, #3385 ) ) ;
#2746 = EDGE_CURVE ( 'NONE', #3347, #3391, #1007, .T. ) ;
#2747 = EDGE_CURVE ( 'NONE', #2121, #30, #1536, .T. ) ;
#2748 = VECTOR ( 'NONE', #3443, 39.37007874015748143 ) ;
#2749 = CARTESIAN_POINT ( 'NONE',  ( 0.9638617243481207852, -0.01395897195150196633, 0.3730543547358734502 ) ) ;
#2750 = ADVANCED_FACE ( 'NONE', ( #90 ), #3557, .F. ) ;
#2752 = EDGE_LOOP ( 'NONE', ( #3510, #580, #2195, #8, #671, #2907 ) ) ;
#2751 = AXIS2_PLACEMENT_3D ( 'NONE', #1251, #1008, #709 ) ;
#2753 = DIRECTION ( 'NONE',  ( -1.224606353822379970E-16, 1.000000000000000000, 0.000000000000000000 ) ) ;
#2754 = CARTESIAN_POINT ( 'NONE',  ( 0.7874015748031496509, -0.3070866141732284116, 0.2499959792912976320 ) ) ;
#2755 = EDGE_LOOP ( 'NONE', ( #1633, #3182, #42, #2944 ) ) ;
#2756 = CARTESIAN_POINT ( 'NONE',  ( 0.1119290538236437510, -0.2106165206392419942, 0.2007874015748031815 ) ) ;
#2757 = LINE ( 'NONE', #1367, #2509 ) ;
#2758 = CARTESIAN_POINT ( 'NONE',  ( 0.9645669291338584417, -0.4726127270767401800, -0.2514405037945243726 ) ) ;
#2759 = EDGE_LOOP ( 'NONE', ( #953, #706, #1205, #140, #1143, #2069, #3565, #667, #2163, #826, #3051, #1746 ) ) ;
#2760 = CARTESIAN_POINT ( 'NONE',  ( 0.9621814598804684371, -0.5437393884133007171, 0.2716433036939427392 ) ) ;
#2761 = ORIENTED_EDGE ( 'NONE', *, *, #911, .T. ) ;
#2762 = LINE ( 'NONE', #1520, #1586 ) ;
#2763 = CARTESIAN_POINT ( 'NONE',  ( 0.9842519685039370358, -0.07874015748031500117, -0.2618110236220472231 ) ) ;
#2764 = ORIENTED_EDGE ( 'NONE', *, *, #3050, .F. ) ;
#2765 = B_SPLINE_CURVE_WITH_KNOTS ( 'NONE', 3,
 ( #1172, #1149, #1740, #2336 ),
 .UNSPECIFIED., .F., .F.,
 ( 4, 4 ),
 ( 0.000000000000000000, 1.000000000000000000 ),
 .UNSPECIFIED. ) ;
#2766 =( BOUNDED_CURVE ( )  B_SPLINE_CURVE ( 3, ( #2763, #1830, #1612, #1032 ),
 .UNSPECIFIED., .F., .F. ) 
 B_SPLINE_CURVE_WITH_KNOTS ( ( 4, 4 ),
 ( 1.570796326794896558, 3.141592653589786455 ),
 .UNSPECIFIED. ) 
 CURVE ( )  GEOMETRIC_REPRESENTATION_ITEM ( )  RATIONAL_B_SPLINE_CURVE ( ( 1.000000000000000000, 0.8047378541243666028, 0.8047378541243666028, 1.000000000000000000 ) ) 
 REPRESENTATION_ITEM ( '' )  );
#2767 = CARTESIAN_POINT ( 'NONE',  ( 0.9566929133858271816, -0.4729219167128384527, -0.3657608652692980744 ) ) ;
#2768 = EDGE_CURVE ( 'NONE', #2341, #3271, #3254, .T. ) ;
#2769 = ADVANCED_FACE ( 'NONE', ( #992 ), #948, .F. ) ;
#2770 = EDGE_CURVE ( 'NONE', #2847, #426, #3338, .T. ) ;
#2771 = ORIENTED_EDGE ( 'NONE', *, *, #3034, .F. ) ;
#2772 = PLANE ( 'NONE',  #1887 ) ;
#2773 = PLANE ( 'NONE',  #925 ) ;
#2774 = EDGE_CURVE ( 'NONE', #1242, #3518, #1105, .T. ) ;
#2775 = ORIENTED_EDGE ( 'NONE', *, *, #3707, .F. ) ;
#2776 = AXIS2_PLACEMENT_3D ( 'NONE', #1777, #321, #2597 ) ;
#2777 = LINE ( 'NONE', #170, #2447 ) ;
#2778 = ORIENTED_EDGE ( 'NONE', *, *, #82, .T. ) ;
#2779 = VERTEX_POINT ( 'NONE', #3668 ) ;
#2780 = CARTESIAN_POINT ( 'NONE',  ( 0.3149606299212598381, -0.4055118110236213269, -1.212045828969005936E-15 ) ) ;
#2781 = DIRECTION ( 'NONE',  ( 1.000000000000000000, 0.000000000000000000, -1.224646799147353207E-16 ) ) ;
#2782 = AXIS2_PLACEMENT_3D ( 'NONE', #3224, #2608, #2592 ) ;
#2783 = ADVANCED_FACE ( 'NONE', ( #3329 ), #3703, .T. ) ;
#2784 = VERTEX_POINT ( 'NONE', #1911 ) ;
#2785 = CARTESIAN_POINT ( 'NONE',  ( 0.6496062992125984925, 0.000000000000000000, -0.2362204724409449064 ) ) ;
#2786 = LINE ( 'NONE', #180, #3465 ) ;
#2787 = ORIENTED_EDGE ( 'NONE', *, *, #3150, .T. ) ;
#2788 = FACE_OUTER_BOUND ( 'NONE', #2206, .T. ) ;
#2789 = LINE ( 'NONE', #183, #1883 ) ;
#2790 = EDGE_CURVE ( 'NONE', #272, #3494, #388, .T. ) ;
#2791 = DIRECTION ( 'NONE',  ( 0.000000000000000000, 0.008726535498377168201, 0.9999619230641713097 ) ) ;
#2792 = DIRECTION ( 'NONE',  ( 0.000000000000000000, -0.008726535498375379701, -0.9999619230641713097 ) ) ;
#2793 = LINE ( 'NONE', #214, #2085 ) ;
#2794 = ORIENTED_EDGE ( 'NONE', *, *, #3233, .T. ) ;
#2795 = ORIENTED_EDGE ( 'NONE', *, *, #2145, .F. ) ;
#2796 = CARTESIAN_POINT ( 'NONE',  ( 0.1183313061929936183, -0.9681474348200878044, -0.2557939720251947713 ) ) ;
#2797 = AXIS2_PLACEMENT_3D ( 'NONE', #1196, #1212, #1482 ) ;
#2798 = DIRECTION ( 'NONE',  ( -0.000000000000000000, -7.921591310839689703E-14, -1.000000000000000000 ) ) ;
#2799 = DIRECTION ( 'NONE',  ( -1.000000000000000000, -1.224606353822329434E-16, 4.627513523401259144E-30 ) ) ;
#2800 = CARTESIAN_POINT ( 'NONE',  ( 0.9645669291338583307, 0.005421867754061379663, -0.2472687590860269680 ) ) ;
#2801 = EDGE_LOOP ( 'NONE', ( #2334, #536, #1562, #1962, #308, #2739 ) ) ;
#2802 = AXIS2_PLACEMENT_3D ( 'NONE', #2164, #404, #3572 ) ;
#2803 = DIRECTION ( 'NONE',  ( 0.000000000000000000, 0.01745240643727999016, 0.9998476951563912696 ) ) ;
#2804 = AXIS2_PLACEMENT_3D ( 'NONE', #3294, #1009, #1806 ) ;
#2805 = AXIS2_PLACEMENT_3D ( 'NONE', #1439, #1147, #546 ) ;
#2806 = CARTESIAN_POINT ( 'NONE',  ( 0.9842519685039373689, -0.3858267716535417335, -0.2705407119160909146 ) ) ;
#2807 = ORIENTED_EDGE ( 'NONE', *, *, #2372, .F. ) ;
#2808 = CARTESIAN_POINT ( 'NONE',  ( -7.874015748012051872E-05, -0.2086614173228346636, 0.2007874015748031815 ) ) ;
#2809 = AXIS2_PLACEMENT_3D ( 'NONE', #882, #596, #3453 ) ;
#2810 = CARTESIAN_POINT ( 'NONE',  ( 0.1102451620773764740, -0.3070866141732283561, -0.2421259842519685179 ) ) ;
#2811 = VECTOR ( 'NONE', #949, 39.37007874015748143 ) ;
#2812 = AXIS2_PLACEMENT_3D ( 'NONE', #2832, #474, #1649 ) ;
#2813 = ORIENTED_EDGE ( 'NONE', *, *, #566, .T. ) ;
#2814 = CARTESIAN_POINT ( 'NONE',  ( 0.1186343313939333260, -0.9648572000997235332, -0.2557356348340693586 ) ) ;
#2815 = AXIS2_PLACEMENT_3D ( 'NONE', #1577, #754, #2411 ) ;
#2816 = DIRECTION ( 'NONE',  ( -1.000000000000000000, -4.370975665448835099E-31, 1.462388810449560097E-16 ) ) ;
#2817 = VERTEX_POINT ( 'NONE', #765 ) ;
#2818 = ADVANCED_FACE ( 'NONE', ( #457 ), #1625, .T. ) ;
#2819 = ORIENTED_EDGE ( 'NONE', *, *, #82, .F. ) ;
#2820 = CARTESIAN_POINT ( 'NONE',  ( 0.1105887657176957140, -0.2874015748031531481, 0.1496062992125951896 ) ) ;
#2821 = CARTESIAN_POINT ( 'NONE',  ( 0.9492884754017362203, -0.5584260659170198204, -0.2521893854572562765 ) ) ;
#2822 = DIRECTION ( 'NONE',  ( 0.000000000000000000, -1.000000000000000000, 0.000000000000000000 ) ) ;
#2823 = VERTEX_POINT ( 'NONE', #2181 ) ;
#2824 = DIRECTION ( 'NONE',  ( -1.779203565104414919E-14, 1.000000000000000000, 0.000000000000000000 ) ) ;
#2825 = DIRECTION ( 'NONE',  ( -1.728321507385005009E-30, 2.988928549108039807E-15, -1.000000000000000000 ) ) ;
#2826 = VERTEX_POINT ( 'NONE', #3123 ) ;
#2827 = LINE ( 'NONE', #2544, #868 ) ;
#2828 = CARTESIAN_POINT ( 'NONE',  ( 0.8622047244094488416, -0.3070866141732283561, 0.05118110236220473064 ) ) ;
#2829 = EDGE_CURVE ( 'NONE', #3490, #774, #2777, .T. ) ;
#2830 = PLANE ( 'NONE',  #2323 ) ;
#2831 = CARTESIAN_POINT ( 'NONE',  ( 0.09865885356659020999, -0.9644645388703478872, -0.2475652725904171070 ) ) ;
#2832 = CARTESIAN_POINT ( 'NONE',  ( 0.6496062992125984925, -0.007543180344280904157, -8.594602350335583145E-17 ) ) ;
#2833 = VERTEX_POINT ( 'NONE', #1079 ) ;
#2834 = ORIENTED_EDGE ( 'NONE', *, *, #1299, .F. ) ;
#2835 = LINE ( 'NONE', #3690, #1941 ) ;
#2836 = CARTESIAN_POINT ( 'NONE',  ( 0.1000744943239248452, -0.8897637795275592509, 0.08088378968779444400 ) ) ;
#2837 = CARTESIAN_POINT ( 'NONE',  ( 0.9645669291338584417, -0.2086614173228341362, 0.2618110236220472231 ) ) ;
#2838 = CARTESIAN_POINT ( 'NONE',  ( 0.000000000000000000, -0.01968503937007873988, 0.3736691458076353833 ) ) ;
#2839 = ORIENTED_EDGE ( 'NONE', *, *, #2971, .T. ) ;
#2840 = DIRECTION ( 'NONE',  ( -0.000000000000000000, -0.000000000000000000, 1.000000000000000000 ) ) ;
#2841 = VERTEX_POINT ( 'NONE', #1383 ) ;
#2842 = CARTESIAN_POINT ( 'NONE',  ( 0.9225961059400638042, -0.5532379282862872616, 0.2521441092660837713 ) ) ;
#2843 = DIRECTION ( 'NONE',  ( 0.000000000000000000, 0.000000000000000000, -1.000000000000000000 ) ) ;
#2844 = ORIENTED_EDGE ( 'NONE', *, *, #959, .F. ) ;
#2845 = CARTESIAN_POINT ( 'NONE',  ( 0.1181077843468185118, -0.9674560318517755331, -0.2559060011147228364 ) ) ;
#2846 = ORIENTED_EDGE ( 'NONE', *, *, #307, .F. ) ;
#2847 = VERTEX_POINT ( 'NONE', #745 ) ;
#2848 = CARTESIAN_POINT ( 'NONE',  ( 0.1166647329580262626, -0.9713842198319529997, -0.2566282193944736112 ) ) ;
#2849 = CARTESIAN_POINT ( 'NONE',  ( 0.7283464566929134243, -0.3070866141732322419, 0.2057086614173264105 ) ) ;
#2850 = CARTESIAN_POINT ( 'NONE',  ( 0.08293746339558819014, -0.3070866141732283561, -0.1299212598425196763 ) ) ;
#2851 = CARTESIAN_POINT ( 'NONE',  ( 0.3518701580724587497, -0.9767237528819785464, 0.2753647639009104697 ) ) ;
#2852 = ORIENTED_EDGE ( 'NONE', *, *, #1509, .F. ) ;
#2853 = AXIS2_PLACEMENT_3D ( 'NONE', #942, #3202, #2932 ) ;
#2854 = CARTESIAN_POINT ( 'NONE',  ( 0.1085271438757788032, -0.4055118110236206053, -0.2311721321537314466 ) ) ;
#2855 = CARTESIAN_POINT ( 'NONE',  ( 0.1138873606647600872, -0.09842519685039365085, 0.3740157480314960647 ) ) ;
#2856 = VECTOR ( 'NONE', #94, 39.37007874015748143 ) ;
#2857 = EDGE_CURVE ( 'NONE', #1352, #2933, #3649, .T. ) ;
#2858 = ORIENTED_EDGE ( 'NONE', *, *, #1813, .T. ) ;
#2859 = LINE ( 'NONE', #3529, #17 ) ;
#2860 = CARTESIAN_POINT ( 'NONE',  ( 0.7874015748031496509, -0.4055118110236216600, 0.1164942662332222045 ) ) ;
#2861 = CIRCLE ( 'NONE', #1947, 0.04901574803149563730 ) ;
#2862 = VECTOR ( 'NONE', #3497, 39.37007874015748143 ) ;
#2863 = EDGE_CURVE ( 'NONE', #3154, #2622, #2470, .T. ) ;
#2864 =( BOUNDED_SURFACE ( )  B_SPLINE_SURFACE ( 3, 2, ( 
 ( #3220, #3183, #9 ),
 ( #2665, #69, #576 ),
 ( #2380, #332, #3470 ),
 ( #2037, #1764, #2892 ) ),
 .UNSPECIFIED., .F., .F., .F. ) 
 B_SPLINE_SURFACE_WITH_KNOTS ( ( 4, 4 ),
 ( 3, 3 ),
 ( 3.141592653589793116, 3.752457891787809530 ),
 ( 0.000000000000000000, 1.000000000000000000 ),
 .UNSPECIFIED. ) 
 GEOMETRIC_REPRESENTATION_ITEM ( )  RATIONAL_B_SPLINE_SURFACE ( (
 ( 1.000000000000000000, 0.7132504491541805658, 1.000000000000000000),
 ( 1.000000000000000000, 0.7132528359070364754, 1.000000000000000000),
 ( 1.000000000000000000, 0.7128611834202478459, 1.000000000000000000),
 ( 1.000000000000000000, 0.7121433052451103807, 1.000000000000000000) ) ) 
 REPRESENTATION_ITEM ( '' )  SURFACE ( )  );
#2865 = VECTOR ( 'NONE', #2686, 39.37007874015748143 ) ;
#2866 = VECTOR ( 'NONE', #818, 39.37007874015748143 ) ;
#2867 = CARTESIAN_POINT ( 'NONE',  ( 0.07908076253709120373, -0.9842519685039370358, -0.2754195120195862545 ) ) ;
#2868 = LINE ( 'NONE', #2547, #862 ) ;
#2869 = AXIS2_PLACEMENT_3D ( 'NONE', #365, #3250, #2998 ) ;
#2870 = CARTESIAN_POINT ( 'NONE',  ( 0.09106073083942481383, -0.9803933034661024282, -0.2514595754149208662 ) ) ;
#2871 = ORIENTED_EDGE ( 'NONE', *, *, #361, .F. ) ;
#2872 = EDGE_LOOP ( 'NONE', ( #3187, #3659, #784, #652 ) ) ;
#2873 = AXIS2_PLACEMENT_3D ( 'NONE', #3261, #1013, #1560 ) ;
#2874 = CARTESIAN_POINT ( 'NONE',  ( 0.9842519685039372579, -0.5117609245670515783, 0.2714107438388290716 ) ) ;
#2875 = LINE ( 'NONE', #312, #2388 ) ;
#2876 = CARTESIAN_POINT ( 'NONE',  ( 0.9566929133858270706, -0.5030672344714627320, 0.3652346767905395586 ) ) ;
#2877 = DIRECTION ( 'NONE',  ( -0.5735764363510459374, 0.8191520442889917986, 0.000000000000000000 ) ) ;
#2878 = EDGE_LOOP ( 'NONE', ( #2556, #3669, #2795, #1099, #161 ) ) ;
#2879 = CARTESIAN_POINT ( 'NONE',  ( 0.9842519685039370358, -0.07874015748031500117, -0.2618110236220472231 ) ) ;
#2880 = DIRECTION ( 'NONE',  ( 1.000000000000000000, -0.000000000000000000, -0.000000000000000000 ) ) ;
#2881 = ORIENTED_EDGE ( 'NONE', *, *, #1592, .F. ) ;
#2882 = CARTESIAN_POINT ( 'NONE',  ( 0.9566929133858268486, -0.02002859067789921135, -0.3736661476807927040 ) ) ;
#2883 = EDGE_CURVE ( 'NONE', #442, #258, #2793, .T. ) ;
#2884 = EDGE_CURVE ( 'NONE', #996, #1894, #2757, .T. ) ;
#2885 = CARTESIAN_POINT ( 'NONE',  ( 0.1080103875662073165, -0.9842519685039368138, 0.2539158683843777964 ) ) ;
#2886 = CARTESIAN_POINT ( 'NONE',  ( 0.9397721901401654421, -0.5275840566914817842, 0.3648067340668555980 ) ) ;
#2887 = EDGE_CURVE ( 'NONE', #3319, #2649, #748, .T. ) ;
#2888 =( BOUNDED_CURVE ( )  B_SPLINE_CURVE ( 3, ( #686, #1209, #2093, #2679 ),
 .UNSPECIFIED., .F., .F. ) 
 B_SPLINE_CURVE_WITH_KNOTS ( ( 4, 4 ),
 ( 2.851840952153749331, 3.141592653589793116 ),
 .UNSPECIFIED. ) 
 CURVE ( )  GEOMETRIC_REPRESENTATION_ITEM ( )  RATIONAL_B_SPLINE_CURVE ( ( 1.000000000000000000, 0.9930158912520662406, 0.9930158912520662406, 1.000000000000000000 ) ) 
 REPRESENTATION_ITEM ( '' )  );
#2889 = LINE ( 'NONE', #1443, #931 ) ;
#2890 = ORIENTED_EDGE ( 'NONE', *, *, #3542, .F. ) ;
#2891 = ORIENTED_EDGE ( 'NONE', *, *, #1299, .T. ) ;
#2892 = CARTESIAN_POINT ( 'NONE',  ( 0.3558167612671792046, -0.9407978892271959825, 0.3575940597907086294 ) ) ;
#2893 = PLANE ( 'NONE',  #2809 ) ;
#2894 =( CONVERSION_BASED_UNIT ( 'INCH', #858 ) LENGTH_UNIT ( ) NAMED_UNIT ( #2666 ) );
#2895 = LINE ( 'NONE', #1199, #2053 ) ;
#2896 = VERTEX_POINT ( 'NONE', #3623 ) ;
#2897 = B_SPLINE_CURVE_WITH_KNOTS ( 'NONE', 3,
 ( #727, #3030, #982, #2446, #1544, #2462, #3550, #449, #146, #3615 ),
 .UNSPECIFIED., .F., .F.,
 ( 4, 2, 2, 2, 4 ),
 ( 0.000000000000000000, 0.2500000000000000000, 0.5000000000000000000, 0.7500000000000000000, 1.000000000000000000 ),
 .UNSPECIFIED. ) ;
#2898 = DIRECTION ( 'NONE',  ( -0.01745174210552359606, -0.9998096356151559005, 0.008725206505940205637 ) ) ;
#2899 = ADVANCED_FACE ( 'NONE', ( #1952 ), #3106, .T. ) ;
#2900 = ORIENTED_EDGE ( 'NONE', *, *, #1534, .F. ) ;
#2901 = FACE_OUTER_BOUND ( 'NONE', #1341, .T. ) ;
#2902 = EDGE_CURVE ( 'NONE', #1352, #1778, #3687, .T. ) ;
#2903 = CYLINDRICAL_SURFACE ( 'NONE', #506, 0.01968503937007873295 ) ;
#2904 = PLANE ( 'NONE',  #1708 ) ;
#2905 = CARTESIAN_POINT ( 'NONE',  ( 0.09805905007046064603, -0.9699473217449686713, -0.2374629369528515888 ) ) ;
#2906 = EDGE_LOOP ( 'NONE', ( #926, #2541, #2672, #2346 ) ) ;
#2907 = ORIENTED_EDGE ( 'NONE', *, *, #2466, .T. ) ;
#2908 = DIRECTION ( 'NONE',  ( 0.000000000000000000, -0.000000000000000000, -1.000000000000000000 ) ) ;
#2909 = CARTESIAN_POINT ( 'NONE',  ( 0.9645669291338583307, 0.000000000000000000, 0.3539841064375566226 ) ) ;
#2910 = DIRECTION ( 'NONE',  ( 0.000000000000000000, 0.000000000000000000, -1.000000000000000000 ) ) ;
#2911 = CARTESIAN_POINT ( 'NONE',  ( 0.6496062992125984925, 0.000000000000000000, 0.2362204724409449064 ) ) ;
#2912 = ORIENTED_EDGE ( 'NONE', *, *, #123, .T. ) ;
#2913 = DIRECTION ( 'NONE',  ( 0.000000000000000000, 0.000000000000000000, -1.000000000000000000 ) ) ;
#2914 = CARTESIAN_POINT ( 'NONE',  ( 0.3283102012719218421, -0.9842519685039370358, 0.2754195120195865876 ) ) ;
#2915 = EDGE_LOOP ( 'NONE', ( #1181, #1378, #1060, #2402 ) ) ;
#2916 = CARTESIAN_POINT ( 'NONE',  ( 0.9645669291338583307, -0.09842519685039370636, 0.2421259842519685179 ) ) ;
#2917 = EDGE_LOOP ( 'NONE', ( #2570, #2044, #3544, #1918 ) ) ;
#2918 = AXIS2_PLACEMENT_3D ( 'NONE', #39, #958, #1790 ) ;
#2919 = AXIS2_PLACEMENT_3D ( 'NONE', #2577, #1919, #2824 ) ;
#2920 = CARTESIAN_POINT ( 'NONE',  ( 0.9842519685039372579, -0.4724409448818909230, 0.3382060075287675049 ) ) ;
#2921 = AXIS2_PLACEMENT_3D ( 'NONE', #3605, #1076, #830 ) ;
#2922 = CARTESIAN_POINT ( 'NONE',  ( 0.08417607363032166001, -0.9837510780636733454, -0.2652288898331263689 ) ) ;
#2923 = AXIS2_PLACEMENT_3D ( 'NONE', #1331, #3336, #1103 ) ;
#2924 = AXIS2_PLACEMENT_3D ( 'NONE', #1585, #2728, #363 ) ;
#2925 = ORIENTED_EDGE ( 'NONE', *, *, #1974, .F. ) ;
#2926 = ORIENTED_EDGE ( 'NONE', *, *, #2677, .T. ) ;
#2927 = FACE_OUTER_BOUND ( 'NONE', #1761, .T. ) ;
#2928 = AXIS2_PLACEMENT_3D ( 'NONE', #636, #840, #2361 ) ;
#2929 = DIRECTION ( 'NONE',  ( 0.000000000000000000, -1.000000000000000000, -2.988928549108039807E-15 ) ) ;
#2930 = EDGE_CURVE ( 'NONE', #3355, #3154, #36, .T. ) ;
#2931 = AXIS2_PLACEMENT_3D ( 'NONE', #1062, #2514, #1348 ) ;
#2932 = DIRECTION ( 'NONE',  ( 0.000000000000000000, 1.000000000000000000, -1.275531967630010915E-16 ) ) ;
#2933 = VERTEX_POINT ( 'NONE', #1096 ) ;
#2934 = CARTESIAN_POINT ( 'NONE',  ( 0.6496062992125984925, 0.000000000000000000, -0.1316392780441159871 ) ) ;
#2935 = AXIS2_PLACEMENT_3D ( 'NONE', #13, #2929, #3734 ) ;
#2936 = EDGE_CURVE ( 'NONE', #1616, #1571, #1971, .T. ) ;
#2937 = CARTESIAN_POINT ( 'NONE',  ( 0.9817674487732147570, -0.08865391649327254708, -0.2480308985940380684 ) ) ;
#2938 = DIRECTION ( 'NONE',  ( 0.000000000000000000, 0.000000000000000000, 1.000000000000000000 ) ) ;
#2939 = ORIENTED_EDGE ( 'NONE', *, *, #3312, .F. ) ;
#2940 = ORIENTED_EDGE ( 'NONE', *, *, #1953, .T. ) ;
#2941 = DIRECTION ( 'NONE',  ( -0.8191417824367097644, -0.5735692509247238835, -0.005005463021664629218 ) ) ;
#2942 = DIRECTION ( 'NONE',  ( 0.01745240643728699498, 0.9998476951563911586, -3.097248694980526798E-16 ) ) ;
#2943 = ADVANCED_FACE ( 'NONE', ( #1193 ), #2569, .F. ) ;
#2944 = ORIENTED_EDGE ( 'NONE', *, *, #1530, .T. ) ;
#2945 = ORIENTED_EDGE ( 'NONE', *, *, #2330, .T. ) ;
#2946 = PLANE ( 'NONE',  #2797 ) ;
#2947 = DIRECTION ( 'NONE',  ( 0.000000000000000000, 0.9999619230641711987, 0.008726535498374475910 ) ) ;
#2948 = CARTESIAN_POINT ( 'NONE',  ( 0.9427733547152534754, -0.5298064578929613244, 0.3647679419095871678 ) ) ;
#2949 = CARTESIAN_POINT ( 'NONE',  ( 0.3279937077136155232, -0.9842519685039370358, 0.2754195120195778723 ) ) ;
#2950 = ORIENTED_EDGE ( 'NONE', *, *, #3050, .T. ) ;
#2951 = DIRECTION ( 'NONE',  ( 0.000000000000000000, 2.988928549108039807E-15, -1.000000000000000000 ) ) ;
#2952 = CARTESIAN_POINT ( 'NONE',  ( 0.6496062992125984925, -0.09448818897637792369, 0.2362204724409449064 ) ) ;
#2953 = CARTESIAN_POINT ( 'NONE',  ( 0.9842519685039370358, -0.07874015748031500117, -0.2421259842519685179 ) ) ;
#2954 = EDGE_LOOP ( 'NONE', ( #1077, #1819, #599, #3423, #3650, #1080, #2490, #716 ) ) ;
#2955 = ORIENTED_EDGE ( 'NONE', *, *, #2484, .F. ) ;
#2956 = CARTESIAN_POINT ( 'NONE',  ( 0.3038787375031059002, -0.9571738852167753775, -0.3573082157174463092 ) ) ;
#2957 = CARTESIAN_POINT ( 'NONE',  ( 0.6496062992125984925, -0.007677165354330725035, 0.2362204724409449064 ) ) ;
#2958 = CYLINDRICAL_SURFACE ( 'NONE', #2869, 0.01968503937007873988 ) ;
#2959 = ORIENTED_EDGE ( 'NONE', *, *, #1440, .T. ) ;
#2960 = ORIENTED_EDGE ( 'NONE', *, *, #838, .T. ) ;
#2961 = DIRECTION ( 'NONE',  ( 0.000000000000000000, 0.000000000000000000, -1.000000000000000000 ) ) ;
#2962 = DIRECTION ( 'NONE',  ( 1.000000000000000000, 0.000000000000000000, -0.000000000000000000 ) ) ;
#2963 = EDGE_CURVE ( 'NONE', #1820, #2394, #1724, .T. ) ;
#2964 = CARTESIAN_POINT ( 'NONE',  ( 0.3038787375031080096, -0.9645669291338583307, 0.2754195120195865876 ) ) ;
#2965 = EDGE_LOOP ( 'NONE', ( #2209, #459, #2003, #2497 ) ) ;
#2966 = LINE ( 'NONE', #2365, #677 ) ;
#2967 = DIRECTION ( 'NONE',  ( 0.000000000000000000, 0.000000000000000000, -1.000000000000000000 ) ) ;
#2968 = LINE ( 'NONE', #2652, #327 ) ;
#2969 = EDGE_LOOP ( 'NONE', ( #2261, #3739, #3576, #2072 ) ) ;
#2970 = ADVANCED_FACE ( 'NONE', ( #591 ), #1327, .F. ) ;
#2971 = EDGE_CURVE ( 'NONE', #2319, #2700, #1456, .T. ) ;
#2972 = CARTESIAN_POINT ( 'NONE',  ( 0.1184508415056024222, -0.9645669291338583307, 0.2754195120195865876 ) ) ;
#2973 = CARTESIAN_POINT ( 'NONE',  ( 0.7283464566929134243, -0.3070866141732283561, 0.1118089582344145710 ) ) ;
#2974 = EDGE_CURVE ( 'NONE', #583, #2376, #2264, .T. ) ;
#2975 = DIRECTION ( 'NONE',  ( 5.781530897296982634E-16, -0.9998476951563912696, -0.01745240643727998323 ) ) ;
#2976 = ORIENTED_EDGE ( 'NONE', *, *, #3438, .T. ) ;
#2977 = COLOUR_RGB ( '',0.7921568627450980005, 0.8196078431372548767, 0.9333333333333333481 ) ;
#2978 = ORIENTED_EDGE ( 'NONE', *, *, #517, .F. ) ;
#2979 = DIRECTION ( 'NONE',  ( 0.000000000000000000, -0.000000000000000000, 1.000000000000000000 ) ) ;
#2980 = VECTOR ( 'NONE', #2132, 39.37007874015748143 ) ;
#2981 = VECTOR ( 'NONE', #364, 39.37007874015748143 ) ;
#2982 = CARTESIAN_POINT ( 'NONE',  ( 0.1138873606647611836, -0.1061023622047244791, -0.2007874015748031260 ) ) ;
#2983 = CARTESIAN_POINT ( 'NONE',  ( 0.1085271438757798579, -0.4055118110236217155, 0.1299212598425186216 ) ) ;
#2984 = VERTEX_POINT ( 'NONE', #1760 ) ;
#2985 = AXIS2_PLACEMENT_3D ( 'NONE', #3598, #1809, #1240 ) ;
#2986 = CARTESIAN_POINT ( 'NONE',  ( 0.6496062992125984925, 0.000000000000000000, 0.1872047244094492691 ) ) ;
#2987 = VECTOR ( 'NONE', #415, 39.37007874015748143 ) ;
#2988 = DIRECTION ( 'NONE',  ( -1.224606353822380216E-16, 1.000000000000000000, 5.898059818321144121E-14 ) ) ;
#2989 = VECTOR ( 'NONE', #1056, 39.37007874015748143 ) ;
#2990 = CARTESIAN_POINT ( 'NONE',  ( 2.321364219402941184E-49, 0.000000000000000000, -0.3539841064375566226 ) ) ;
#2991 = ORIENTED_EDGE ( 'NONE', *, *, #3150, .F. ) ;
#2992 = CIRCLE ( 'NONE', #1958, 0.007677165354330720698 ) ;
#2993 = CARTESIAN_POINT ( 'NONE',  ( 0.9283768364040454468, -0.09842519685039377575, -0.2389459982416238526 ) ) ;
#2994 = FACE_OUTER_BOUND ( 'NONE', #463, .T. ) ;
#2995 = DIRECTION ( 'NONE',  ( 1.000000000000000000, 1.224606353822379970E-16, -0.000000000000000000 ) ) ;
#2996 = ADVANCED_FACE ( 'NONE', ( #2067 ), #533, .F. ) ;
#2997 = EDGE_CURVE ( 'NONE', #2114, #3467, #2889, .T. ) ;
#2998 = DIRECTION ( 'NONE',  ( 1.000000000000000000, 0.000000000000000000, 0.000000000000000000 ) ) ;
#2999 = ORIENTED_EDGE ( 'NONE', *, *, #1950, .F. ) ;
#3000 = DIRECTION ( 'NONE',  ( 0.8191109929416037216, 0.5735476918881526887, 0.01001131220133501601 ) ) ;
#3001 = CARTESIAN_POINT ( 'NONE',  ( 0.9697194472590091596, -0.09791284766912621007, 0.2351609842595978328 ) ) ;
#3002 = PLANE ( 'NONE',  #2804 ) ;
#3003 = VERTEX_POINT ( 'NONE', #66 ) ;
#3004 = DIRECTION ( 'NONE',  ( -1.000000000000000000, -1.224606353822379970E-16, -1.068697774553504719E-18 ) ) ;
#3005 = LINE ( 'NONE', #2171, #384 ) ;
#3006 = DIRECTION ( 'NONE',  ( 1.000000000000000000, 0.000000000000000000, -0.000000000000000000 ) ) ;
#3007 = ORIENTED_EDGE ( 'NONE', *, *, #2329, .T. ) ;
#3008 = FACE_OUTER_BOUND ( 'NONE', #2906, .T. ) ;
#3009 = PLANE ( 'NONE',  #2626 ) ;
#3010 = CARTESIAN_POINT ( 'NONE',  ( 0.9338869806713837596, -0.5691911863333467547, 0.3369112748565616378 ) ) ;
#3011 = EDGE_CURVE ( 'NONE', #1796, #2394, #3535, .T. ) ;
#3012 = ORIENTED_EDGE ( 'NONE', *, *, #2768, .F. ) ;
#3013 = CARTESIAN_POINT ( 'NONE',  ( 0.9719342864237864310, -0.09731786124838835705, 0.2432333198539722297 ) ) ;
#3014 = EDGE_CURVE ( 'NONE', #662, #2632, #2375, .T. ) ;
#3015 = PLANE ( 'NONE',  #380 ) ;
#3016 = ORIENTED_EDGE ( 'NONE', *, *, #604, .T. ) ;
#3017 = LINE ( 'NONE', #3053, #980 ) ;
#3018 = B_SPLINE_CURVE_WITH_KNOTS ( 'NONE', 3,
 ( #3162, #2599, #4, #1150 ),
 .UNSPECIFIED., .F., .F.,
 ( 4, 4 ),
 ( 0.000000000000000000, 1.000000000000000000 ),
 .UNSPECIFIED. ) ;
#3019 = ADVANCED_FACE ( 'NONE', ( #3516 ), #84, .T. ) ;
#3020 = CARTESIAN_POINT ( 'NONE',  ( 0.3238079720363167269, -0.9632049166406020380, -0.2557218369720270501 ) ) ;
#3021 = CARTESIAN_POINT ( 'NONE',  ( 0.9328740157480315265, -0.09842519685039376187, -0.2344488188976377729 ) ) ;
#3022 = ORIENTED_EDGE ( 'NONE', *, *, #3094, .F. ) ;
#3023 = LINE ( 'NONE', #757, #1278 ) ;
#3024 = CARTESIAN_POINT ( 'NONE',  ( 0.9760981582210022101, -0.4055118110236220486, 0.2508549229714903128 ) ) ;
#3025 = CARTESIAN_POINT ( 'NONE',  ( 0.000000000000000000, -0.01968503937007873988, -0.3539841064375566226 ) ) ;
#3026 = ORIENTED_EDGE ( 'NONE', *, *, #3587, .T. ) ;
#3027 = DIRECTION ( 'NONE',  ( 0.000000000000000000, -0.7071067811865512365, 0.7071067811865437980 ) ) ;
#3028 = CARTESIAN_POINT ( 'NONE',  ( 0.9671441588074943807, -0.1061023622020576818, 0.2421259842519685179 ) ) ;
#3029 = AXIS2_PLACEMENT_3D ( 'NONE', #1065, #2589, #1932 ) ;
#3030 = CARTESIAN_POINT ( 'NONE',  ( 0.9842519685039368138, -0.4848381751560836284, -0.2712149511095174881 ) ) ;
#3031 = VERTEX_POINT ( 'NONE', #951 ) ;
#3032 = DIRECTION ( 'NONE',  ( -0.000000000000000000, 1.000000000000000000, -0.000000000000000000 ) ) ;
#3033 = AXIS2_PLACEMENT_3D ( 'NONE', #456, #169, #2979 ) ;
#3034 = EDGE_CURVE ( 'NONE', #3387, #2649, #3522, .T. ) ;
#3035 = ORIENTED_EDGE ( 'NONE', *, *, #2258, .T. ) ;
#3036 = EDGE_CURVE ( 'NONE', #647, #442, #2888, .T. ) ;
#3037 = EDGE_CURVE ( 'NONE', #386, #2817, #1774, .T. ) ;
#3038 = DIRECTION ( 'NONE',  ( -0.01745240643728699498, -0.9998476951563911586, 0.000000000000000000 ) ) ;
#3039 = AXIS2_PLACEMENT_3D ( 'NONE', #95, #395, #976 ) ;
#3040 = AXIS2_PLACEMENT_3D ( 'NONE', #1075, #2177, #1638 ) ;
#3041 = ORIENTED_EDGE ( 'NONE', *, *, #2699, .F. ) ;
#3042 = ADVANCED_FACE ( 'NONE', ( #1800 ), #2958, .T. ) ;
#3043 = VECTOR ( 'NONE', #3234, 39.37007874015748143 ) ;
#3044 = LINE ( 'NONE', #966, #1641 ) ;
#3045 = ORIENTED_EDGE ( 'NONE', *, *, #1643, .F. ) ;
#3046 = DIRECTION ( 'NONE',  ( -1.000000000000000000, 0.000000000000000000, 0.000000000000000000 ) ) ;
#3047 = PLANE ( 'NONE',  #2193 ) ;
#3048 = ORIENTED_EDGE ( 'NONE', *, *, #2699, .T. ) ;
#3049 = PLANE ( 'NONE',  #3033 ) ;
#3050 = EDGE_CURVE ( 'NONE', #1923, #343, #383, .T. ) ;
#3051 = ORIENTED_EDGE ( 'NONE', *, *, #2274, .T. ) ;
#3052 = ORIENTED_EDGE ( 'NONE', *, *, #2379, .T. ) ;
#3053 = CARTESIAN_POINT ( 'NONE',  ( -7.874015748012051872E-05, -0.2086614173228346636, -0.2007874015748030982 ) ) ;
#3054 = ORIENTED_EDGE ( 'NONE', *, *, #2703, .T. ) ;
#3055 = LINE ( 'NONE', #295, #562 ) ;
#3056 = CARTESIAN_POINT ( 'NONE',  ( 0.000000000000000000, -0.02002859067789921135, 0.3736661476807927040 ) ) ;
#3057 = ADVANCED_FACE ( 'NONE', ( #2714 ), #665, .F. ) ;
#3058 = ORIENTED_EDGE ( 'NONE', *, *, #521, .F. ) ;
#3059 = DIRECTION ( 'NONE',  ( -0.000000000000000000, 1.000000000000000000, -0.000000000000000000 ) ) ;
#3060 = DIRECTION ( 'NONE',  ( 0.000000000000000000, 0.000000000000000000, -1.000000000000000000 ) ) ;
#3061 = EDGE_LOOP ( 'NONE', ( #2912, #1871, #2170, #347 ) ) ;
#3062 = DIRECTION ( 'NONE',  ( 0.000000000000000000, -3.097720492815727166E-16, -1.000000000000000000 ) ) ;
#3063 = FACE_OUTER_BOUND ( 'NONE', #2965, .T. ) ;
#3064 = ORIENTED_EDGE ( 'NONE', *, *, #1744, .F. ) ;
#3065 = DIRECTION ( 'NONE',  ( 1.000000000000000000, -0.000000000000000000, -0.000000000000000000 ) ) ;
#3066 = DIRECTION ( 'NONE',  ( 0.5735764363510448272, -0.8191520442889926867, 0.000000000000000000 ) ) ;
#3067 = ORIENTED_EDGE ( 'NONE', *, *, #2047, .F. ) ;
#3068 = ORIENTED_EDGE ( 'NONE', *, *, #2677, .F. ) ;
#3069 = CARTESIAN_POINT ( 'NONE',  ( 0.9566929133858267376, -0.4729219167128384527, -0.3657608652692980744 ) ) ;
#3070 = ORIENTED_EDGE ( 'NONE', *, *, #3080, .T. ) ;
#3071 = CARTESIAN_POINT ( 'NONE',  ( 1.365923996832131609E-16, -0.8897637795275592509, -0.02362579497399901543 ) ) ;
#3072 = CARTESIAN_POINT ( 'NONE',  ( 0.9842519685039370358, -0.4724409448818898127, -0.2711247936186220731 ) ) ;
#3073 = DIRECTION ( 'NONE',  ( -0.000000000000000000, 0.000000000000000000, -1.000000000000000000 ) ) ;
#3074 = VERTEX_POINT ( 'NONE', #102 ) ;
#3075 = CARTESIAN_POINT ( 'NONE',  ( 0.6496062992125984925, 0.000000000000000000, -8.594602350335583145E-17 ) ) ;
#3076 = LINE ( 'NONE', #2249, #568 ) ;
#3077 = ORIENTED_EDGE ( 'NONE', *, *, #3711, .F. ) ;
#3078 = FACE_OUTER_BOUND ( 'NONE', #1230, .T. ) ;
#3079 = DIRECTION ( 'NONE',  ( 0.8191417824367097644, 0.5735692509247236615, 0.005005463021664702944 ) ) ;
#3080 = EDGE_CURVE ( 'NONE', #3197, #3627, #2128, .T. ) ;
#3081 = EDGE_CURVE ( 'NONE', #2817, #662, #2786, .T. ) ;
#3082 = ORIENTED_EDGE ( 'NONE', *, *, #961, .F. ) ;
#3083 = CARTESIAN_POINT ( 'NONE',  ( 0.8072148163030198331, -0.3070866141732283561, 0.1512363160175384524 ) ) ;
#3084 = CARTESIAN_POINT ( 'NONE',  ( 0.9645669291338582196, -0.09842519685039372024, 0.2421259842519684902 ) ) ;
#3085 = ORIENTED_EDGE ( 'NONE', *, *, #1664, .F. ) ;
#3086 = EDGE_LOOP ( 'NONE', ( #1843, #1551, #551, #3085, #274, #747 ) ) ;
#3087 = CARTESIAN_POINT ( 'NONE',  ( 0.9842519685039373689, -0.4724409448818909230, 0.3382060075287675049 ) ) ;
#3088 = VECTOR ( 'NONE', #3032, 39.37007874015748143 ) ;
#3089 = CARTESIAN_POINT ( 'NONE',  ( 0.9427733547152524762, -0.5298064578929613244, -0.3647679419095874453 ) ) ;
#3090 = LINE ( 'NONE', #3378, #934 ) ;
#3091 = DIRECTION ( 'NONE',  ( 0.000000000000000000, -1.000000000000000000, 0.000000000000000000 ) ) ;
#3092 = ORIENTED_EDGE ( 'NONE', *, *, #3309, .T. ) ;
#3093 = AXIS2_PLACEMENT_3D ( 'NONE', #723, #3607, #1022 ) ;
#3094 = EDGE_CURVE ( 'NONE', #3639, #2560, #1246, .T. ) ;
#3095 = LINE ( 'NONE', #1417, #2737 ) ;
#3096 = AXIS2_PLACEMENT_3D ( 'NONE', #2248, #3401, #812 ) ;
#3097 = AXIS2_PLACEMENT_3D ( 'NONE', #1663, #3369, #2843 ) ;
#3098 = FACE_OUTER_BOUND ( 'NONE', #2643, .T. ) ;
#3099 = ORIENTED_EDGE ( 'NONE', *, *, #1137, .T. ) ;
#3100 = CARTESIAN_POINT ( 'NONE',  ( 0.9570994131977024200, -0.01968503937007924989, 0.3736691458076353833 ) ) ;
#3101 = DIRECTION ( 'NONE',  ( -0.01745240643728699498, -0.9998476951563911586, 7.686034799447591440E-13 ) ) ;
#3102 = VECTOR ( 'NONE', #1308, 39.37007874015748143 ) ;
#3103 = VERTEX_POINT ( 'NONE', #3345 ) ;
#3104 = CARTESIAN_POINT ( 'NONE',  ( 0.09876362116411517567, -0.9649158721617644430, -0.2358660758882391573 ) ) ;
#3105 =( GEOMETRIC_REPRESENTATION_CONTEXT ( 3 ) GLOBAL_UNCERTAINTY_ASSIGNED_CONTEXT ( ( #357 ) ) GLOBAL_UNIT_ASSIGNED_CONTEXT ( ( #2894, #2454, #370 ) ) REPRESENTATION_CONTEXT ( 'NONE', 'WORKASPACE' ) );
#3106 = CYLINDRICAL_SURFACE ( 'NONE', #1716, 0.01968503937007873988 ) ;
#3107 = EDGE_LOOP ( 'NONE', ( #2900, #3730, #3736, #6 ) ) ;
#3108 = EDGE_LOOP ( 'NONE', ( #1789, #1358, #1851, #2881 ) ) ;
#3109 = CARTESIAN_POINT ( 'NONE',  ( 0.1184448450235649625, -0.9649104804416771541, -0.2557374707763500621 ) ) ;
#3110 = CARTESIAN_POINT ( 'NONE',  ( 0.000000000000000000, 0.000000000000000000, -0.1289606468857543153 ) ) ;
#3111 = CARTESIAN_POINT ( 'NONE',  ( 0.3464566929133858775, -0.09842519685039372024, 0.1299212598425200371 ) ) ;
#3112 = CARTESIAN_POINT ( 'NONE',  ( 0.9645669291338585527, -0.3858267716535436209, 0.3740157480314948990 ) ) ;
#3113 = VERTEX_POINT ( 'NONE', #1904 ) ;
#3114 = B_SPLINE_CURVE_WITH_KNOTS ( 'NONE', 3,
 ( #1243, #2174, #2749, #2479, #735, #1882 ),
 .UNSPECIFIED., .F., .F.,
 ( 4, 2, 4 ),
 ( 8.225174757156367633E-06, 0.0003480292201243272111, 0.0006878332654914980342 ),
 .UNSPECIFIED. ) ;
#3115 = CARTESIAN_POINT ( 'NONE',  ( 0.3038787375031080096, -0.9571738852167755995, 0.3573082157174463092 ) ) ;
#3116 = DIRECTION ( 'NONE',  ( 0.000000000000000000, -1.000000000000000000, -2.988928549108039807E-15 ) ) ;
#3117 = EDGE_LOOP ( 'NONE', ( #2185, #2478 ) ) ;
#3118 = LINE ( 'NONE', #3405, #3638 ) ;
#3119 = LINE ( 'NONE', #1925, #685 ) ;
#3120 = CARTESIAN_POINT ( 'NONE',  ( 0.1102451620773763213, -0.3070866141732352395, 0.1692913385826771699 ) ) ;
#3121 = DIRECTION ( 'NONE',  ( 0.000000000000000000, -0.9999619230641713097, 0.008726535498375381436 ) ) ;
#3122 = ADVANCED_FACE ( 'NONE', ( #1782 ), #3554, .F. ) ;
#3123 = CARTESIAN_POINT ( 'NONE',  ( 0.9842519685039372579, -0.3267716535433071168, -0.2618110236220472231 ) ) ;
#3124 = VERTEX_POINT ( 'NONE', #465 ) ;
#3125 = ORIENTED_EDGE ( 'NONE', *, *, #288, .T. ) ;
#3126 = CARTESIAN_POINT ( 'NONE',  ( 0.6496062992125984925, -0.007677165354330725035, 0.1948818897637799863 ) ) ;
#3127 = EDGE_CURVE ( 'NONE', #647, #427, #2503, .T. ) ;
#3128 = LINE ( 'NONE', #1898, #135 ) ;
#3129 = DIRECTION ( 'NONE',  ( 0.5735764363511216546, -0.8191520442889388409, 0.000000000000000000 ) ) ;
#3130 = FACE_BOUND ( 'NONE', #695, .T. ) ;
#3131 = ORIENTED_EDGE ( 'NONE', *, *, #2145, .T. ) ;
#3132 = EDGE_CURVE ( 'NONE', #1942, #30, #3216, .T. ) ;
#3133 = DIRECTION ( 'NONE',  ( -4.325014165577113490E-17, -0.9998476951563912696, 0.01745240643728080548 ) ) ;
#3134 = LINE ( 'NONE', #3365, #2326 ) ;
#3135 = VERTEX_POINT ( 'NONE', #563 ) ;
#3136 = CARTESIAN_POINT ( 'NONE',  ( 0.9338869806713837596, -0.5691911863333467547, 0.2718283990901816383 ) ) ;
#3137 = DIRECTION ( 'NONE',  ( 0.000000000000000000, 0.000000000000000000, 1.000000000000000000 ) ) ;
#3138 = DIRECTION ( 'NONE',  ( -5.782411586589359611E-16, 1.000000000000000000, -0.000000000000000000 ) ) ;
#3139 = DIRECTION ( 'NONE',  ( 0.000000000000000000, 1.000000000000000000, 0.000000000000000000 ) ) ;
#3140 =( BOUNDED_SURFACE ( )  B_SPLINE_SURFACE ( 3, 2, ( 
 ( #768, #995, #3069 ),
 ( #3578, #1539, #3296 ),
 ( #2707, #109, #975 ),
 ( #477, #3652, #785 ),
 ( #1653, #252, #2268 ),
 ( #2551, #217, #3392 ) ),
 .UNSPECIFIED., .F., .F., .F. ) 
 B_SPLINE_SURFACE_WITH_KNOTS ( ( 4, 2, 4 ),
 ( 3, 3 ),
 ( 1.570796326794896558, 2.050761871093346400, 2.530727415391796242 ),
 ( 0.000000000000000000, 1.000000000000000000 ),
 .UNSPECIFIED. ) 
 GEOMETRIC_REPRESENTATION_ITEM ( )  RATIONAL_B_SPLINE_SURFACE ( (
 ( 1.000000000000000000, 0.7071067811865475727, 1.000000000000000000),
 ( 1.000000000000000000, 0.7080944144357673720, 1.000000000000000000),
 ( 1.000000000000000000, 0.7090780802639590208, 1.000000000000000000),
 ( 1.000000000000000000, 0.7108223560131968766, 1.000000000000000000),
 ( 1.000000000000000000, 0.7115822174234380793, 1.000000000000000000),
 ( 1.000000000000000000, 0.7121433052451103807, 1.000000000000000000) ) ) 
 REPRESENTATION_ITEM ( '' )  SURFACE ( )  );
#3141 = CARTESIAN_POINT ( 'NONE',  ( 0.1282121833600355088, -0.4055118110236220486, 0.2508549229714903683 ) ) ;
#3142 = VERTEX_POINT ( 'NONE', #2524 ) ;
#3143 = VERTEX_POINT ( 'NONE', #3738 ) ;
#3144 = DIRECTION ( 'NONE',  ( -1.000000000000000000, -1.224606353822379970E-16, 9.690063775733250742E-30 ) ) ;
#3145 = DIRECTION ( 'NONE',  ( 0.000000000000000000, 0.000000000000000000, -1.000000000000000000 ) ) ;
#3146 = CARTESIAN_POINT ( 'NONE',  ( 0.3149606299212598381, -0.3070866141732317423, 0.1692913385826737283 ) ) ;
#3147 = FACE_OUTER_BOUND ( 'NONE', #403, .T. ) ;
#3148 = EDGE_LOOP ( 'NONE', ( #592, #524, #3258, #3374 ) ) ;
#3149 = EDGE_CURVE ( 'NONE', #2273, #1406, #1073, .T. ) ;
#3150 = EDGE_CURVE ( 'NONE', #3003, #68, #1111, .T. ) ;
#3151 = CARTESIAN_POINT ( 'NONE',  ( 0.9645669291338583307, -0.09842519685039376187, -0.2421259842519685457 ) ) ;
#3152 = CARTESIAN_POINT ( 'NONE',  ( 0.9251968503937008093, -0.09842519685039370636, 0.2421259842519685179 ) ) ;
#3153 = VECTOR ( 'NONE', #829, 39.37007874015748143 ) ;
#3154 = VERTEX_POINT ( 'NONE', #3382 ) ;
#3155 = EDGE_CURVE ( 'NONE', #3584, #1571, #543, .T. ) ;
#3156 = CARTESIAN_POINT ( 'NONE',  ( 0.9842519685039370358, -0.01679960076346213860, -0.3495738794324990129 ) ) ;
#3157 = CIRCLE ( 'NONE', #1522, 0.04133858267716489926 ) ;
#3158 = CIRCLE ( 'NONE', #1405, 0.04133858267716489926 ) ;
#3159 = VECTOR ( 'NONE', #234, 39.37007874015748143 ) ;
#3160 = CONICAL_SURFACE ( 'NONE', #3340, 0.1316392780441158761, 0.01745329251993976705 ) ;
#3161 = CARTESIAN_POINT ( 'NONE',  ( 0.09876201689168030706, -0.9649555612620693834, 0.2412220414753430131 ) ) ;
#3162 = CARTESIAN_POINT ( 'NONE',  ( 0.1184508415065106401, -0.9647387112767872308, -0.2557352221949733551 ) ) ;
#3163 = AXIS2_PLACEMENT_3D ( 'NONE', #1606, #495, #2548 ) ;
#3164 = DIRECTION ( 'NONE',  ( -1.000000000000000000, -1.224606353822379970E-16, 0.000000000000000000 ) ) ;
#3165 = VERTEX_POINT ( 'NONE', #1965 ) ;
#3166 = EDGE_LOOP ( 'NONE', ( #193, #1400, #2587, #1486 ) ) ;
#3167 = VECTOR ( 'NONE', #1447, 39.37007874015748143 ) ;
#3168 = CARTESIAN_POINT ( 'NONE',  ( 0.3038787375031065108, -0.9842519685039369248, -0.3297533579769158507 ) ) ;
#3169 = EDGE_CURVE ( 'NONE', #3536, #16, #3076, .T. ) ;
#3170 = CARTESIAN_POINT ( 'NONE',  ( 0.9842519685039372579, -0.5117609245670515783, 0.3376798190500090446 ) ) ;
#3171 = CARTESIAN_POINT ( 'NONE',  ( 0.3518124248501443008, -0.9767398066547853253, 0.2558399541676517064 ) ) ;
#3172 = ORIENTED_EDGE ( 'NONE', *, *, #2024, .T. ) ;
#3173 = CARTESIAN_POINT ( 'NONE',  ( 0.9338869806713826494, -0.5691911863333475319, -0.3369112748565619153 ) ) ;
#3174 = CARTESIAN_POINT ( 'NONE',  ( 0.1155701697103813652, -0.002017131194936022751, 0.1289430436484995113 ) ) ;
#3175 = ADVANCED_FACE ( 'NONE', ( #791 ), #2595, .T. ) ;
#3176 = ORIENTED_EDGE ( 'NONE', *, *, #1270, .F. ) ;
#3177 = CARTESIAN_POINT ( 'NONE',  ( 0.9842519685039370358, -0.01968503937007872948, -0.3461088912561085529 ) ) ;
#3178 = CARTESIAN_POINT ( 'NONE',  ( 0.08889287732388151397, -0.9818213827244213210, -0.2557952824460114627 ) ) ;
#3179 = DIRECTION ( 'NONE',  ( 0.000000000000000000, 0.000000000000000000, -1.000000000000000000 ) ) ;
#3180 = CARTESIAN_POINT ( 'NONE',  ( 0.08290335105624686840, -0.9842519685039371469, -0.2715969235004303539 ) ) ;
#3181 = ORIENTED_EDGE ( 'NONE', *, *, #3264, .F. ) ;
#3182 = ORIENTED_EDGE ( 'NONE', *, *, #2586, .T. ) ;
#3183 = CARTESIAN_POINT ( 'NONE',  ( 0.3038787375031080096, -0.9842519685039371469, 0.3568355660155373421 ) ) ;
#3184 = CARTESIAN_POINT ( 'NONE',  ( 0.9728919837925635861, -0.001342894262526805708, 0.3623091610962617115 ) ) ;
#3185 = CARTESIAN_POINT ( 'NONE',  ( 0.6496062992125984925, 0.000000000000000000, 0.2362204724409449064 ) ) ;
#3186 = CARTESIAN_POINT ( 'NONE',  ( 0.9645669291338585527, -0.3070866141732283561, 0.2421259842519685179 ) ) ;
#3187 = ORIENTED_EDGE ( 'NONE', *, *, #2301, .T. ) ;
#3188 = CARTESIAN_POINT ( 'NONE',  ( 0.9837396194358911661, -0.08389267533212481365, -0.2546490238080298396 ) ) ;
#3189 = LINE ( 'NONE', #1451, #1288 ) ;
#3190 = ORIENTED_EDGE ( 'NONE', *, *, #1950, .T. ) ;
#3191 = DIRECTION ( 'NONE',  ( -1.000000000000000000, 0.000000000000000000, 0.000000000000000000 ) ) ;
#3192 = CARTESIAN_POINT ( 'NONE',  ( 0.1081142581035749173, -0.9842519685039370358, 0.2754195120169955491 ) ) ;
#3193 = CARTESIAN_POINT ( 'NONE',  ( 0.9842519685039372579, -0.4913447951599303476, 0.3379530321127311443 ) ) ;
#3194 = EDGE_CURVE ( 'NONE', #2710, #3621, #273, .T. ) ;
#3195 = CARTESIAN_POINT ( 'NONE',  ( 0.3658504706616710900, -0.9669346326204839581, -0.3299686371768480453 ) ) ;
#3196 = EDGE_LOOP ( 'NONE', ( #3375, #1768, #207, #377 ) ) ;
#3197 = VERTEX_POINT ( 'NONE', #1699 ) ;
#3198 = ADVANCED_FACE ( 'NONE', ( #3098 ), #1679, .T. ) ;
#3199 = CARTESIAN_POINT ( 'NONE',  ( 0.1000744943239248591, -0.8897637795275592509, -0.02362579497399607334 ) ) ;
#3200 = CARTESIAN_POINT ( 'NONE',  ( 0.9338869806713826494, -0.5691911863333475319, -0.3369112748565619153 ) ) ;
#3201 = DIRECTION ( 'NONE',  ( -0.000000000000000000, 1.000000000000000000, -0.000000000000000000 ) ) ;
#3202 = DIRECTION ( 'NONE',  ( 0.000000000000000000, -1.275531967630009929E-16, -1.000000000000000000 ) ) ;
#3203 = VERTEX_POINT ( 'NONE', #1660 ) ;
#3204 = CYLINDRICAL_SURFACE ( 'NONE', #431, 0.07874015748031454320 ) ;
#3205 = CARTESIAN_POINT ( 'NONE',  ( 0.9788009697139059551, -0.09279889181475313442, -0.2477522892876128369 ) ) ;
#3206 = CARTESIAN_POINT ( 'NONE',  ( 0.09495050189419590447, -0.9825845049116334051, -0.2674843191612548132 ) ) ;
#3207 = ORIENTED_EDGE ( 'NONE', *, *, #1157, .F. ) ;
#3208 = LINE ( 'NONE', #2860, #2165 ) ;
#3209 = EDGE_CURVE ( 'NONE', #994, #31, #3134, .T. ) ;
#3210 = EDGE_LOOP ( 'NONE', ( #1880, #1195, #3499, #821 ) ) ;
#3211 = MECHANICAL_DESIGN_GEOMETRIC_PRESENTATION_REPRESENTATION (  '', ( #1706 ), #553 ) ;
#3212 = CARTESIAN_POINT ( 'NONE',  ( 0.3283102012719218421, -0.9842519685039370358, 0.3297533579769157952 ) ) ;
#3213 = CONICAL_SURFACE ( 'NONE', #259, 0.1316392780441159038, 0.01745329251993976705 ) ;
#3214 = CYLINDRICAL_SURFACE ( 'NONE', #3399, 0.1181102362204724116 ) ;
#3215 = AXIS2_PLACEMENT_3D ( 'NONE', #1114, #2545, #3137 ) ;
#3216 = LINE ( 'NONE', #631, #1888 ) ;
#3217 = CIRCLE ( 'NONE', #2924, 0.007677165354330737178 ) ;
#3218 = ORIENTED_EDGE ( 'NONE', *, *, #3037, .T. ) ;
#3219 = ORIENTED_EDGE ( 'NONE', *, *, #2182, .T. ) ;
#3220 = CARTESIAN_POINT ( 'NONE',  ( 0.3038787375031080096, -0.9842519685039370358, 0.3297533579769158507 ) ) ;
#3221 = AXIS2_PLACEMENT_3D ( 'NONE', #1842, #116, #1034 ) ;
#3222 = PLANE ( 'NONE',  #2928 ) ;
#3223 = DIRECTION ( 'NONE',  ( 1.000000000000000000, 0.000000000000000000, 0.000000000000000000 ) ) ;
#3224 = CARTESIAN_POINT ( 'NONE',  ( 0.6496062992125984925, -0.09448818897637792369, -0.2362204724409449064 ) ) ;
#3225 = ORIENTED_EDGE ( 'NONE', *, *, #3562, .T. ) ;
#3226 = CARTESIAN_POINT ( 'NONE',  ( 0.1119631802789730346, -0.2086614173228346636, -0.2421259842519685179 ) ) ;
#3227 = CARTESIAN_POINT ( 'NONE',  ( 0.9719342864237864310, -0.09731786124838760765, -0.2432333198539754493 ) ) ;
#3228 = LINE ( 'NONE', #645, #1108 ) ;
#3229 = VERTEX_POINT ( 'NONE', #1721 ) ;
#3230 = ORIENTED_EDGE ( 'NONE', *, *, #1280, .T. ) ;
#3231 = DIRECTION ( 'NONE',  ( 1.000000000000000000, 0.000000000000000000, 0.000000000000000000 ) ) ;
#3232 = CARTESIAN_POINT ( 'NONE',  ( 0.9566929133858270706, -0.4729219167128396184, 0.3657608652692979634 ) ) ;
#3233 = EDGE_CURVE ( 'NONE', #68, #1352, #1696, .T. ) ;
#3234 = DIRECTION ( 'NONE',  ( -0.000000000000000000, -0.000000000000000000, -1.000000000000000000 ) ) ;
#3235 = VERTEX_POINT ( 'NONE', #1377 ) ;
#3236 = ORIENTED_EDGE ( 'NONE', *, *, #2374, .T. ) ;
#3237 = DIRECTION ( 'NONE',  ( 0.000000000000000000, -0.000000000000000000, -1.000000000000000000 ) ) ;
#3238 =( BOUNDED_CURVE ( )  B_SPLINE_CURVE ( 3, ( #1630, #2836, #1084, #1050 ),
 .UNSPECIFIED., .F., .F. ) 
 B_SPLINE_CURVE_WITH_KNOTS ( ( 4, 4 ),
 ( 3.141592653589791784, 4.703662334124712352 ),
 .UNSPECIFIED. ) 
 CURVE ( )  GEOMETRIC_REPRESENTATION_ITEM ( )  RATIONAL_B_SPLINE_CURVE ( ( 1.000000000000000000, 0.8067902504155246568, 0.8067902504155246568, 1.000000000000000000 ) ) 
 REPRESENTATION_ITEM ( '' )  );
#3239 = DIRECTION ( 'NONE',  ( 0.000000000000000000, 0.000000000000000000, 1.000000000000000000 ) ) ;
#3240 = ORIENTED_EDGE ( 'NONE', *, *, #3408, .T. ) ;
#3241 = DIRECTION ( 'NONE',  ( -0.000000000000000000, 0.9998476951563912696, -0.01745240643727998670 ) ) ;
#3242 = EDGE_CURVE ( 'NONE', #484, #2000, #2540, .T. ) ;
#3243 = CARTESIAN_POINT ( 'NONE',  ( 0.1282061880194000081, -0.4058552838585940403, 0.2508579204135109042 ) ) ;
#3244 = DIRECTION ( 'NONE',  ( 1.224559724564829884E-16, -0.9999619230641711987, 0.008726535498377166467 ) ) ;
#3245 = ADVANCED_FACE ( 'NONE', ( #242 ), #1089, .F. ) ;
#3246 = ORIENTED_EDGE ( 'NONE', *, *, #1023, .F. ) ;
#3247 = PRODUCT_DEFINITION ( 'UNKNOWN', '', #1476, #2139 ) ;
#3248 = DIRECTION ( 'NONE',  ( -0.000000000000000000, 1.000000000000000000, -1.275531967630009929E-16 ) ) ;
#3249 = CARTESIAN_POINT ( 'NONE',  ( 0.3038787375031062887, -0.9842519685039370358, -0.2559055118110236671 ) ) ;
#3250 = DIRECTION ( 'NONE',  ( -3.052494025171815525E-17, 0.000000000000000000, 1.000000000000000000 ) ) ;
#3251 = ORIENTED_EDGE ( 'NONE', *, *, #2538, .F. ) ;
#3252 = ORIENTED_EDGE ( 'NONE', *, *, #2467, .F. ) ;
#3253 = DIRECTION ( 'NONE',  ( 1.000000000000000000, 0.000000000000000000, 0.000000000000000000 ) ) ;
#3254 = LINE ( 'NONE', #2116, #1102 ) ;
#3255 = DIRECTION ( 'NONE',  ( -0.5735764363510471586, 0.8191520442889911324, 0.000000000000000000 ) ) ;
#3256 = ORIENTED_EDGE ( 'NONE', *, *, #2974, .T. ) ;
#3257 = DIRECTION ( 'NONE',  ( 1.000000000000000000, 1.224606353822379970E-16, 0.000000000000000000 ) ) ;
#3258 = ORIENTED_EDGE ( 'NONE', *, *, #123, .F. ) ;
#3259 =( BOUNDED_CURVE ( )  B_SPLINE_CURVE ( 3, ( #2349, #2914, #661, #1773 ),
 .UNSPECIFIED., .F., .F. ) 
 B_SPLINE_CURVE_WITH_KNOTS ( ( 4, 4 ),
 ( 0.000000000000000000, 0.6108652381980167467 ),
 .UNSPECIFIED. ) 
 CURVE ( )  GEOMETRIC_REPRESENTATION_ITEM ( )  RATIONAL_B_SPLINE_CURVE ( ( 1.000000000000000000, 0.9691446338321512144, 0.9691446338321512144, 1.000000000000000000 ) ) 
 REPRESENTATION_ITEM ( '' )  );
#3260 = FACE_OUTER_BOUND ( 'NONE', #3166, .T. ) ;
#3261 = CARTESIAN_POINT ( 'NONE',  ( 0.1180742642910102280, -0.9864845876986575446, -0.2362392066389618628 ) ) ;
#3262 = EDGE_CURVE ( 'NONE', #1475, #151, #1934, .T. ) ;
#3263 = ORIENTED_EDGE ( 'NONE', *, *, #3286, .T. ) ;
#3264 = EDGE_CURVE ( 'NONE', #996, #3143, #810, .T. ) ;
#3265 = EDGE_CURVE ( 'NONE', #93, #593, #846, .T. ) ;
#3266 = CARTESIAN_POINT ( 'NONE',  ( 0.000000000000000000, 0.000000000000000000, 0.1391836074263033407 ) ) ;
#3267 = CARTESIAN_POINT ( 'NONE',  ( 0.3038787375031063442, -0.9647387113287086979, -0.2557352221954882210 ) ) ;
#3268 = VECTOR ( 'NONE', #1113, 39.37007874015748143 ) ;
#3269 = DIRECTION ( 'NONE',  ( -5.781530897296982634E-16, 0.9998476951563912696, 0.01745240643727998323 ) ) ;
#3270 = AXIS2_PLACEMENT_3D ( 'NONE', #3667, #1061, #3430 ) ;
#3271 = VERTEX_POINT ( 'NONE', #282 ) ;
#3272 = SURFACE_SIDE_STYLE ('',( #2731 ) ) ;
#3273 = VECTOR ( 'NONE', #1601, 39.37007874015748143 ) ;
#3274 = CIRCLE ( 'NONE', #24, 0.01968503937007873988 ) ;
#3275 = CARTESIAN_POINT ( 'NONE',  ( 0.9788009697139130605, -0.09279889181475108051, 0.2477522892876092842 ) ) ;
#3276 = LINE ( 'NONE', #2687, #432 ) ;
#3277 = ORIENTED_EDGE ( 'NONE', *, *, #870, .F. ) ;
#3278 = VECTOR ( 'NONE', #1483, 39.37007874015748143 ) ;
#3279 = VECTOR ( 'NONE', #2281, 39.37007874015748143 ) ;
#3280 = ORIENTED_EDGE ( 'NONE', *, *, #2098, .F. ) ;
#3281 = CYLINDRICAL_SURFACE ( 'NONE', #2743, 0.1181102362204724116 ) ;
#3282 = LINE ( 'NONE', #675, #1171 ) ;
#3283 = ORIENTED_EDGE ( 'NONE', *, *, #1979, .F. ) ;
#3284 = AXIS2_PLACEMENT_3D ( 'NONE', #1656, #2781, #2212 ) ;
#3285 =( BOUNDED_CURVE ( )  B_SPLINE_CURVE ( 3, ( #3496, #907, #3212, #3567 ),
 .UNSPECIFIED., .F., .T. ) 
 B_SPLINE_CURVE_WITH_KNOTS ( ( 4, 4 ),
 ( 2.530727415391776702, 3.141592653589793116 ),
 .UNSPECIFIED. ) 
 CURVE ( )  GEOMETRIC_REPRESENTATION_ITEM ( )  RATIONAL_B_SPLINE_CURVE ( ( 1.000000000000000000, 0.9691446338321512144, 0.9691446338321512144, 1.000000000000000000 ) ) 
 REPRESENTATION_ITEM ( '' )  );
#3286 = EDGE_CURVE ( 'NONE', #2114, #342, #2968, .T. ) ;
#3287 = CARTESIAN_POINT ( 'NONE',  ( 0.1119631802789730346, -0.2086614173228346636, -0.2007874015748030982 ) ) ;
#3288 = LINE ( 'NONE', #1868, #2811 ) ;
#3289 = DIRECTION ( 'NONE',  ( 1.000000000000000000, 0.000000000000000000, 0.000000000000000000 ) ) ;
#3290 = EDGE_CURVE ( 'NONE', #2285, #1923, #2309, .T. ) ;
#3291 = ORIENTED_EDGE ( 'NONE', *, *, #1304, .F. ) ;
#3292 =( CONVERSION_BASED_UNIT ( 'INCH', #1605 ) LENGTH_UNIT ( ) NAMED_UNIT ( #3 ) );
#3293 = DIRECTION ( 'NONE',  ( 0.000000000000000000, -1.453416966358946476E-14, 1.000000000000000000 ) ) ;
#3294 = CARTESIAN_POINT ( 'NONE',  ( 1.205321214392102562E-16, -0.4055118110236220486, 0.2508549229714903683 ) ) ;
#3295 = VERTEX_POINT ( 'NONE', #1754 ) ;
#3296 = CARTESIAN_POINT ( 'NONE',  ( 0.9566929133855752720, -0.4874148685926667501, -0.3655078898532341802 ) ) ;
#3297 = EDGE_LOOP ( 'NONE', ( #3404, #550, #3676, #2225 ) ) ;
#3298 = DIRECTION ( 'NONE',  ( -1.000000000000000000, 0.000000000000000000, 0.000000000000000000 ) ) ;
#3299 = CYLINDRICAL_SURFACE ( 'NONE', #630, 0.01968503937007876764 ) ;
#3300 = EDGE_LOOP ( 'NONE', ( #1491, #869, #2978, #446 ) ) ;
#3301 = ORIENTED_EDGE ( 'NONE', *, *, #3242, .T. ) ;
#3302 = LINE ( 'NONE', #1015, #3273 ) ;
#3303 = VECTOR ( 'NONE', #872, 39.37007874015748143 ) ;
#3304 = CARTESIAN_POINT ( 'NONE',  ( 0.9645669291338585527, -0.4055118110236220486, 0.2508549229714903683 ) ) ;
#3305 = DIRECTION ( 'NONE',  ( 0.000000000000000000, 0.000000000000000000, -1.000000000000000000 ) ) ;
#3306 = ADVANCED_FACE ( 'NONE', ( #1471 ), #19, .T. ) ;
#3307 = EDGE_LOOP ( 'NONE', ( #2950, #418, #488, #1680 ) ) ;
#3308 = CARTESIAN_POINT ( 'NONE',  ( 0.3716239858910255767, -0.9628919737349213026, 0.3740157480314960647 ) ) ;
#3309 = EDGE_CURVE ( 'NONE', #3397, #2826, #1963, .T. ) ;
#3310 = EDGE_CURVE ( 'NONE', #434, #3627, #3189, .T. ) ;
#3311 = CARTESIAN_POINT ( 'NONE',  ( 0.9808210111236397299, -0.09042509422945296804, 0.2501260868729091591 ) ) ;
#3312 = EDGE_CURVE ( 'NONE', #1501, #283, #141, .T. ) ;
#3313 = CARTESIAN_POINT ( 'NONE',  ( 0.6496062992125984925, 0.000000000000000000, -0.1391836074263033685 ) ) ;
#3314 = VERTEX_POINT ( 'NONE', #1737 ) ;
#3315 = CARTESIAN_POINT ( 'NONE',  ( 4.097771990496394828E-16, -0.7921974936514153409, 0.1220472440944854048 ) ) ;
#3317 = AXIS2_PLACEMENT_3D ( 'NONE', #1657, #2822, #2536 ) ;
#3316 = CARTESIAN_POINT ( 'NONE',  ( 0.09842519685039410882, -0.3070866141732284116, 0.2421259842519685179 ) ) ;
#3318 = CARTESIAN_POINT ( 'NONE',  ( 0.1138873606647611836, -0.09842519685039376187, -0.1931102362204724088 ) ) ;
#3319 = VERTEX_POINT ( 'NONE', #2107 ) ;
#3320 = LINE ( 'NONE', #2711, #1163 ) ;
#3321 = ORIENTED_EDGE ( 'NONE', *, *, #3169, .F. ) ;
#3322 = CARTESIAN_POINT ( 'NONE',  ( 0.9763183186778450207, -0.003892458238831418733, -0.3657354959815433126 ) ) ;
#3323 = EDGE_CURVE ( 'NONE', #593, #646, #3259, .T. ) ;
#3324 = FACE_OUTER_BOUND ( 'NONE', #574, .T. ) ;
#3325 = EDGE_CURVE ( 'NONE', #1877, #653, #376, .T. ) ;
#3326 = ORIENTED_EDGE ( 'NONE', *, *, #1646, .T. ) ;
#3327 = CARTESIAN_POINT ( 'NONE',  ( 0.09876576593358381284, -0.9647407787952658742, -0.2360530203264783466 ) ) ;
#3328 = EDGE_CURVE ( 'NONE', #2394, #2266, #1793, .T. ) ;
#3329 = FACE_OUTER_BOUND ( 'NONE', #2745, .T. ) ;
#3330 = VECTOR ( 'NONE', #916, 39.37007874015748143 ) ;
#3331 = CARTESIAN_POINT ( 'NONE',  ( 0.9251968503937008093, -0.09842519685039376187, -0.2007874015748031260 ) ) ;
#3332 = VERTEX_POINT ( 'NONE', #356 ) ;
#3333 = CARTESIAN_POINT ( 'NONE',  ( 0.9842244930891754784, -0.4915034275472283110, 0.2516053604400607657 ) ) ;
#3334 = CIRCLE ( 'NONE', #804, 0.01968503937007873988 ) ;
#3335 = AXIS2_PLACEMENT_3D ( 'NONE', #3710, #2282, #514 ) ;
#3336 = DIRECTION ( 'NONE',  ( -1.000000000000000000, -5.782411586589359611E-16, 0.000000000000000000 ) ) ;
#3337 = CYLINDRICAL_SURFACE ( 'NONE', #2815, 0.01968503937007875723 ) ;
#3338 = CIRCLE ( 'NONE', #2392, 0.01968503937007873988 ) ;
#3339 = UNCERTAINTY_MEASURE_WITH_UNIT (LENGTH_MEASURE( 1.000000000000000082E-05 ), #3292, 'distance_accuracy_value', 'NONE');
#3340 = AXIS2_PLACEMENT_3D ( 'NONE', #400, #1546, #2712 ) ;
#3341 = ORIENTED_EDGE ( 'NONE', *, *, #1071, .T. ) ;
#3342 = B_SPLINE_CURVE_WITH_KNOTS ( 'NONE', 3,
 ( #997, #2136, #3020, #375, #1012, #1864 ),
 .UNSPECIFIED., .F., .F.,
 ( 4, 2, 4 ),
 ( 0.000000000000000000, 0.5000000000000000000, 1.000000000000000000 ),
 .UNSPECIFIED. ) ;
#3343 = AXIS2_PLACEMENT_3D ( 'NONE', #798, #189, #1929 ) ;
#3344 = CARTESIAN_POINT ( 'NONE',  ( 0.9328740157480315265, -0.09842519685039376187, -0.2344488188976377729 ) ) ;
#3345 = CARTESIAN_POINT ( 'NONE',  ( 0.7283464566929134243, -0.3070866141732283561, 0.2499959792912972989 ) ) ;
#3347 = VERTEX_POINT ( 'NONE', #3493 ) ;
#3346 = CIRCLE ( 'NONE', #3284, 0.007677165354330737178 ) ;
#3348 = CARTESIAN_POINT ( 'NONE',  ( 0.09842519685039410882, -0.1061023622047244236, 0.2344488188976377729 ) ) ;
#3349 = CYLINDRICAL_SURFACE ( 'NONE', #622, 0.02755905511811027747 ) ;
#3350 = ORIENTED_EDGE ( 'NONE', *, *, #3290, .T. ) ;
#3351 = LINE ( 'NONE', #763, #741 ) ;
#3352 = ORIENTED_EDGE ( 'NONE', *, *, #2046, .F. ) ;
#3353 = ORIENTED_EDGE ( 'NONE', *, *, #2182, .F. ) ;
#3354 = FACE_OUTER_BOUND ( 'NONE', #1637, .T. ) ;
#3355 = VERTEX_POINT ( 'NONE', #3456 ) ;
#3356 = LINE ( 'NONE', #2519, #3159 ) ;
#3357 = LINE ( 'NONE', #1631, #2695 ) ;
#3358 = LINE ( 'NONE', #523, #280 ) ;
#3359 = EDGE_LOOP ( 'NONE', ( #947, #3321, #2579, #3571 ) ) ;
#3360 = EDGE_CURVE ( 'NONE', #3714, #1259, #2097, .T. ) ;
#3361 = ADVANCED_FACE ( 'NONE', ( #59 ), #1220, .F. ) ;
#3362 = EDGE_CURVE ( 'NONE', #3165, #2273, #923, .T. ) ;
#3363 = ORIENTED_EDGE ( 'NONE', *, *, #2887, .T. ) ;
#3364 = FACE_OUTER_BOUND ( 'NONE', #3300, .T. ) ;
#3365 = CARTESIAN_POINT ( 'NONE',  ( 0.1102451620773763907, -0.3070866141732323529, 0.2057086614173268824 ) ) ;
#3366 = EDGE_CURVE ( 'NONE', #3031, #3103, #3228, .T. ) ;
#3367 = ORIENTED_EDGE ( 'NONE', *, *, #1905, .F. ) ;
#3368 = DIRECTION ( 'NONE',  ( 0.000000000000000000, 0.000000000000000000, -1.000000000000000000 ) ) ;
#3369 = DIRECTION ( 'NONE',  ( 1.000000000000000000, 0.000000000000000000, 0.000000000000000000 ) ) ;
#3370 = VERTEX_POINT ( 'NONE', #76 ) ;
#3371 = DIRECTION ( 'NONE',  ( -4.179535469590359902E-32, -1.000000000000000000, 0.000000000000000000 ) ) ;
#3372 = DIRECTION ( 'NONE',  ( -8.659274570719322134E-17, 0.7071067811865433539, 0.7071067811865514585 ) ) ;
#3373 = PRODUCT_DEFINITION_SHAPE ( 'NONE', 'NONE',  #3247 ) ;
#3374 = ORIENTED_EDGE ( 'NONE', *, *, #1677, .T. ) ;
#3375 = ORIENTED_EDGE ( 'NONE', *, *, #1824, .F. ) ;
#3376 = CARTESIAN_POINT ( 'NONE',  ( 0.9660960224118846362, -0.5466381725081367327, 0.2716643847819018021 ) ) ;
#3377 = CARTESIAN_POINT ( 'NONE',  ( 0.9180797560475343344, -0.5466161299946734609, -0.3369112748565616378 ) ) ;
#3378 = CARTESIAN_POINT ( 'NONE',  ( 0.9251968503937008093, -0.2086614173228346636, 0.2421259842519685179 ) ) ;
#3379 = DIRECTION ( 'NONE',  ( 0.000000000000000000, -1.453416966358946476E-14, 1.000000000000000000 ) ) ;
#3380 = ORIENTED_EDGE ( 'NONE', *, *, #3600, .F. ) ;
#3381 = CARTESIAN_POINT ( 'NONE',  ( 0.9251968503937008093, -0.1061023622047244930, -0.2007874015748031260 ) ) ;
#3382 = CARTESIAN_POINT ( 'NONE',  ( 0.3038787375031080096, -0.9647387113287082538, 0.2557352221954887206 ) ) ;
#3383 = EDGE_CURVE ( 'NONE', #712, #2340, #3531, .T. ) ;
#3384 = EDGE_CURVE ( 'NONE', #1259, #789, #714, .T. ) ;
#3385 = ORIENTED_EDGE ( 'NONE', *, *, #2237, .F. ) ;
#3386 = DIRECTION ( 'NONE',  ( -0.000000000000000000, 1.000000000000000000, 2.988928549108039413E-15 ) ) ;
#3387 = VERTEX_POINT ( 'NONE', #2724 ) ;
#3388 = DIRECTION ( 'NONE',  ( 0.000000000000000000, 0.000000000000000000, -1.000000000000000000 ) ) ;
#3389 = CARTESIAN_POINT ( 'NONE',  ( 0.9645669291338585527, -0.4055118110236220486, 0.2508549229714903683 ) ) ;
#3390 = VERTEX_POINT ( 'NONE', #3318 ) ;
#3391 = VERTEX_POINT ( 'NONE', #2477 ) ;
#3392 = CARTESIAN_POINT ( 'NONE',  ( 0.9180797560475343344, -0.5470971018256222118, -0.3644661325970920962 ) ) ;
#3393 = VECTOR ( 'NONE', #672, 39.37007874015748143 ) ;
#3394 = DIRECTION ( 'NONE',  ( 0.000000000000000000, 2.988928549108039807E-15, -1.000000000000000000 ) ) ;
#3395 = CARTESIAN_POINT ( 'NONE',  ( 0.9621011577073423915, -0.5438410970532125965, -0.2520621043622814916 ) ) ;
#3396 = CARTESIAN_POINT ( 'NONE',  ( 0.9645669291338584417, -0.4726127270767401800, -0.2514405037945243726 ) ) ;
#3397 = VERTEX_POINT ( 'NONE', #3583 ) ;
#3398 = VECTOR ( 'NONE', #2153, 39.37007874015748143 ) ;
#3399 = AXIS2_PLACEMENT_3D ( 'NONE', #64, #572, #26 ) ;
#3400 = CIRCLE ( 'NONE', #2782, 0.04133858267716489926 ) ;
#3401 = DIRECTION ( 'NONE',  ( 0.000000000000000000, -0.01745240643727998323, -0.9998476951563912696 ) ) ;
#3402 = CIRCLE ( 'NONE', #1886, 0.1299212598425200371 ) ;
#3403 = CARTESIAN_POINT ( 'NONE',  ( 0.9645669291338585527, -0.4055118110236205498, -0.2508549229714899242 ) ) ;
#3404 = ORIENTED_EDGE ( 'NONE', *, *, #2307, .T. ) ;
#3405 = CARTESIAN_POINT ( 'NONE',  ( 0.3149606299212598381, -0.3070866141732283561, 0.2499959792912975765 ) ) ;
#3406 = VECTOR ( 'NONE', #2276, 39.37007874015748143 ) ;
#3407 = DIRECTION ( 'NONE',  ( 0.5735764363510463815, -0.8191520442889914655, 0.000000000000000000 ) ) ;
#3408 = EDGE_CURVE ( 'NONE', #1825, #3143, #3613, .T. ) ;
#3409 = AXIS2_PLACEMENT_3D ( 'NONE', #1184, #2938, #41 ) ;
#3410 = LINE ( 'NONE', #2201, #136 ) ;
#3411 = ADVANCED_FACE ( 'NONE', ( #3599 ), #699, .F. ) ;
#3412 = FACE_OUTER_BOUND ( 'NONE', #97, .T. ) ;
#3413 = EDGE_CURVE ( 'NONE', #1375, #117, #1258, .T. ) ;
#3414 =( BOUNDED_SURFACE ( )  B_SPLINE_SURFACE ( 3, 2, ( 
 ( #3480, #2, #2065 ),
 ( #3161, #571, #1780 ),
 ( #1191, #547, #1726 ),
 ( #2048, #2885, #270 ),
 ( #587, #1424, #3192 ),
 ( #1758, #1441, #2030 ) ),
 .UNSPECIFIED., .F., .F., .F. ) 
 B_SPLINE_SURFACE_WITH_KNOTS ( ( 4, 2, 4 ),
 ( 3, 3 ),
 ( 2.678051653514478048, 3.463373667389478605, 4.248695681264479163 ),
 ( 0.000000000000000000, 1.000000000000000000 ),
 .UNSPECIFIED. ) 
 GEOMETRIC_REPRESENTATION_ITEM ( )  RATIONAL_B_SPLINE_SURFACE ( (
 ( 1.000000000000000000, 0.7132504491541831193, 1.000000000000000000),
 ( 1.000000000000000000, 0.7140639005054844057, 1.000000000000000000),
 ( 1.000000000000000000, 0.7141868938769860842, 1.000000000000000000),
 ( 1.000000000000000000, 0.7130551303787281414, 1.000000000000000000),
 ( 1.000000000000000000, 0.7118035695842421795, 1.000000000000000000),
 ( 1.000000000000000000, 0.7101853756232834325, 1.000000000000000000) ) ) 
 REPRESENTATION_ITEM ( '' )  SURFACE ( )  );
#3415 = CARTESIAN_POINT ( 'NONE',  ( 0.3242382906437861201, -0.9647387113287082538, 0.2557352221954887206 ) ) ;
#3416 = EDGE_CURVE ( 'NONE', #774, #1807, #462, .T. ) ;
#3417 = VERTEX_POINT ( 'NONE', #111 ) ;
#3418 = ORIENTED_EDGE ( 'NONE', *, *, #2746, .T. ) ;
#3419 = CYLINDRICAL_SURFACE ( 'NONE', #2070, 0.04133858267716489926 ) ;
#3420 = CARTESIAN_POINT ( 'NONE',  ( 0.3038787375031063442, -0.8661417322834645827, 0.3740157480314960647 ) ) ;
#3421 = CARTESIAN_POINT ( 'NONE',  ( 0.3603331111597041780, -0.9467669334930129965, -0.2752641738109547487 ) ) ;
#3422 = DIRECTION ( 'NONE',  ( -0.8191109929416037216, -0.5735476918881527997, -0.01001131220133501774 ) ) ;
#3423 = ORIENTED_EDGE ( 'NONE', *, *, #3542, .T. ) ;
#3424 = DIRECTION ( 'NONE',  ( 1.000000000000000000, 6.123031769111947921E-17, -6.123031769111877663E-17 ) ) ;
#3425 = DIRECTION ( 'NONE',  ( -1.000000000000000000, 0.000000000000000000, 0.000000000000000000 ) ) ;
#3426 = ORIENTED_EDGE ( 'NONE', *, *, #1996, .T. ) ;
#3427 = DIRECTION ( 'NONE',  ( 1.224606353822379970E-16, -1.000000000000000000, 0.000000000000000000 ) ) ;
#3428 = CARTESIAN_POINT ( 'NONE',  ( 0.9566929133858268486, -0.02002859067789921135, 0.3736661476807927040 ) ) ;
#3429 = ORIENTED_EDGE ( 'NONE', *, *, #1953, .F. ) ;
#3430 = DIRECTION ( 'NONE',  ( 0.000000000000000000, -0.9999619230641711987, -0.008726535498373955493 ) ) ;
#3431 = CARTESIAN_POINT ( 'NONE',  ( 0.09894707114986811547, -0.9646054858777874941, -0.2555532034068122016 ) ) ;
#3432 = ADVANCED_FACE ( 'NONE', ( #3548 ), #3585, .T. ) ;
#3433 = ORIENTED_EDGE ( 'NONE', *, *, #2237, .T. ) ;
#3434 = EDGE_CURVE ( 'NONE', #1752, #1913, #3282, .T. ) ;
#3435 = ADVANCED_FACE ( 'NONE', ( #1315 ), #1227, .T. ) ;
#3436 = VERTEX_POINT ( 'NONE', #2428 ) ;
#3437 = CARTESIAN_POINT ( 'NONE',  ( 0.9645669291338583307, -0.09842519685039377575, -0.2344488188976377729 ) ) ;
#3438 = EDGE_CURVE ( 'NONE', #653, #2549, #2766, .T. ) ;
#3439 = DIRECTION ( 'NONE',  ( -1.462388810449560097E-16, 0.000000000000000000, -1.000000000000000000 ) ) ;
#3440 = CARTESIAN_POINT ( 'NONE',  ( 1.205321214392106506E-16, -0.9842519685039370358, 0.3740157480314960647 ) ) ;
#3441 = ORIENTED_EDGE ( 'NONE', *, *, #756, .T. ) ;
#3442 = CARTESIAN_POINT ( 'NONE',  ( 0.9645669291338583307, 0.005593649948911260349, -0.2669530489101248349 ) ) ;
#3443 = DIRECTION ( 'NONE',  ( 0.000000000000000000, -1.000000000000000000, 0.000000000000000000 ) ) ;
#3444 = ORIENTED_EDGE ( 'NONE', *, *, #981, .T. ) ;
#3445 = CARTESIAN_POINT ( 'NONE',  ( 0.6496062992125984925, 0.000000000000000000, 0.1948818897637799863 ) ) ;
#3446 = EDGE_CURVE ( 'NONE', #272, #2516, #2992, .T. ) ;
#3447 = FACE_OUTER_BOUND ( 'NONE', #472, .T. ) ;
#3448 = CARTESIAN_POINT ( 'NONE',  ( 1.205321214392102562E-16, -0.4055118110236220486, 0.2508549229714903683 ) ) ;
#3449 = CARTESIAN_POINT ( 'NONE',  ( 0.1132419239234677272, -0.9746786810975236470, -0.2583389313263972920 ) ) ;
#3450 = ORIENTED_EDGE ( 'NONE', *, *, #911, .F. ) ;
#3451 = VERTEX_POINT ( 'NONE', #3021 ) ;
#3452 = EDGE_CURVE ( 'NONE', #3627, #1445, #125, .T. ) ;
#3453 = DIRECTION ( 'NONE',  ( 0.000000000000000000, 0.000000000000000000, -1.000000000000000000 ) ) ;
#3454 = FACE_OUTER_BOUND ( 'NONE', #2026, .T. ) ;
#3455 = ORIENTED_EDGE ( 'NONE', *, *, #1190, .T. ) ;
#3456 = CARTESIAN_POINT ( 'NONE',  ( 0.3603331111597071756, -0.9469387156878610323, 0.2555798839868549943 ) ) ;
#3457 = VECTOR ( 'NONE', #1785, 39.37007874015748143 ) ;
#3458 = ORIENTED_EDGE ( 'NONE', *, *, #3323, .F. ) ;
#3459 = VECTOR ( 'NONE', #2184, 39.37007874015748143 ) ;
#3460 = VECTOR ( 'NONE', #1798, 39.37007874015748143 ) ;
#3461 = CIRCLE ( 'NONE', #200, 0.01968503937007873988 ) ;
#3462 = TOROIDAL_SURFACE ( 'NONE', #385, 0.04901574803149562343, 0.007677165354330725035 ) ;
#3463 = CARTESIAN_POINT ( 'NONE',  ( 0.09469564715995197612, -0.9768212811462677614, -0.2441897427738689008 ) ) ;
#3464 = CARTESIAN_POINT ( 'NONE',  ( 0.1119631802789730207, -0.2086614173228346636, 0.2421259842519685179 ) ) ;
#3465 = VECTOR ( 'NONE', #2975, 39.37007874015748143 ) ;
#3466 = CARTESIAN_POINT ( 'NONE',  ( 0.1030406991417567170, -0.9803933034661024282, -0.2634395437172531995 ) ) ;
#3467 = VERTEX_POINT ( 'NONE', #2990 ) ;
#3468 = ORIENTED_EDGE ( 'NONE', *, *, #2747, .F. ) ;
#3469 = VECTOR ( 'NONE', #2898, 39.37007874015748854 ) ;
#3470 = CARTESIAN_POINT ( 'NONE',  ( 0.3406721535591977212, -0.9514022577071450382, 0.3574089598503684129 ) ) ;
#3471 = DIRECTION ( 'NONE',  ( 0.000000000000000000, 0.000000000000000000, -1.000000000000000000 ) ) ;
#3472 = DIRECTION ( 'NONE',  ( 5.782411586589359611E-16, -1.000000000000000000, 0.000000000000000000 ) ) ;
#3473 = PLANE ( 'NONE',  #1097 ) ;
#3474 = EDGE_LOOP ( 'NONE', ( #3663, #3077, #3363, #2771 ) ) ;
#3475 = CARTESIAN_POINT ( 'NONE',  ( 0.9842519685039370358, -0.08131738735924912143, -0.2582286740903337874 ) ) ;
#3476 = CARTESIAN_POINT ( 'NONE',  ( 0.09768067628217493026, -0.9819213442341611087, -0.2661173029418673064 ) ) ;
#3477 = ORIENTED_EDGE ( 'NONE', *, *, #3169, .T. ) ;
#3478 = ADVANCED_FACE ( 'NONE', ( #1272 ), #3299, .T. ) ;
#3479 = DIRECTION ( 'NONE',  ( -0.000000000000000000, 1.000000000000000000, -0.000000000000000000 ) ) ;
#3480 = CARTESIAN_POINT ( 'NONE',  ( 0.09876280378032724350, -0.9649104804416790415, 0.2360539303840697156 ) ) ;
#3481 = DIRECTION ( 'NONE',  ( 0.000000000000000000, 0.000000000000000000, -1.000000000000000000 ) ) ;
#3482 = DIRECTION ( 'NONE',  ( -2.252544505440381692E-16, -0.01745240643727998670, -0.9998476951563912696 ) ) ;
#3483 = EDGE_LOOP ( 'NONE', ( #2461, #3341, #2663, #451, #1709, #1146, #900, #3219, #1312, #3441 ) ) ;
#3484 = ORIENTED_EDGE ( 'NONE', *, *, #1026, .F. ) ;
#3485 = CARTESIAN_POINT ( 'NONE',  ( 0.1085271438757799273, -0.4055118110236208828, -0.1299212598425196763 ) ) ;
#3486 = CARTESIAN_POINT ( 'NONE',  ( 0.9660960224118847472, -0.5466381725081367327, 0.3372130841690568759 ) ) ;
#3487 = FACE_OUTER_BOUND ( 'NONE', #216, .T. ) ;
#3488 = FACE_OUTER_BOUND ( 'NONE', #3086, .T. ) ;
#3490 = VERTEX_POINT ( 'NONE', #963 ) ;
#3489 = ADVANCED_FACE ( 'NONE', ( #1241 ), #3337, .T. ) ;
#3491 = CARTESIAN_POINT ( 'NONE',  ( 1.205321214392102562E-16, -0.3267716535433070058, 0.2501677680273361459 ) ) ;
#3492 = CARTESIAN_POINT ( 'NONE',  ( 0.1138873606647606285, -0.09842519685039369248, 0.1281017032055612181 ) ) ;
#3493 = CARTESIAN_POINT ( 'NONE',  ( 0.3740157480314957872, -0.3070866141732293553, 0.1299212598425193987 ) ) ;
#3494 = VERTEX_POINT ( 'NONE', #2123 ) ;
#3495 = LINE ( 'NONE', #2916, #2621 ) ;
#3496 = CARTESIAN_POINT ( 'NONE',  ( 0.3716239858910270200, -0.9628919737349204144, 0.3300392020501782264 ) ) ;
#3497 = DIRECTION ( 'NONE',  ( 1.000000000000000000, 0.000000000000000000, 0.000000000000000000 ) ) ;
#3498 = CARTESIAN_POINT ( 'NONE',  ( 0.09925006487485119044, -0.9711088302693817731, -0.2552502096818275446 ) ) ;
#3499 = ORIENTED_EDGE ( 'NONE', *, *, #1479, .F. ) ;
#3500 = ORIENTED_EDGE ( 'NONE', *, *, #2774, .F. ) ;
#3501 = LINE ( 'NONE', #1513, #3330 ) ;
#3502 = LINE ( 'NONE', #2302, #3517 ) ;
#3503 = DIRECTION ( 'NONE',  ( 0.000000000000000000, 0.000000000000000000, 1.000000000000000000 ) ) ;
#3504 =( BOUNDED_CURVE ( )  B_SPLINE_CURVE ( 3, ( #1628, #1354, #2517, #3199 ),
 .UNSPECIFIED., .F., .T. ) 
 B_SPLINE_CURVE_WITH_KNOTS ( ( 4, 4 ),
 ( 1.579522973054872104, 3.141592653589791784 ),
 .UNSPECIFIED. ) 
 CURVE ( )  GEOMETRIC_REPRESENTATION_ITEM ( )  RATIONAL_B_SPLINE_CURVE ( ( 1.000000000000000000, 0.8067902504155247678, 0.8067902504155247678, 1.000000000000000000 ) ) 
 REPRESENTATION_ITEM ( '' )  );
#3505 = CARTESIAN_POINT ( 'NONE',  ( 0.3239745464936220620, -0.9647387113284293658, 0.2557352221954862781 ) ) ;
#3506 = ORIENTED_EDGE ( 'NONE', *, *, #2884, .F. ) ;
#3507 = CARTESIAN_POINT ( 'NONE',  ( 0.3740157480314957872, -0.3070866141732283561, 0.2499959792912975765 ) ) ;
#3508 = CARTESIAN_POINT ( 'NONE',  ( 0.09842519685039410882, -0.1061023622047244791, -0.1931102362204724088 ) ) ;
#3509 = CARTESIAN_POINT ( 'NONE',  ( 0.9842519685039372579, -0.3152404244561633484, -0.2502797945349034547 ) ) ;
#3510 = ORIENTED_EDGE ( 'NONE', *, *, #1694, .T. ) ;
#3511 = EDGE_LOOP ( 'NONE', ( #458, #1153, #1763, #2680 ) ) ;
#3512 = LINE ( 'NONE', #1990, #2260 ) ;
#3513 = AXIS2_PLACEMENT_3D ( 'NONE', #1359, #1127, #2557 ) ;
#3514 = LINE ( 'NONE', #1442, #1583 ) ;
#3515 = AXIS2_PLACEMENT_3D ( 'NONE', #1019, #3289, #1547 ) ;
#3516 = FACE_OUTER_BOUND ( 'NONE', #722, .T. ) ;
#3517 = VECTOR ( 'NONE', #2947, 39.37007874015748143 ) ;
#3518 = VERTEX_POINT ( 'NONE', #396 ) ;
#3519 = ADVANCED_FACE ( 'NONE', ( #503 ), #2227, .T. ) ;
#3520 = ORIENTED_EDGE ( 'NONE', *, *, #1901, .F. ) ;
#3521 = CARTESIAN_POINT ( 'NONE',  ( -7.874015748012051872E-05, -0.2086614173228346636, -0.2007874015748030982 ) ) ;
#3522 = CIRCLE ( 'NONE', #2018, 0.04901574803149563730 ) ;
#3523 = EDGE_CURVE ( 'NONE', #1571, #815, #3090, .T. ) ;
#3524 = CARTESIAN_POINT ( 'NONE',  ( 0.9645669291338584417, -0.3070866141732283561, 0.2421259842519685179 ) ) ;
#3525 = DIRECTION ( 'NONE',  ( 1.224419840343178815E-16, -0.9998476951563912696, -0.01745240643727998323 ) ) ;
#3526 = VECTOR ( 'NONE', #2647, 39.37007874015748143 ) ;
#3527 = DIRECTION ( 'NONE',  ( 0.8191109929416036106, 0.5735476918881527997, -0.01001131220133501774 ) ) ;
#3528 = ORIENTED_EDGE ( 'NONE', *, *, #3366, .T. ) ;
#3529 = CARTESIAN_POINT ( 'NONE',  ( 0.3604132495322604490, -0.9468826021952991834, 0.2555793942918241357 ) ) ;
#3530 =( BOUNDED_CURVE ( )  B_SPLINE_CURVE ( 3, ( #1949, #548, #1970, #248 ),
 .UNSPECIFIED., .F., .T. ) 
 B_SPLINE_CURVE_WITH_KNOTS ( ( 4, 4 ),
 ( 0.000000000000000000, 1.570796326794897446 ),
 .UNSPECIFIED. ) 
 CURVE ( )  GEOMETRIC_REPRESENTATION_ITEM ( )  RATIONAL_B_SPLINE_CURVE ( ( 1.000000000000000000, 0.8047378541243648264, 0.8047378541243648264, 1.000000000000000000 ) ) 
 REPRESENTATION_ITEM ( '' )  );
#3531 = LINE ( 'NONE', #2172, #2088 ) ;
#3532 = ORIENTED_EDGE ( 'NONE', *, *, #2863, .F. ) ;
#3533 = DIRECTION ( 'NONE',  ( -1.224606353822379970E-16, 1.000000000000000000, 0.000000000000000000 ) ) ;
#3534 = DIRECTION ( 'NONE',  ( 0.000000000000000000, -0.000000000000000000, -1.000000000000000000 ) ) ;
#3535 = LINE ( 'NONE', #1336, #1473 ) ;
#3536 = VERTEX_POINT ( 'NONE', #199 ) ;
#3537 = ORIENTED_EDGE ( 'NONE', *, *, #3265, .F. ) ;
#3538 = FACE_OUTER_BOUND ( 'NONE', #2872, .T. ) ;
#3539 = EDGE_CURVE ( 'NONE', #1210, #3387, #3346, .T. ) ;
#3540 = CARTESIAN_POINT ( 'NONE',  ( 0.9842519685039370358, -0.08232250701203086551, 0.2592337937431168360 ) ) ;
#3541 = PRODUCT_CONTEXT ( 'NONE', #1959, 'mechanical' ) ;
#3542 = EDGE_CURVE ( 'NONE', #258, #2532, #3357, .T. ) ;
#3543 = DIRECTION ( 'NONE',  ( -0.01745174210552359606, -0.9998096356151559005, 0.008725206505943418345 ) ) ;
#3544 = ORIENTED_EDGE ( 'NONE', *, *, #3446, .F. ) ;
#3545 = CARTESIAN_POINT ( 'NONE',  ( 0.7874015748031496509, -0.3070866141732283561, 0.1692913385826737560 ) ) ;
#3546 = ADVANCED_FACE ( 'NONE', ( #1124 ), #2231, .T. ) ;
#3547 = FACE_OUTER_BOUND ( 'NONE', #2368, .T. ) ;
#3548 = FACE_OUTER_BOUND ( 'NONE', #155, .T. ) ;
#3549 = ORIENTED_EDGE ( 'NONE', *, *, #2659, .F. ) ;
#3550 = CARTESIAN_POINT ( 'NONE',  ( 0.9560145324505165965, -0.5494895394208908490, -0.2716805541123915035 ) ) ;
#3551 = CARTESIAN_POINT ( 'NONE',  ( 0.9328740157480315265, -0.09842519685039376187, -0.1931102362204724088 ) ) ;
#3552 = DIRECTION ( 'NONE',  ( 0.000000000000000000, -0.000000000000000000, -1.000000000000000000 ) ) ;
#3553 = VECTOR ( 'NONE', #3735, 39.37007874015748143 ) ;
#3554 = CYLINDRICAL_SURFACE ( 'NONE', #2200, 0.07874015748031457096 ) ;
#3555 = VERTEX_POINT ( 'NONE', #3111 ) ;
#3556 = PRESENTATION_STYLE_ASSIGNMENT (( #2486 ) ) ;
#3557 = CYLINDRICAL_SURFACE ( 'NONE', #504, 0.01968503937007874682 ) ;
#3558 = APPLICATION_PROTOCOL_DEFINITION ( 'draft international standard', 'automotive_design', 1998, #2036 ) ;
#3559 = DIRECTION ( 'NONE',  ( 0.01745240643728699498, 0.9998476951563911586, -0.000000000000000000 ) ) ;
#3560 = ORIENTED_EDGE ( 'NONE', *, *, #165, .F. ) ;
#3561 = CARTESIAN_POINT ( 'NONE',  ( 0.9492884754016882587, -0.5584260659169397734, 0.2521893854572565541 ) ) ;
#3562 = EDGE_CURVE ( 'NONE', #2532, #3417, #2287, .T. ) ;
#3563 = DIRECTION ( 'NONE',  ( 1.000000000000000000, 0.000000000000000000, 0.000000000000000000 ) ) ;
#3564 = DIRECTION ( 'NONE',  ( 0.000000000000000000, 0.000000000000000000, -1.000000000000000000 ) ) ;
#3565 = ORIENTED_EDGE ( 'NONE', *, *, #2307, .F. ) ;
#3566 = LINE ( 'NONE', #2696, #2563 ) ;
#3567 = CARTESIAN_POINT ( 'NONE',  ( 0.3038787375031080096, -0.9842519685039370358, 0.3297533579769158507 ) ) ;
#3568 = DIRECTION ( 'NONE',  ( 1.000000000000000000, -0.000000000000000000, 0.000000000000000000 ) ) ;
#3569 = AXIS2_PLACEMENT_3D ( 'NONE', #3521, #1748, #2908 ) ;
#3570 = VECTOR ( 'NONE', #1133, 39.37007874015748143 ) ;
#3571 = ORIENTED_EDGE ( 'NONE', *, *, #726, .T. ) ;
#3572 = DIRECTION ( 'NONE',  ( 0.000000000000000000, -0.000000000000000000, -1.000000000000000000 ) ) ;
#3573 = AXIS2_PLACEMENT_3D ( 'NONE', #1983, #3133, #1698 ) ;
#3574 = DIRECTION ( 'NONE',  ( 1.980938354118710248E-47, -8.279402114111096895E-79, -1.000000000000000000 ) ) ;
#3575 = CARTESIAN_POINT ( 'NONE',  ( 0.1155701697103813791, -0.002017131194936023185, -0.1289430436484994835 ) ) ;
#3576 = ORIENTED_EDGE ( 'NONE', *, *, #730, .F. ) ;
#3577 = VECTOR ( 'NONE', #158, 39.37007874015748143 ) ;
#3578 = CARTESIAN_POINT ( 'NONE',  ( 0.9842519685039369248, -0.4913447951599294594, -0.3379530321127308667 ) ) ;
#3579 = AXIS2_PLACEMENT_3D ( 'NONE', #1665, #2791, #2566 ) ;
#3580 = ORIENTED_EDGE ( 'NONE', *, *, #2101, .F. ) ;
#3581 = CYLINDRICAL_SURFACE ( 'NONE', #1346, 0.01968503937007875723 ) ;
#3582 = AXIS2_PLACEMENT_3D ( 'NONE', #1920, #813, #526 ) ;
#3583 = CARTESIAN_POINT ( 'NONE',  ( 0.9645669291338585527, -0.3070866141732283561, -0.2421259842519685179 ) ) ;
#3584 = VERTEX_POINT ( 'NONE', #1085 ) ;
#3585 = TOROIDAL_SURFACE ( 'NONE', #753, 0.1391836074263033129, 0.007677165354330725035 ) ;
#3586 = DIRECTION ( 'NONE',  ( 1.000000000000000000, 1.224606353822380216E-16, 1.068697774553504911E-18 ) ) ;
#3587 = EDGE_CURVE ( 'NONE', #1330, #283, #481, .T. ) ;
#3588 = DIRECTION ( 'NONE',  ( -1.000000000000000000, -0.000000000000000000, 0.000000000000000000 ) ) ;
#3589 = CARTESIAN_POINT ( 'NONE',  ( 0.3279581377011401289, -0.9842519685035553412, -0.2559055118111365767 ) ) ;
#3590 = EDGE_CURVE ( 'NONE', #31, #2532, #806, .T. ) ;
#3591 = ORIENTED_EDGE ( 'NONE', *, *, #2902, .T. ) ;
#3592 = CARTESIAN_POINT ( 'NONE',  ( 0.3149606299212598381, -0.3070866141732275789, -9.178599481512854357E-16 ) ) ;
#3593 = DIRECTION ( 'NONE',  ( -1.000000000000000000, 0.000000000000000000, 0.000000000000000000 ) ) ;
#3594 = CARTESIAN_POINT ( 'NONE',  ( 0.1282121833600355088, -0.4055118110236220486, 0.2508549229714903683 ) ) ;
#3595 = ORIENTED_EDGE ( 'NONE', *, *, #3310, .F. ) ;
#3596 = CARTESIAN_POINT ( 'NONE',  ( 0.9607170576806242090, -0.5040927537733337349, 0.2517152258255554997 ) ) ;
#3597 = ORIENTED_EDGE ( 'NONE', *, *, #1422, .T. ) ;
#3598 = CARTESIAN_POINT ( 'NONE',  ( 0.6496062992125984925, -0.09448818897637792369, -0.2362204724409449064 ) ) ;
#3599 = FACE_OUTER_BOUND ( 'NONE', #885, .T. ) ;
#3600 = EDGE_CURVE ( 'NONE', #647, #468, #825, .T. ) ;
#3601 = ORIENTED_EDGE ( 'NONE', *, *, #165, .T. ) ;
#3602 = CARTESIAN_POINT ( 'NONE',  ( 0.8070866141732283561, -0.3070866141732283561, 0.1299212598425196763 ) ) ;
#3603 = ORIENTED_EDGE ( 'NONE', *, *, #450, .T. ) ;
#3604 = LINE ( 'NONE', #1681, #1410 ) ;
#3605 = CARTESIAN_POINT ( 'NONE',  ( 9.702039675894640677E-17, -0.7913385826771656140, -0.02362579497399607334 ) ) ;
#3606 = ORIENTED_EDGE ( 'NONE', *, *, #2071, .F. ) ;
#3607 = DIRECTION ( 'NONE',  ( 1.000000000000000000, 0.000000000000000000, 0.000000000000000000 ) ) ;
#3608 = CARTESIAN_POINT ( 'NONE',  ( 0.3436555415837101446, -0.9586164756239908824, 0.2556817942539097444 ) ) ;
#3609 = LINE ( 'NONE', #1860, #3696 ) ;
#3610 = VERTEX_POINT ( 'NONE', #3146 ) ;
#3611 = CARTESIAN_POINT ( 'NONE',  ( 0.9645669291338585527, -0.3070866141732283561, 0.2421259842519685179 ) ) ;
#3612 = PLANE ( 'NONE',  #324 ) ;
#3613 = LINE ( 'NONE', #1899, #2021 ) ;
#3614 = EDGE_LOOP ( 'NONE', ( #1066, #348, #2247, #2890, #87, #3280, #3283 ) ) ;
#3615 = CARTESIAN_POINT ( 'NONE',  ( 0.9338869806713820942, -0.5691911863333469768, -0.2718283990901813052 ) ) ;
#3616 = CARTESIAN_POINT ( 'NONE',  ( 0.9251968503937008093, -0.2086614173228346636, -0.2007874015748030982 ) ) ;
#3617 =( BOUNDED_CURVE ( )  B_SPLINE_CURVE ( 3, ( #2420, #955, #972, #1289 ),
 .UNSPECIFIED., .F., .T. ) 
 B_SPLINE_CURVE_WITH_KNOTS ( ( 4, 4 ),
 ( 3.141592653589793116, 4.712388980384689674 ),
 .UNSPECIFIED. ) 
 CURVE ( )  GEOMETRIC_REPRESENTATION_ITEM ( )  RATIONAL_B_SPLINE_CURVE ( ( 1.000000000000000000, 0.8047378541243649375, 0.8047378541243649375, 1.000000000000000000 ) ) 
 REPRESENTATION_ITEM ( '' )  );
#3618 = VERTEX_POINT ( 'NONE', #2554 ) ;
#3619 = CARTESIAN_POINT ( 'NONE',  ( 1.205321214392102562E-16, -0.9645669291338583307, -0.2754195120195862545 ) ) ;
#3620 = DIRECTION ( 'NONE',  ( 0.000000000000000000, 2.602085213965191078E-14, 1.000000000000000000 ) ) ;
#3621 = VERTEX_POINT ( 'NONE', #3693 ) ;
#3622 = FACE_OUTER_BOUND ( 'NONE', #50, .T. ) ;
#3623 = CARTESIAN_POINT ( 'NONE',  ( 0.9566929133858271816, -0.4729219167128396184, 0.3657608652692979634 ) ) ;
#3624 = EDGE_CURVE ( 'NONE', #476, #3314, #1416, .T. ) ;
#3625 = VECTOR ( 'NONE', #1156, 39.37007874015748143 ) ;
#3626 = ADVANCED_FACE ( 'NONE', ( #1691 ), #2573, .F. ) ;
#3627 = VERTEX_POINT ( 'NONE', #1052 ) ;
#3628 = ORIENTED_EDGE ( 'NONE', *, *, #1573, .T. ) ;
#3629 = CARTESIAN_POINT ( 'NONE',  ( 0.1184508415056024222, -0.9647387113287082538, 0.2557352221954887206 ) ) ;
#3630 = VECTOR ( 'NONE', #2635, 39.37007874015748143 ) ;
#3631 = AXIS2_PLACEMENT_3D ( 'NONE', #2957, #305, #3481 ) ;
#3632 = ADVANCED_FACE ( 'NONE', ( #1412 ), #841, .F. ) ;
#3633 = ORIENTED_EDGE ( 'NONE', *, *, #2997, .F. ) ;
#3634 = DIRECTION ( 'NONE',  ( 0.000000000000000000, 0.000000000000000000, 1.000000000000000000 ) ) ;
#3635 = CARTESIAN_POINT ( 'NONE',  ( 0.8622047244094488416, -0.3070866141732283561, 0.05118110236220473064 ) ) ;
#3636 = AXIS2_PLACEMENT_3D ( 'NONE', #3733, #613, #3471 ) ;
#3637 = CARTESIAN_POINT ( 'NONE',  ( 0.3718467835766294805, -0.9627359691159658173, 0.3300419251209311677 ) ) ;
#3638 = VECTOR ( 'NONE', #528, 39.37007874015748854 ) ;
#3639 = VERTEX_POINT ( 'NONE', #1499 ) ;
#3640 = CARTESIAN_POINT ( 'NONE',  ( 0.3603331111597071201, -0.9467669334930108871, 0.2752641738109528058 ) ) ;
#3641 = CARTESIAN_POINT ( 'NONE',  ( 0.7874015748031496509, -0.3070866141732283561, 0.05118110236220473064 ) ) ;
#3643 = ORIENTED_EDGE ( 'NONE', *, *, #3434, .F. ) ;
#3642 = AXIS2_PLACEMENT_3D ( 'NONE', #1179, #2344, #941 ) ;
#3644 = DIRECTION ( 'NONE',  ( 0.000000000000000000, -1.000000000000000000, 3.097720492815729138E-16 ) ) ;
#3645 = CARTESIAN_POINT ( 'NONE',  ( 0.09842519685039410882, -0.09842519685039370636, 0.2007874015748031260 ) ) ;
#3646 =( BOUNDED_CURVE ( )  B_SPLINE_CURVE ( 3, ( #499, #3376, #2874, #2572 ),
 .UNSPECIFIED., .F., .T. ) 
 B_SPLINE_CURVE_WITH_KNOTS ( ( 4, 4 ),
 ( 0.6108652381980159696, 1.570796326794897224 ),
 .UNSPECIFIED. ) 
 CURVE ( )  GEOMETRIC_REPRESENTATION_ITEM ( )  RATIONAL_B_SPLINE_CURVE ( ( 1.000000000000000000, 0.9246738887854810685, 0.9246738887854810685, 1.000000000000000000 ) ) 
 REPRESENTATION_ITEM ( '' )  );
#3647 = DIRECTION ( 'NONE',  ( 0.000000000000000000, 1.000000000000000000, -3.097720492815727166E-16 ) ) ;
#3648 = DIRECTION ( 'NONE',  ( -0.0001511139286737096571, -0.008723906072075659698, 0.9999619345892254429 ) ) ;
#3649 = LINE ( 'NONE', #3389, #1772 ) ;
#3650 = ORIENTED_EDGE ( 'NONE', *, *, #3590, .F. ) ;
#3651 = EDGE_LOOP ( 'NONE', ( #3035, #2129 ) ) ;
#3652 = CARTESIAN_POINT ( 'NONE',  ( 0.9619534950954428121, -0.5440308468092857064, -0.3645196542775071546 ) ) ;
#3653 = VECTOR ( 'NONE', #2213, 39.37007874015748143 ) ;
#3654 = EDGE_CURVE ( 'NONE', #2826, #2823, #1198, .T. ) ;
#3655 = ADVANCED_FACE ( 'NONE', ( #2362 ), #2017, .T. ) ;
#3656 = DIRECTION ( 'NONE',  ( 0.000000000000000000, -0.000000000000000000, -1.000000000000000000 ) ) ;
#3657 = CARTESIAN_POINT ( 'NONE',  ( 0.9493721076768149025, -0.5583483836740078532, -0.2717495460024397791 ) ) ;
#3658 = CARTESIAN_POINT ( 'NONE',  ( 0.1119631802789730207, -0.2086614173228346636, 0.2421259842519685179 ) ) ;
#3659 = ORIENTED_EDGE ( 'NONE', *, *, #1004, .T. ) ;
#3660 = ADVANCED_FACE ( 'NONE', ( #2039 ), #1160, .F. ) ;
#3661 = FACE_OUTER_BOUND ( 'NONE', #1054, .T. ) ;
#3662 = DIRECTION ( 'NONE',  ( 0.000000000000000000, 0.000000000000000000, 1.000000000000000000 ) ) ;
#3663 = ORIENTED_EDGE ( 'NONE', *, *, #3539, .F. ) ;
#3664 = DIRECTION ( 'NONE',  ( 0.000000000000000000, 1.000000000000000000, -3.097720492815727166E-16 ) ) ;
#3665 = CARTESIAN_POINT ( 'NONE',  ( 0.09839222304777331396, -0.9861410363908368337, -0.2362392066389618628 ) ) ;
#3666 = LINE ( 'NONE', #211, #3279 ) ;
#3667 = CARTESIAN_POINT ( 'NONE',  ( 1.205321214392102562E-16, -0.9842519685039370358, -0.2559055118110236671 ) ) ;
#3668 = CARTESIAN_POINT ( 'NONE',  ( 0.6496062992125984925, -0.09448818897637792369, 0.2775590551181097987 ) ) ;
#3669 = ORIENTED_EDGE ( 'NONE', *, *, #1813, .F. ) ;
#3670 = ORIENTED_EDGE ( 'NONE', *, *, #1115, .T. ) ;
#3671 = DIRECTION ( 'NONE',  ( -1.224606353822381203E-16, 1.000000000000000000, 0.000000000000000000 ) ) ;
#3672 = DIRECTION ( 'NONE',  ( -1.000000000000000000, 0.000000000000000000, -0.000000000000000000 ) ) ;
#3673 = CARTESIAN_POINT ( 'NONE',  ( 0.9842244930890668986, -0.4915034275472165426, -0.2516053604400335098 ) ) ;
#3674 = DIRECTION ( 'NONE',  ( 0.000000000000000000, 0.000000000000000000, -1.000000000000000000 ) ) ;
#3675 = EDGE_CURVE ( 'NONE', #510, #2833, #1655, .T. ) ;
#3676 = ORIENTED_EDGE ( 'NONE', *, *, #1187, .F. ) ;
#3677 = LINE ( 'NONE', #464, #2317 ) ;
#3678 = CARTESIAN_POINT ( 'NONE',  ( 0.9566929133858268486, -1.593092613974996507E-17, -0.3740157480314960647 ) ) ;
#3679 = EDGE_CURVE ( 'NONE', #73, #3031, #2668, .T. ) ;
#3680 = ORIENTED_EDGE ( 'NONE', *, *, #3155, .F. ) ;
#3681 = FACE_OUTER_BOUND ( 'NONE', #822, .T. ) ;
#3682 = FACE_OUTER_BOUND ( 'NONE', #1538, .T. ) ;
#3683 = ADVANCED_FACE ( 'NONE', ( #3487 ), #296, .T. ) ;
#3684 = PRODUCT_RELATED_PRODUCT_CATEGORY ( 'part', '', ( #138 ) ) ;
#3685 = DIRECTION ( 'NONE',  ( 0.000000000000000000, 1.000000000000000000, -7.687184222510579734E-13 ) ) ;
#3686 = CARTESIAN_POINT ( 'NONE',  ( 0.1186333256924154422, -0.9649148166752582467, -0.2557366435523837911 ) ) ;
#3687 = LINE ( 'NONE', #515, #3102 ) ;
#3688 = ORIENTED_EDGE ( 'NONE', *, *, #839, .T. ) ;
#3689 = VERTEX_POINT ( 'NONE', #597 ) ;
#3690 = CARTESIAN_POINT ( 'NONE',  ( 0.4527559055118110520, -0.3070866141732351839, 0.1692913385826771699 ) ) ;
#3691 = VECTOR ( 'NONE', #611, 39.37007874015748854 ) ;
#3692 = CYLINDRICAL_SURFACE ( 'NONE', #687, 0.1181102362204724532 ) ;
#3693 = CARTESIAN_POINT ( 'NONE',  ( 0.9328740157480315265, -0.09842519685039370636, 0.1931102362204724088 ) ) ;
#3694 = FACE_BOUND ( 'NONE', #1833, .T. ) ;
#3695 = ORIENTED_EDGE ( 'NONE', *, *, #1316, .T. ) ;
#3696 = VECTOR ( 'NONE', #1537, 39.37007874015748143 ) ;
#3697 = CIRCLE ( 'NONE', #2564, 0.1391836074263032852 ) ;
#3698 = CARTESIAN_POINT ( 'NONE',  ( 0.3716239858910250216, -0.9628919737349204144, 0.3740157480314960647 ) ) ;
#3699 = CIRCLE ( 'NONE', #1713, 0.02755905511811022543 ) ;
#3700 = CARTESIAN_POINT ( 'NONE',  ( 0.1138873606647611836, -0.09842519685039370636, 0.1976074155644585439 ) ) ;
#3701 = ORIENTED_EDGE ( 'NONE', *, *, #1550, .T. ) ;
#3702 = DIRECTION ( 'NONE',  ( -1.000000000000000000, 0.000000000000000000, 0.000000000000000000 ) ) ;
#3703 = TOROIDAL_SURFACE ( 'NONE', #27, 0.1391836074263032852, 0.007677165354330725035 ) ;
#3704 = DIRECTION ( 'NONE',  ( -1.224606353822380216E-16, 1.000000000000000000, 0.000000000000000000 ) ) ;
#3705 = EDGE_CURVE ( 'NONE', #2241, #3142, #2629, .T. ) ;
#3706 = EDGE_CURVE ( 'NONE', #3235, #2896, #1844, .T. ) ;
#3707 = EDGE_CURVE ( 'NONE', #1293, #774, #351, .T. ) ;
#3708 = AXIS2_PLACEMENT_3D ( 'NONE', #1295, #445, #1599 ) ;
#3709 = CARTESIAN_POINT ( 'NONE',  ( 0.7952755905511811330, -0.3562992125984634217, 0.1299212598424807075 ) ) ;
#3710 = CARTESIAN_POINT ( 'NONE',  ( 0.9645669291338583307, -0.4724409448818898127, -0.2711247936186221841 ) ) ;
#3711 = EDGE_CURVE ( 'NONE', #3319, #1210, #2395, .T. ) ;
#3712 = CARTESIAN_POINT ( 'NONE',  ( 0.09330529252616062696, -0.9794835221829487626, -0.2611949820305153880 ) ) ;
#3713 = ORIENTED_EDGE ( 'NONE', *, *, #681, .T. ) ;
#3714 = VERTEX_POINT ( 'NONE', #313 ) ;
#3715 = DIRECTION ( 'NONE',  ( -1.000000000000000000, -1.224606353822379970E-16, 9.690063775732477225E-30 ) ) ;
#3716 = CARTESIAN_POINT ( 'NONE',  ( 0.9338869806713837596, -0.5691911863333467547, 0.3369112748565616378 ) ) ;
#3717 = CARTESIAN_POINT ( 'NONE',  ( 0.9607170576806300932, -0.5040927537733386199, -0.2517152258255551112 ) ) ;
#3718 = FACE_OUTER_BOUND ( 'NONE', #478, .T. ) ;
#3719 = EDGE_LOOP ( 'NONE', ( #2525, #1863, #1687, #965 ) ) ;
#3720 = EDGE_CURVE ( 'NONE', #117, #3518, #1214, .T. ) ;
#3721 = CARTESIAN_POINT ( 'NONE',  ( 0.6496062992125984925, -0.007677165354330725035, 0.2852362204724405159 ) ) ;
#3722 = DIRECTION ( 'NONE',  ( 1.000000000000000000, 0.000000000000000000, 0.000000000000000000 ) ) ;
#3723 = ADVANCED_FACE ( 'NONE', ( #1463 ), #35, .T. ) ;
#3724 = EDGE_LOOP ( 'NONE', ( #1973, #1650, #2175, #3041 ) ) ;
#3725 = CARTESIAN_POINT ( 'NONE',  ( 0.9734614079975094647, -0.006021465026974357794, -0.3685966480440181492 ) ) ;
#3726 = ADVANCED_FACE ( 'NONE', ( #2099 ), #614, .T. ) ;
#3727 = CARTESIAN_POINT ( 'NONE',  ( 0.08162933670385670581, -0.9842519685039370358, -0.2703223636860582757 ) ) ;
#3728 = LINE ( 'NONE', #1742, #3570 ) ;
#3729 = CARTESIAN_POINT ( 'NONE',  ( 0.09878603736101693178, -0.9645689423800276607, -0.2557142371956653837 ) ) ;
#3730 = ORIENTED_EDGE ( 'NONE', *, *, #2258, .F. ) ;
#3731 = ORIENTED_EDGE ( 'NONE', *, *, #2538, .T. ) ;
#3732 = CARTESIAN_POINT ( 'NONE',  ( 0.1096963862972699377, -0.9769496970867657115, -0.2601104097132254656 ) ) ;
#3733 = CARTESIAN_POINT ( 'NONE',  ( 0.6496062992125984925, -0.007677165354330725035, -0.2362204724409449064 ) ) ;
#3734 = DIRECTION ( 'NONE',  ( 0.000000000000000000, 2.988928549108039807E-15, -1.000000000000000000 ) ) ;
#3735 = DIRECTION ( 'NONE',  ( -1.000000000000000000, 0.000000000000000000, -0.000000000000000000 ) ) ;
#3736 = ORIENTED_EDGE ( 'NONE', *, *, #482, .T. ) ;
#3737 = CARTESIAN_POINT ( 'NONE',  ( 0.8622047244094488416, -0.3070866141732283561, -0.05118110236220525799 ) ) ;
#3738 = CARTESIAN_POINT ( 'NONE',  ( 0.3464566929133858775, -0.007543180344280737623, -0.1315076113414412051 ) ) ;
#3739 = ORIENTED_EDGE ( 'NONE', *, *, #1530, .F. ) ;
ENDSEC;
END-ISO-10303-21;
